dev-0	development	0	0	1	0	0	original	normal
dev-1	development	0	0	1	0	0	two	normal
dev-2	development	0	0	1	0	0	three	normal
dev-3	development	0	0	1	0	1	original	normal
dev-4	development	0	0	1	0	1	two	normal
dev-5	development	0	0	1	0	1	three	normal
dev-6	development	0	0	1	0	4	original	normal
dev-7	development	0	0	1	0	4	two	normal
dev-8	development	0	0	1	0	4	three	normal
dev-9	development	0	0	1	1	0	original	normal
dev-10	development	0	0	1	1	0	two	normal
dev-11	development	0	0	1	1	0	three	normal
dev-12	development	0	0	1	1	1	original	normal
dev-13	development	0	0	1	1	1	two	normal
dev-14	development	0	0	1	1	1	three	normal
dev-15	development	0	0	1	1	2	original	normal
dev-16	development	0	0	1	1	2	two	normal
dev-17	development	0	0	1	1	2	three	normal
dev-18	development	0	0	1	1	5	original	normal
dev-19	development	0	0	1	1	5	two	normal
dev-20	development	0	0	1	1	5	three	normal
dev-21	development	0	0	1	2	0	original	normal
dev-22	development	0	0	1	2	0	two	normal
dev-23	development	0	0	1	2	0	three	normal
dev-24	development	0	0	1	2	2	original	normal
dev-25	development	0	0	1	2	2	two	normal
dev-26	development	0	0	1	2	2	three	normal
dev-27	development	0	0	1	2	3	original	normal
dev-28	development	0	0	1	2	3	two	normal
dev-29	development	0	0	1	2	3	three	normal
dev-30	development	0	0	1	2	6	original	normal
dev-31	development	0	0	1	2	6	two	normal
dev-32	development	0	0	1	2	6	three	normal
dev-33	development	0	0	8	0	0	original	normal
dev-34	development	0	0	8	0	0	two	normal
dev-35	development	0	0	8	0	0	three	normal
dev-36	development	0	0	8	0	1	original	normal
dev-37	development	0	0	8	0	1	two	normal
dev-38	development	0	0	8	0	1	three	normal
dev-39	development	0	0	8	0	4	original	normal
dev-40	development	0	0	8	0	4	two	normal
dev-41	development	0	0	8	0	4	three	normal
dev-42	development	0	0	8	1	0	original	normal
dev-43	development	0	0	8	1	0	two	normal
dev-44	development	0	0	8	1	0	three	normal
dev-45	development	0	0	8	1	1	original	normal
dev-46	development	0	0	8	1	1	two	normal
dev-47	development	0	0	8	1	1	three	normal
dev-48	development	0	0	8	1	2	original	normal
dev-49	development	0	0	8	1	2	two	normal
dev-50	development	0	0	8	1	2	three	normal
dev-51	development	0	0	8	1	5	original	normal
dev-52	development	0	0	8	1	5	two	normal
dev-53	development	0	0	8	1	5	three	normal
dev-54	development	0	0	8	2	0	original	normal
dev-55	development	0	0	8	2	0	two	normal
dev-56	development	0	0	8	2	0	three	normal
dev-57	development	0	0	8	2	2	original	normal
dev-58	development	0	0	8	2	2	two	normal
dev-59	development	0	0	8	2	2	three	normal
dev-60	development	0	0	8	2	3	original	normal
dev-61	development	0	0	8	2	3	two	normal
dev-62	development	0	0	8	2	3	three	normal
dev-63	development	0	0	8	2	6	original	normal
dev-64	development	0	0	8	2	6	two	normal
dev-65	development	0	0	8	2	6	three	normal
dev-66	development	0	0	64	0	0	original	normal
dev-67	development	0	0	64	0	0	two	normal
dev-68	development	0	0	64	0	0	three	normal
dev-69	development	0	0	64	0	1	original	normal
dev-70	development	0	0	64	0	1	two	normal
dev-71	development	0	0	64	0	1	three	normal
dev-72	development	0	0	64	0	4	original	normal
dev-73	development	0	0	64	0	4	two	normal
dev-74	development	0	0	64	0	4	three	normal
dev-75	development	0	0	64	1	0	original	normal
dev-76	development	0	0	64	1	0	two	normal
dev-77	development	0	0	64	1	0	three	normal
dev-78	development	0	0	64	1	1	original	normal
dev-79	development	0	0	64	1	1	two	normal
dev-80	development	0	0	64	1	1	three	normal
dev-81	development	0	0	64	1	2	original	normal
dev-82	development	0	0	64	1	2	two	normal
dev-83	development	0	0	64	1	2	three	normal
dev-84	development	0	0	64	1	5	original	normal
dev-85	development	0	0	64	1	5	two	normal
dev-86	development	0	0	64	1	5	three	normal
dev-87	development	0	0	64	2	0	original	normal
dev-88	development	0	0	64	2	0	two	normal
dev-89	development	0	0	64	2	0	three	normal
dev-90	development	0	0	64	2	2	original	normal
dev-91	development	0	0	64	2	2	two	normal
dev-92	development	0	0	64	2	2	three	normal
dev-93	development	0	0	64	2	3	original	normal
dev-94	development	0	0	64	2	3	two	normal
dev-95	development	0	0	64	2	3	three	normal
dev-96	development	0	0	64	2	6	original	normal
dev-97	development	0	0	64	2	6	two	normal
dev-98	development	0	0	64	2	6	three	normal
dev-99	development	0	0	256	0	0	original	normal
dev-100	development	0	0	256	0	0	two	normal
dev-101	development	0	0	256	0	0	three	normal
dev-102	development	0	0	256	0	1	original	normal
dev-103	development	0	0	256	0	1	two	normal
dev-104	development	0	0	256	0	1	three	normal
dev-105	development	0	0	256	0	4	original	normal
dev-106	development	0	0	256	0	4	two	normal
dev-107	development	0	0	256	0	4	three	normal
dev-108	development	0	0	256	1	0	original	normal
dev-109	development	0	0	256	1	0	two	normal
dev-110	development	0	0	256	1	0	three	normal
dev-111	development	0	0	256	1	1	original	normal
dev-112	development	0	0	256	1	1	two	normal
dev-113	development	0	0	256	1	1	three	normal
dev-114	development	0	0	256	1	2	original	normal
dev-115	development	0	0	256	1	2	two	normal
dev-116	development	0	0	256	1	2	three	normal
dev-117	development	0	0	256	1	5	original	normal
dev-118	development	0	0	256	1	5	two	normal
dev-119	development	0	0	256	1	5	three	normal
dev-120	development	0	0	256	2	0	original	normal
dev-121	development	0	0	256	2	0	two	normal
dev-122	development	0	0	256	2	0	three	normal
dev-123	development	0	0	256	2	2	original	normal
dev-124	development	0	0	256	2	2	two	normal
dev-125	development	0	0	256	2	2	three	normal
dev-126	development	0	0	256	2	3	original	normal
dev-127	development	0	0	256	2	3	two	normal
dev-128	development	0	0	256	2	3	three	normal
dev-129	development	0	0	256	2	6	original	normal
dev-130	development	0	0	256	2	6	two	normal
dev-131	development	0	0	256	2	6	three	normal
dev-132	development	0	0	1	0	0	original	noop
dev-133	development	0	0	1	0	0	two	noop
dev-134	development	0	0	1	0	0	three	noop
dev-135	development	0	0	1	0	0	original	equal_identity
dev-136	development	0	0	1	0	0	two	equal_identity
dev-137	development	0	0	1	0	0	three	equal_identity
dev-138	development	0	0	1	0	0	original	missing_required
dev-139	development	0	0	1	0	0	two	missing_required
dev-140	development	0	0	1	0	0	three	missing_required
dev-141	development	0	0	1	0	1	original	removed_between
dev-142	development	0	0	1	0	1	two	removed_between
dev-143	development	0	0	1	0	1	three	removed_between
dev-144	development	0	0	1	1	0	original	noop
dev-145	development	0	0	1	1	0	two	noop
dev-146	development	0	0	1	1	0	three	noop
dev-147	development	0	0	1	1	0	original	equal_identity
dev-148	development	0	0	1	1	0	two	equal_identity
dev-149	development	0	0	1	1	0	three	equal_identity
dev-150	development	0	0	1	1	0	original	missing_required
dev-151	development	0	0	1	1	0	two	missing_required
dev-152	development	0	0	1	1	0	three	missing_required
dev-153	development	0	0	1	1	1	original	removed_between
dev-154	development	0	0	1	1	1	two	removed_between
dev-155	development	0	0	1	1	1	three	removed_between
dev-156	development	0	0	1	2	0	original	noop
dev-157	development	0	0	1	2	0	two	noop
dev-158	development	0	0	1	2	0	three	noop
dev-159	development	0	0	1	2	0	original	equal_identity
dev-160	development	0	0	1	2	0	two	equal_identity
dev-161	development	0	0	1	2	0	three	equal_identity
dev-162	development	0	0	1	2	0	original	missing_required
dev-163	development	0	0	1	2	0	two	missing_required
dev-164	development	0	0	1	2	0	three	missing_required
dev-165	development	0	0	1	2	1	original	removed_between
dev-166	development	0	0	1	2	1	two	removed_between
dev-167	development	0	0	1	2	1	three	removed_between
dev-168	development	0	0	8	0	0	original	noop
dev-169	development	0	0	8	0	0	two	noop
dev-170	development	0	0	8	0	0	three	noop
dev-171	development	0	0	8	0	0	original	equal_identity
dev-172	development	0	0	8	0	0	two	equal_identity
dev-173	development	0	0	8	0	0	three	equal_identity
dev-174	development	0	0	8	0	0	original	missing_required
dev-175	development	0	0	8	0	0	two	missing_required
dev-176	development	0	0	8	0	0	three	missing_required
dev-177	development	0	0	8	0	1	original	removed_between
dev-178	development	0	0	8	0	1	two	removed_between
dev-179	development	0	0	8	0	1	three	removed_between
dev-180	development	0	0	8	1	0	original	noop
dev-181	development	0	0	8	1	0	two	noop
dev-182	development	0	0	8	1	0	three	noop
dev-183	development	0	0	8	1	0	original	equal_identity
dev-184	development	0	0	8	1	0	two	equal_identity
dev-185	development	0	0	8	1	0	three	equal_identity
dev-186	development	0	0	8	1	0	original	missing_required
dev-187	development	0	0	8	1	0	two	missing_required
dev-188	development	0	0	8	1	0	three	missing_required
dev-189	development	0	0	8	1	1	original	removed_between
dev-190	development	0	0	8	1	1	two	removed_between
dev-191	development	0	0	8	1	1	three	removed_between
dev-192	development	0	0	8	2	0	original	noop
dev-193	development	0	0	8	2	0	two	noop
dev-194	development	0	0	8	2	0	three	noop
dev-195	development	0	0	8	2	0	original	equal_identity
dev-196	development	0	0	8	2	0	two	equal_identity
dev-197	development	0	0	8	2	0	three	equal_identity
dev-198	development	0	0	8	2	0	original	missing_required
dev-199	development	0	0	8	2	0	two	missing_required
dev-200	development	0	0	8	2	0	three	missing_required
dev-201	development	0	0	8	2	1	original	removed_between
dev-202	development	0	0	8	2	1	two	removed_between
dev-203	development	0	0	8	2	1	three	removed_between
