p14_warmup_01_0000	warmup	3	1	0	rebase	2
p14_warmup_01_1000	warmup	3	1	1000	rebase	2
p14_warmup_01_0010	warmup	3	1	10	rebase	2
p14_warmup_01_0100	warmup	3	1	100	rebase	2
p14_warmup_02_0000	warmup	3	2	0	rebase	2
p14_warmup_02_1000	warmup	3	2	1000	rebase	2
p14_warmup_02_0100	warmup	3	2	100	rebase	2
p14_warmup_02_0010	warmup	3	2	10	rebase	2
p14_measurement_01_0000	measurement	3	1	0	rebase	2
p14_measurement_01_0100	measurement	3	1	100	rebase	2
p14_measurement_01_1000	measurement	3	1	1000	rebase	2
p14_measurement_01_0010	measurement	3	1	10	rebase	2
p14_measurement_02_1000	measurement	3	2	1000	rebase	2
p14_measurement_02_0000	measurement	3	2	0	rebase	2
p14_measurement_02_0100	measurement	3	2	100	rebase	2
p14_measurement_02_0010	measurement	3	2	10	rebase	2
p14_measurement_03_0100	measurement	3	3	100	rebase	2
p14_measurement_03_0010	measurement	3	3	10	rebase	2
p14_measurement_03_0000	measurement	3	3	0	rebase	2
p14_measurement_03_1000	measurement	3	3	1000	rebase	2
p14_measurement_04_0100	measurement	3	4	100	rebase	2
p14_measurement_04_0010	measurement	3	4	10	rebase	2
p14_measurement_04_0000	measurement	3	4	0	rebase	2
p14_measurement_04_1000	measurement	3	4	1000	rebase	2
p14_measurement_05_0010	measurement	3	5	10	rebase	2
p14_measurement_05_0000	measurement	3	5	0	rebase	2
p14_measurement_05_0100	measurement	3	5	100	rebase	2
p14_measurement_05_1000	measurement	3	5	1000	rebase	2
p14_measurement_06_0000	measurement	3	6	0	rebase	2
p14_measurement_06_1000	measurement	3	6	1000	rebase	2
p14_measurement_06_0100	measurement	3	6	100	rebase	2
p14_measurement_06_0010	measurement	3	6	10	rebase	2
p14_measurement_07_0010	measurement	3	7	10	rebase	2
p14_measurement_07_0000	measurement	3	7	0	rebase	2
p14_measurement_07_0100	measurement	3	7	100	rebase	2
p14_measurement_07_1000	measurement	3	7	1000	rebase	2
p14_measurement_08_0000	measurement	3	8	0	rebase	2
p14_measurement_08_0100	measurement	3	8	100	rebase	2
p14_measurement_08_0010	measurement	3	8	10	rebase	2
p14_measurement_08_1000	measurement	3	8	1000	rebase	2
p14_measurement_09_1000	measurement	3	9	1000	rebase	2
p14_measurement_09_0000	measurement	3	9	0	rebase	2
p14_measurement_09_0100	measurement	3	9	100	rebase	2
p14_measurement_09_0010	measurement	3	9	10	rebase	2
p14_measurement_10_1000	measurement	3	10	1000	rebase	2
p14_measurement_10_0010	measurement	3	10	10	rebase	2
p14_measurement_10_0100	measurement	3	10	100	rebase	2
p14_measurement_10_0000	measurement	3	10	0	rebase	2
