filter-0-0-0	-	0	0	Q:1;Q:1;Q:7;Q:80;Q:9223372036854775807;MATCH:1;Q:3;Q:1;Q:7;Q:80;Q:9223372036854775807;MATCH:3;Q:2;Q:1;Q:7;Q:80;Q:9223372036854775807;MATCH:2
filter-0-0-1	-	0	0	Q:1;Q:1;Q:7;Q:80;Q:9223372036854775807;MATCH:1;Q:3;Q:1;Q:7;Q:80;Q:9223372036854775807;MATCH:3;Q:2;Q:1;Q:7;Q:80;Q:9223372036854775807;MISMATCH:2
filter-0-0-2	-	0	0	Q:1;Q:1;Q:7;Q:80;Q:9223372036854775807;MATCH:1;Q:3;Q:1;Q:7;Q:80;Q:9223372036854775807;MATCH:3;Q:2;Q:1;Q:7;Q:80;Q:9223372036854775807;FRESH:2
filter-0-0-3	-	0	0	Q:1;Q:1;Q:7;Q:80;Q:9223372036854775807;MATCH:1;Q:3;Q:1;Q:7;Q:80;Q:9223372036854775807;MISMATCH:3;Q:2;Q:1;Q:7;Q:80;Q:9223372036854775807;MATCH:2
filter-0-0-4	-	0	0	Q:1;Q:1;Q:7;Q:80;Q:9223372036854775807;MATCH:1;Q:3;Q:1;Q:7;Q:80;Q:9223372036854775807;MISMATCH:3;Q:2;Q:1;Q:7;Q:80;Q:9223372036854775807;MISMATCH:2
filter-0-0-5	-	0	0	Q:1;Q:1;Q:7;Q:80;Q:9223372036854775807;MATCH:1;Q:3;Q:1;Q:7;Q:80;Q:9223372036854775807;MISMATCH:3;Q:2;Q:1;Q:7;Q:80;Q:9223372036854775807;FRESH:2
filter-0-0-6	-	0	0	Q:1;Q:1;Q:7;Q:80;Q:9223372036854775807;MATCH:1;Q:3;Q:1;Q:7;Q:80;Q:9223372036854775807;FRESH:3;Q:2;Q:1;Q:7;Q:80;Q:9223372036854775807;MATCH:2
filter-0-0-7	-	0	0	Q:1;Q:1;Q:7;Q:80;Q:9223372036854775807;MATCH:1;Q:3;Q:1;Q:7;Q:80;Q:9223372036854775807;FRESH:3;Q:2;Q:1;Q:7;Q:80;Q:9223372036854775807;MISMATCH:2
filter-0-0-8	-	0	0	Q:1;Q:1;Q:7;Q:80;Q:9223372036854775807;MATCH:1;Q:3;Q:1;Q:7;Q:80;Q:9223372036854775807;FRESH:3;Q:2;Q:1;Q:7;Q:80;Q:9223372036854775807;FRESH:2
filter-0-0-9	-	0	0	Q:1;Q:1;Q:7;Q:80;Q:9223372036854775807;MISMATCH:1;Q:3;Q:1;Q:7;Q:80;Q:9223372036854775807;MATCH:3;Q:2;Q:1;Q:7;Q:80;Q:9223372036854775807;MATCH:2
filter-0-0-10	-	0	0	Q:1;Q:1;Q:7;Q:80;Q:9223372036854775807;MISMATCH:1;Q:3;Q:1;Q:7;Q:80;Q:9223372036854775807;MATCH:3;Q:2;Q:1;Q:7;Q:80;Q:9223372036854775807;MISMATCH:2
filter-0-0-11	-	0	0	Q:1;Q:1;Q:7;Q:80;Q:9223372036854775807;MISMATCH:1;Q:3;Q:1;Q:7;Q:80;Q:9223372036854775807;MATCH:3;Q:2;Q:1;Q:7;Q:80;Q:9223372036854775807;FRESH:2
filter-0-0-12	-	0	0	Q:1;Q:1;Q:7;Q:80;Q:9223372036854775807;MISMATCH:1;Q:3;Q:1;Q:7;Q:80;Q:9223372036854775807;MISMATCH:3;Q:2;Q:1;Q:7;Q:80;Q:9223372036854775807;MATCH:2
filter-0-0-13	-	0	0	Q:1;Q:1;Q:7;Q:80;Q:9223372036854775807;MISMATCH:1;Q:3;Q:1;Q:7;Q:80;Q:9223372036854775807;MISMATCH:3;Q:2;Q:1;Q:7;Q:80;Q:9223372036854775807;MISMATCH:2
filter-0-0-14	-	0	0	Q:1;Q:1;Q:7;Q:80;Q:9223372036854775807;MISMATCH:1;Q:3;Q:1;Q:7;Q:80;Q:9223372036854775807;MISMATCH:3;Q:2;Q:1;Q:7;Q:80;Q:9223372036854775807;FRESH:2
filter-0-0-15	-	0	0	Q:1;Q:1;Q:7;Q:80;Q:9223372036854775807;MISMATCH:1;Q:3;Q:1;Q:7;Q:80;Q:9223372036854775807;FRESH:3;Q:2;Q:1;Q:7;Q:80;Q:9223372036854775807;MATCH:2
filter-0-0-16	-	0	0	Q:1;Q:1;Q:7;Q:80;Q:9223372036854775807;MISMATCH:1;Q:3;Q:1;Q:7;Q:80;Q:9223372036854775807;FRESH:3;Q:2;Q:1;Q:7;Q:80;Q:9223372036854775807;MISMATCH:2
filter-0-0-17	-	0	0	Q:1;Q:1;Q:7;Q:80;Q:9223372036854775807;MISMATCH:1;Q:3;Q:1;Q:7;Q:80;Q:9223372036854775807;FRESH:3;Q:2;Q:1;Q:7;Q:80;Q:9223372036854775807;FRESH:2
filter-0-0-18	-	0	0	Q:1;Q:1;Q:7;Q:80;Q:9223372036854775807;FRESH:1;Q:3;Q:1;Q:7;Q:80;Q:9223372036854775807;MATCH:3;Q:2;Q:1;Q:7;Q:80;Q:9223372036854775807;MATCH:2
filter-0-0-19	-	0	0	Q:1;Q:1;Q:7;Q:80;Q:9223372036854775807;FRESH:1;Q:3;Q:1;Q:7;Q:80;Q:9223372036854775807;MATCH:3;Q:2;Q:1;Q:7;Q:80;Q:9223372036854775807;MISMATCH:2
filter-0-0-20	-	0	0	Q:1;Q:1;Q:7;Q:80;Q:9223372036854775807;FRESH:1;Q:3;Q:1;Q:7;Q:80;Q:9223372036854775807;MATCH:3;Q:2;Q:1;Q:7;Q:80;Q:9223372036854775807;FRESH:2
filter-0-0-21	-	0	0	Q:1;Q:1;Q:7;Q:80;Q:9223372036854775807;FRESH:1;Q:3;Q:1;Q:7;Q:80;Q:9223372036854775807;MISMATCH:3;Q:2;Q:1;Q:7;Q:80;Q:9223372036854775807;MATCH:2
filter-0-0-22	-	0	0	Q:1;Q:1;Q:7;Q:80;Q:9223372036854775807;FRESH:1;Q:3;Q:1;Q:7;Q:80;Q:9223372036854775807;MISMATCH:3;Q:2;Q:1;Q:7;Q:80;Q:9223372036854775807;MISMATCH:2
filter-0-0-23	-	0	0	Q:1;Q:1;Q:7;Q:80;Q:9223372036854775807;FRESH:1;Q:3;Q:1;Q:7;Q:80;Q:9223372036854775807;MISMATCH:3;Q:2;Q:1;Q:7;Q:80;Q:9223372036854775807;FRESH:2
filter-0-0-24	-	0	0	Q:1;Q:1;Q:7;Q:80;Q:9223372036854775807;FRESH:1;Q:3;Q:1;Q:7;Q:80;Q:9223372036854775807;FRESH:3;Q:2;Q:1;Q:7;Q:80;Q:9223372036854775807;MATCH:2
filter-0-0-25	-	0	0	Q:1;Q:1;Q:7;Q:80;Q:9223372036854775807;FRESH:1;Q:3;Q:1;Q:7;Q:80;Q:9223372036854775807;FRESH:3;Q:2;Q:1;Q:7;Q:80;Q:9223372036854775807;MISMATCH:2
filter-0-0-26	-	0	0	Q:1;Q:1;Q:7;Q:80;Q:9223372036854775807;FRESH:1;Q:3;Q:1;Q:7;Q:80;Q:9223372036854775807;FRESH:3;Q:2;Q:1;Q:7;Q:80;Q:9223372036854775807;FRESH:2
filter-0-1-0	-	0	0	Q:7;Q:1;Q:7;Q:80;Q:9223372036854775807;MATCH:7;Q:1;Q:1;Q:7;Q:80;Q:9223372036854775807;MATCH:1;Q:2;Q:1;Q:7;Q:80;Q:9223372036854775807;MATCH:2
filter-0-1-1	-	0	0	Q:7;Q:1;Q:7;Q:80;Q:9223372036854775807;MATCH:7;Q:1;Q:1;Q:7;Q:80;Q:9223372036854775807;MATCH:1;Q:2;Q:1;Q:7;Q:80;Q:9223372036854775807;MISMATCH:2
filter-0-1-2	-	0	0	Q:7;Q:1;Q:7;Q:80;Q:9223372036854775807;MATCH:7;Q:1;Q:1;Q:7;Q:80;Q:9223372036854775807;MATCH:1;Q:2;Q:1;Q:7;Q:80;Q:9223372036854775807;FRESH:2
filter-0-1-3	-	0	0	Q:7;Q:1;Q:7;Q:80;Q:9223372036854775807;MATCH:7;Q:1;Q:1;Q:7;Q:80;Q:9223372036854775807;MISMATCH:1;Q:2;Q:1;Q:7;Q:80;Q:9223372036854775807;MATCH:2
filter-0-1-4	-	0	0	Q:7;Q:1;Q:7;Q:80;Q:9223372036854775807;MATCH:7;Q:1;Q:1;Q:7;Q:80;Q:9223372036854775807;MISMATCH:1;Q:2;Q:1;Q:7;Q:80;Q:9223372036854775807;MISMATCH:2
filter-0-1-5	-	0	0	Q:7;Q:1;Q:7;Q:80;Q:9223372036854775807;MATCH:7;Q:1;Q:1;Q:7;Q:80;Q:9223372036854775807;MISMATCH:1;Q:2;Q:1;Q:7;Q:80;Q:9223372036854775807;FRESH:2
filter-0-1-6	-	0	0	Q:7;Q:1;Q:7;Q:80;Q:9223372036854775807;MATCH:7;Q:1;Q:1;Q:7;Q:80;Q:9223372036854775807;FRESH:1;Q:2;Q:1;Q:7;Q:80;Q:9223372036854775807;MATCH:2
filter-0-1-7	-	0	0	Q:7;Q:1;Q:7;Q:80;Q:9223372036854775807;MATCH:7;Q:1;Q:1;Q:7;Q:80;Q:9223372036854775807;FRESH:1;Q:2;Q:1;Q:7;Q:80;Q:9223372036854775807;MISMATCH:2
filter-0-1-8	-	0	0	Q:7;Q:1;Q:7;Q:80;Q:9223372036854775807;MATCH:7;Q:1;Q:1;Q:7;Q:80;Q:9223372036854775807;FRESH:1;Q:2;Q:1;Q:7;Q:80;Q:9223372036854775807;FRESH:2
filter-0-1-9	-	0	0	Q:7;Q:1;Q:7;Q:80;Q:9223372036854775807;MISMATCH:7;Q:1;Q:1;Q:7;Q:80;Q:9223372036854775807;MATCH:1;Q:2;Q:1;Q:7;Q:80;Q:9223372036854775807;MATCH:2
filter-0-1-10	-	0	0	Q:7;Q:1;Q:7;Q:80;Q:9223372036854775807;MISMATCH:7;Q:1;Q:1;Q:7;Q:80;Q:9223372036854775807;MATCH:1;Q:2;Q:1;Q:7;Q:80;Q:9223372036854775807;MISMATCH:2
filter-0-1-11	-	0	0	Q:7;Q:1;Q:7;Q:80;Q:9223372036854775807;MISMATCH:7;Q:1;Q:1;Q:7;Q:80;Q:9223372036854775807;MATCH:1;Q:2;Q:1;Q:7;Q:80;Q:9223372036854775807;FRESH:2
filter-0-1-12	-	0	0	Q:7;Q:1;Q:7;Q:80;Q:9223372036854775807;MISMATCH:7;Q:1;Q:1;Q:7;Q:80;Q:9223372036854775807;MISMATCH:1;Q:2;Q:1;Q:7;Q:80;Q:9223372036854775807;MATCH:2
filter-0-1-13	-	0	0	Q:7;Q:1;Q:7;Q:80;Q:9223372036854775807;MISMATCH:7;Q:1;Q:1;Q:7;Q:80;Q:9223372036854775807;MISMATCH:1;Q:2;Q:1;Q:7;Q:80;Q:9223372036854775807;MISMATCH:2
filter-0-1-14	-	0	0	Q:7;Q:1;Q:7;Q:80;Q:9223372036854775807;MISMATCH:7;Q:1;Q:1;Q:7;Q:80;Q:9223372036854775807;MISMATCH:1;Q:2;Q:1;Q:7;Q:80;Q:9223372036854775807;FRESH:2
filter-0-1-15	-	0	0	Q:7;Q:1;Q:7;Q:80;Q:9223372036854775807;MISMATCH:7;Q:1;Q:1;Q:7;Q:80;Q:9223372036854775807;FRESH:1;Q:2;Q:1;Q:7;Q:80;Q:9223372036854775807;MATCH:2
filter-0-1-16	-	0	0	Q:7;Q:1;Q:7;Q:80;Q:9223372036854775807;MISMATCH:7;Q:1;Q:1;Q:7;Q:80;Q:9223372036854775807;FRESH:1;Q:2;Q:1;Q:7;Q:80;Q:9223372036854775807;MISMATCH:2
filter-0-1-17	-	0	0	Q:7;Q:1;Q:7;Q:80;Q:9223372036854775807;MISMATCH:7;Q:1;Q:1;Q:7;Q:80;Q:9223372036854775807;FRESH:1;Q:2;Q:1;Q:7;Q:80;Q:9223372036854775807;FRESH:2
filter-0-1-18	-	0	0	Q:7;Q:1;Q:7;Q:80;Q:9223372036854775807;FRESH:7;Q:1;Q:1;Q:7;Q:80;Q:9223372036854775807;MATCH:1;Q:2;Q:1;Q:7;Q:80;Q:9223372036854775807;MATCH:2
filter-0-1-19	-	0	0	Q:7;Q:1;Q:7;Q:80;Q:9223372036854775807;FRESH:7;Q:1;Q:1;Q:7;Q:80;Q:9223372036854775807;MATCH:1;Q:2;Q:1;Q:7;Q:80;Q:9223372036854775807;MISMATCH:2
filter-0-1-20	-	0	0	Q:7;Q:1;Q:7;Q:80;Q:9223372036854775807;FRESH:7;Q:1;Q:1;Q:7;Q:80;Q:9223372036854775807;MATCH:1;Q:2;Q:1;Q:7;Q:80;Q:9223372036854775807;FRESH:2
filter-0-1-21	-	0	0	Q:7;Q:1;Q:7;Q:80;Q:9223372036854775807;FRESH:7;Q:1;Q:1;Q:7;Q:80;Q:9223372036854775807;MISMATCH:1;Q:2;Q:1;Q:7;Q:80;Q:9223372036854775807;MATCH:2
filter-0-1-22	-	0	0	Q:7;Q:1;Q:7;Q:80;Q:9223372036854775807;FRESH:7;Q:1;Q:1;Q:7;Q:80;Q:9223372036854775807;MISMATCH:1;Q:2;Q:1;Q:7;Q:80;Q:9223372036854775807;MISMATCH:2
filter-0-1-23	-	0	0	Q:7;Q:1;Q:7;Q:80;Q:9223372036854775807;FRESH:7;Q:1;Q:1;Q:7;Q:80;Q:9223372036854775807;MISMATCH:1;Q:2;Q:1;Q:7;Q:80;Q:9223372036854775807;FRESH:2
filter-0-1-24	-	0	0	Q:7;Q:1;Q:7;Q:80;Q:9223372036854775807;FRESH:7;Q:1;Q:1;Q:7;Q:80;Q:9223372036854775807;FRESH:1;Q:2;Q:1;Q:7;Q:80;Q:9223372036854775807;MATCH:2
filter-0-1-25	-	0	0	Q:7;Q:1;Q:7;Q:80;Q:9223372036854775807;FRESH:7;Q:1;Q:1;Q:7;Q:80;Q:9223372036854775807;FRESH:1;Q:2;Q:1;Q:7;Q:80;Q:9223372036854775807;MISMATCH:2
filter-0-1-26	-	0	0	Q:7;Q:1;Q:7;Q:80;Q:9223372036854775807;FRESH:7;Q:1;Q:1;Q:7;Q:80;Q:9223372036854775807;FRESH:1;Q:2;Q:1;Q:7;Q:80;Q:9223372036854775807;FRESH:2
filter-0-2-0	-	0	0	Q:2;Q:1;Q:7;Q:80;Q:9223372036854775807;MATCH:2;Q:2;Q:1;Q:7;Q:80;Q:9223372036854775807;MATCH:2;Q:2;Q:1;Q:7;Q:80;Q:9223372036854775807;MATCH:2
filter-0-2-1	-	0	0	Q:2;Q:1;Q:7;Q:80;Q:9223372036854775807;MATCH:2;Q:2;Q:1;Q:7;Q:80;Q:9223372036854775807;MATCH:2;Q:2;Q:1;Q:7;Q:80;Q:9223372036854775807;MISMATCH:2
filter-0-2-2	-	0	0	Q:2;Q:1;Q:7;Q:80;Q:9223372036854775807;MATCH:2;Q:2;Q:1;Q:7;Q:80;Q:9223372036854775807;MATCH:2;Q:2;Q:1;Q:7;Q:80;Q:9223372036854775807;FRESH:2
filter-0-2-3	-	0	0	Q:2;Q:1;Q:7;Q:80;Q:9223372036854775807;MATCH:2;Q:2;Q:1;Q:7;Q:80;Q:9223372036854775807;MISMATCH:2;Q:2;Q:1;Q:7;Q:80;Q:9223372036854775807;MATCH:2
filter-0-2-4	-	0	0	Q:2;Q:1;Q:7;Q:80;Q:9223372036854775807;MATCH:2;Q:2;Q:1;Q:7;Q:80;Q:9223372036854775807;MISMATCH:2;Q:2;Q:1;Q:7;Q:80;Q:9223372036854775807;MISMATCH:2
filter-0-2-5	-	0	0	Q:2;Q:1;Q:7;Q:80;Q:9223372036854775807;MATCH:2;Q:2;Q:1;Q:7;Q:80;Q:9223372036854775807;MISMATCH:2;Q:2;Q:1;Q:7;Q:80;Q:9223372036854775807;FRESH:2
filter-0-2-6	-	0	0	Q:2;Q:1;Q:7;Q:80;Q:9223372036854775807;MATCH:2;Q:2;Q:1;Q:7;Q:80;Q:9223372036854775807;FRESH:2;Q:2;Q:1;Q:7;Q:80;Q:9223372036854775807;MATCH:2
filter-0-2-7	-	0	0	Q:2;Q:1;Q:7;Q:80;Q:9223372036854775807;MATCH:2;Q:2;Q:1;Q:7;Q:80;Q:9223372036854775807;FRESH:2;Q:2;Q:1;Q:7;Q:80;Q:9223372036854775807;MISMATCH:2
filter-0-2-8	-	0	0	Q:2;Q:1;Q:7;Q:80;Q:9223372036854775807;MATCH:2;Q:2;Q:1;Q:7;Q:80;Q:9223372036854775807;FRESH:2;Q:2;Q:1;Q:7;Q:80;Q:9223372036854775807;FRESH:2
filter-0-2-9	-	0	0	Q:2;Q:1;Q:7;Q:80;Q:9223372036854775807;MISMATCH:2;Q:2;Q:1;Q:7;Q:80;Q:9223372036854775807;MATCH:2;Q:2;Q:1;Q:7;Q:80;Q:9223372036854775807;MATCH:2
filter-0-2-10	-	0	0	Q:2;Q:1;Q:7;Q:80;Q:9223372036854775807;MISMATCH:2;Q:2;Q:1;Q:7;Q:80;Q:9223372036854775807;MATCH:2;Q:2;Q:1;Q:7;Q:80;Q:9223372036854775807;MISMATCH:2
filter-0-2-11	-	0	0	Q:2;Q:1;Q:7;Q:80;Q:9223372036854775807;MISMATCH:2;Q:2;Q:1;Q:7;Q:80;Q:9223372036854775807;MATCH:2;Q:2;Q:1;Q:7;Q:80;Q:9223372036854775807;FRESH:2
filter-0-2-12	-	0	0	Q:2;Q:1;Q:7;Q:80;Q:9223372036854775807;MISMATCH:2;Q:2;Q:1;Q:7;Q:80;Q:9223372036854775807;MISMATCH:2;Q:2;Q:1;Q:7;Q:80;Q:9223372036854775807;MATCH:2
filter-0-2-13	-	0	0	Q:2;Q:1;Q:7;Q:80;Q:9223372036854775807;MISMATCH:2;Q:2;Q:1;Q:7;Q:80;Q:9223372036854775807;MISMATCH:2;Q:2;Q:1;Q:7;Q:80;Q:9223372036854775807;MISMATCH:2
filter-0-2-14	-	0	0	Q:2;Q:1;Q:7;Q:80;Q:9223372036854775807;MISMATCH:2;Q:2;Q:1;Q:7;Q:80;Q:9223372036854775807;MISMATCH:2;Q:2;Q:1;Q:7;Q:80;Q:9223372036854775807;FRESH:2
filter-0-2-15	-	0	0	Q:2;Q:1;Q:7;Q:80;Q:9223372036854775807;MISMATCH:2;Q:2;Q:1;Q:7;Q:80;Q:9223372036854775807;FRESH:2;Q:2;Q:1;Q:7;Q:80;Q:9223372036854775807;MATCH:2
filter-0-2-16	-	0	0	Q:2;Q:1;Q:7;Q:80;Q:9223372036854775807;MISMATCH:2;Q:2;Q:1;Q:7;Q:80;Q:9223372036854775807;FRESH:2;Q:2;Q:1;Q:7;Q:80;Q:9223372036854775807;MISMATCH:2
filter-0-2-17	-	0	0	Q:2;Q:1;Q:7;Q:80;Q:9223372036854775807;MISMATCH:2;Q:2;Q:1;Q:7;Q:80;Q:9223372036854775807;FRESH:2;Q:2;Q:1;Q:7;Q:80;Q:9223372036854775807;FRESH:2
filter-0-2-18	-	0	0	Q:2;Q:1;Q:7;Q:80;Q:9223372036854775807;FRESH:2;Q:2;Q:1;Q:7;Q:80;Q:9223372036854775807;MATCH:2;Q:2;Q:1;Q:7;Q:80;Q:9223372036854775807;MATCH:2
filter-0-2-19	-	0	0	Q:2;Q:1;Q:7;Q:80;Q:9223372036854775807;FRESH:2;Q:2;Q:1;Q:7;Q:80;Q:9223372036854775807;MATCH:2;Q:2;Q:1;Q:7;Q:80;Q:9223372036854775807;MISMATCH:2
filter-0-2-20	-	0	0	Q:2;Q:1;Q:7;Q:80;Q:9223372036854775807;FRESH:2;Q:2;Q:1;Q:7;Q:80;Q:9223372036854775807;MATCH:2;Q:2;Q:1;Q:7;Q:80;Q:9223372036854775807;FRESH:2
filter-0-2-21	-	0	0	Q:2;Q:1;Q:7;Q:80;Q:9223372036854775807;FRESH:2;Q:2;Q:1;Q:7;Q:80;Q:9223372036854775807;MISMATCH:2;Q:2;Q:1;Q:7;Q:80;Q:9223372036854775807;MATCH:2
filter-0-2-22	-	0	0	Q:2;Q:1;Q:7;Q:80;Q:9223372036854775807;FRESH:2;Q:2;Q:1;Q:7;Q:80;Q:9223372036854775807;MISMATCH:2;Q:2;Q:1;Q:7;Q:80;Q:9223372036854775807;MISMATCH:2
filter-0-2-23	-	0	0	Q:2;Q:1;Q:7;Q:80;Q:9223372036854775807;FRESH:2;Q:2;Q:1;Q:7;Q:80;Q:9223372036854775807;MISMATCH:2;Q:2;Q:1;Q:7;Q:80;Q:9223372036854775807;FRESH:2
filter-0-2-24	-	0	0	Q:2;Q:1;Q:7;Q:80;Q:9223372036854775807;FRESH:2;Q:2;Q:1;Q:7;Q:80;Q:9223372036854775807;FRESH:2;Q:2;Q:1;Q:7;Q:80;Q:9223372036854775807;MATCH:2
filter-0-2-25	-	0	0	Q:2;Q:1;Q:7;Q:80;Q:9223372036854775807;FRESH:2;Q:2;Q:1;Q:7;Q:80;Q:9223372036854775807;FRESH:2;Q:2;Q:1;Q:7;Q:80;Q:9223372036854775807;MISMATCH:2
filter-0-2-26	-	0	0	Q:2;Q:1;Q:7;Q:80;Q:9223372036854775807;FRESH:2;Q:2;Q:1;Q:7;Q:80;Q:9223372036854775807;FRESH:2;Q:2;Q:1;Q:7;Q:80;Q:9223372036854775807;FRESH:2
filter-1-0-0	100,1	1	1	Q:1;Q:1;Q:7;Q:80;Q:9223372036854775807;MATCH:1;Q:3;Q:1;Q:7;Q:80;Q:9223372036854775807;MATCH:3;Q:2;Q:1;Q:7;Q:80;Q:9223372036854775807;MATCH:2
filter-1-0-1	100,1	1	1	Q:1;Q:1;Q:7;Q:80;Q:9223372036854775807;MATCH:1;Q:3;Q:1;Q:7;Q:80;Q:9223372036854775807;MATCH:3;Q:2;Q:1;Q:7;Q:80;Q:9223372036854775807;MISMATCH:2
filter-1-0-2	100,1	1	1	Q:1;Q:1;Q:7;Q:80;Q:9223372036854775807;MATCH:1;Q:3;Q:1;Q:7;Q:80;Q:9223372036854775807;MATCH:3;Q:2;Q:1;Q:7;Q:80;Q:9223372036854775807;FRESH:2
filter-1-0-3	100,1	1	1	Q:1;Q:1;Q:7;Q:80;Q:9223372036854775807;MATCH:1;Q:3;Q:1;Q:7;Q:80;Q:9223372036854775807;MISMATCH:3;Q:2;Q:1;Q:7;Q:80;Q:9223372036854775807;MATCH:2
filter-1-0-4	100,1	1	1	Q:1;Q:1;Q:7;Q:80;Q:9223372036854775807;MATCH:1;Q:3;Q:1;Q:7;Q:80;Q:9223372036854775807;MISMATCH:3;Q:2;Q:1;Q:7;Q:80;Q:9223372036854775807;MISMATCH:2
filter-1-0-5	100,1	1	1	Q:1;Q:1;Q:7;Q:80;Q:9223372036854775807;MATCH:1;Q:3;Q:1;Q:7;Q:80;Q:9223372036854775807;MISMATCH:3;Q:2;Q:1;Q:7;Q:80;Q:9223372036854775807;FRESH:2
filter-1-0-6	100,1	1	1	Q:1;Q:1;Q:7;Q:80;Q:9223372036854775807;MATCH:1;Q:3;Q:1;Q:7;Q:80;Q:9223372036854775807;FRESH:3;Q:2;Q:1;Q:7;Q:80;Q:9223372036854775807;MATCH:2
filter-1-0-7	100,1	1	1	Q:1;Q:1;Q:7;Q:80;Q:9223372036854775807;MATCH:1;Q:3;Q:1;Q:7;Q:80;Q:9223372036854775807;FRESH:3;Q:2;Q:1;Q:7;Q:80;Q:9223372036854775807;MISMATCH:2
filter-1-0-8	100,1	1	1	Q:1;Q:1;Q:7;Q:80;Q:9223372036854775807;MATCH:1;Q:3;Q:1;Q:7;Q:80;Q:9223372036854775807;FRESH:3;Q:2;Q:1;Q:7;Q:80;Q:9223372036854775807;FRESH:2
filter-1-0-9	100,1	1	1	Q:1;Q:1;Q:7;Q:80;Q:9223372036854775807;MISMATCH:1;Q:3;Q:1;Q:7;Q:80;Q:9223372036854775807;MATCH:3;Q:2;Q:1;Q:7;Q:80;Q:9223372036854775807;MATCH:2
filter-1-0-10	100,1	1	1	Q:1;Q:1;Q:7;Q:80;Q:9223372036854775807;MISMATCH:1;Q:3;Q:1;Q:7;Q:80;Q:9223372036854775807;MATCH:3;Q:2;Q:1;Q:7;Q:80;Q:9223372036854775807;MISMATCH:2
filter-1-0-11	100,1	1	1	Q:1;Q:1;Q:7;Q:80;Q:9223372036854775807;MISMATCH:1;Q:3;Q:1;Q:7;Q:80;Q:9223372036854775807;MATCH:3;Q:2;Q:1;Q:7;Q:80;Q:9223372036854775807;FRESH:2
filter-1-0-12	100,1	1	1	Q:1;Q:1;Q:7;Q:80;Q:9223372036854775807;MISMATCH:1;Q:3;Q:1;Q:7;Q:80;Q:9223372036854775807;MISMATCH:3;Q:2;Q:1;Q:7;Q:80;Q:9223372036854775807;MATCH:2
filter-1-0-13	100,1	1	1	Q:1;Q:1;Q:7;Q:80;Q:9223372036854775807;MISMATCH:1;Q:3;Q:1;Q:7;Q:80;Q:9223372036854775807;MISMATCH:3;Q:2;Q:1;Q:7;Q:80;Q:9223372036854775807;MISMATCH:2
filter-1-0-14	100,1	1	1	Q:1;Q:1;Q:7;Q:80;Q:9223372036854775807;MISMATCH:1;Q:3;Q:1;Q:7;Q:80;Q:9223372036854775807;MISMATCH:3;Q:2;Q:1;Q:7;Q:80;Q:9223372036854775807;FRESH:2
filter-1-0-15	100,1	1	1	Q:1;Q:1;Q:7;Q:80;Q:9223372036854775807;MISMATCH:1;Q:3;Q:1;Q:7;Q:80;Q:9223372036854775807;FRESH:3;Q:2;Q:1;Q:7;Q:80;Q:9223372036854775807;MATCH:2
filter-1-0-16	100,1	1	1	Q:1;Q:1;Q:7;Q:80;Q:9223372036854775807;MISMATCH:1;Q:3;Q:1;Q:7;Q:80;Q:9223372036854775807;FRESH:3;Q:2;Q:1;Q:7;Q:80;Q:9223372036854775807;MISMATCH:2
filter-1-0-17	100,1	1	1	Q:1;Q:1;Q:7;Q:80;Q:9223372036854775807;MISMATCH:1;Q:3;Q:1;Q:7;Q:80;Q:9223372036854775807;FRESH:3;Q:2;Q:1;Q:7;Q:80;Q:9223372036854775807;FRESH:2
filter-1-0-18	100,1	1	1	Q:1;Q:1;Q:7;Q:80;Q:9223372036854775807;FRESH:1;Q:3;Q:1;Q:7;Q:80;Q:9223372036854775807;MATCH:3;Q:2;Q:1;Q:7;Q:80;Q:9223372036854775807;MATCH:2
filter-1-0-19	100,1	1	1	Q:1;Q:1;Q:7;Q:80;Q:9223372036854775807;FRESH:1;Q:3;Q:1;Q:7;Q:80;Q:9223372036854775807;MATCH:3;Q:2;Q:1;Q:7;Q:80;Q:9223372036854775807;MISMATCH:2
filter-1-0-20	100,1	1	1	Q:1;Q:1;Q:7;Q:80;Q:9223372036854775807;FRESH:1;Q:3;Q:1;Q:7;Q:80;Q:9223372036854775807;MATCH:3;Q:2;Q:1;Q:7;Q:80;Q:9223372036854775807;FRESH:2
filter-1-0-21	100,1	1	1	Q:1;Q:1;Q:7;Q:80;Q:9223372036854775807;FRESH:1;Q:3;Q:1;Q:7;Q:80;Q:9223372036854775807;MISMATCH:3;Q:2;Q:1;Q:7;Q:80;Q:9223372036854775807;MATCH:2
filter-1-0-22	100,1	1	1	Q:1;Q:1;Q:7;Q:80;Q:9223372036854775807;FRESH:1;Q:3;Q:1;Q:7;Q:80;Q:9223372036854775807;MISMATCH:3;Q:2;Q:1;Q:7;Q:80;Q:9223372036854775807;MISMATCH:2
filter-1-0-23	100,1	1	1	Q:1;Q:1;Q:7;Q:80;Q:9223372036854775807;FRESH:1;Q:3;Q:1;Q:7;Q:80;Q:9223372036854775807;MISMATCH:3;Q:2;Q:1;Q:7;Q:80;Q:9223372036854775807;FRESH:2
filter-1-0-24	100,1	1	1	Q:1;Q:1;Q:7;Q:80;Q:9223372036854775807;FRESH:1;Q:3;Q:1;Q:7;Q:80;Q:9223372036854775807;FRESH:3;Q:2;Q:1;Q:7;Q:80;Q:9223372036854775807;MATCH:2
filter-1-0-25	100,1	1	1	Q:1;Q:1;Q:7;Q:80;Q:9223372036854775807;FRESH:1;Q:3;Q:1;Q:7;Q:80;Q:9223372036854775807;FRESH:3;Q:2;Q:1;Q:7;Q:80;Q:9223372036854775807;MISMATCH:2
filter-1-0-26	100,1	1	1	Q:1;Q:1;Q:7;Q:80;Q:9223372036854775807;FRESH:1;Q:3;Q:1;Q:7;Q:80;Q:9223372036854775807;FRESH:3;Q:2;Q:1;Q:7;Q:80;Q:9223372036854775807;FRESH:2
filter-1-1-0	100,1	1	1	Q:7;Q:1;Q:7;Q:80;Q:9223372036854775807;MATCH:7;Q:1;Q:1;Q:7;Q:80;Q:9223372036854775807;MATCH:1;Q:2;Q:1;Q:7;Q:80;Q:9223372036854775807;MATCH:2
filter-1-1-1	100,1	1	1	Q:7;Q:1;Q:7;Q:80;Q:9223372036854775807;MATCH:7;Q:1;Q:1;Q:7;Q:80;Q:9223372036854775807;MATCH:1;Q:2;Q:1;Q:7;Q:80;Q:9223372036854775807;MISMATCH:2
filter-1-1-2	100,1	1	1	Q:7;Q:1;Q:7;Q:80;Q:9223372036854775807;MATCH:7;Q:1;Q:1;Q:7;Q:80;Q:9223372036854775807;MATCH:1;Q:2;Q:1;Q:7;Q:80;Q:9223372036854775807;FRESH:2
filter-1-1-3	100,1	1	1	Q:7;Q:1;Q:7;Q:80;Q:9223372036854775807;MATCH:7;Q:1;Q:1;Q:7;Q:80;Q:9223372036854775807;MISMATCH:1;Q:2;Q:1;Q:7;Q:80;Q:9223372036854775807;MATCH:2
filter-1-1-4	100,1	1	1	Q:7;Q:1;Q:7;Q:80;Q:9223372036854775807;MATCH:7;Q:1;Q:1;Q:7;Q:80;Q:9223372036854775807;MISMATCH:1;Q:2;Q:1;Q:7;Q:80;Q:9223372036854775807;MISMATCH:2
filter-1-1-5	100,1	1	1	Q:7;Q:1;Q:7;Q:80;Q:9223372036854775807;MATCH:7;Q:1;Q:1;Q:7;Q:80;Q:9223372036854775807;MISMATCH:1;Q:2;Q:1;Q:7;Q:80;Q:9223372036854775807;FRESH:2
filter-1-1-6	100,1	1	1	Q:7;Q:1;Q:7;Q:80;Q:9223372036854775807;MATCH:7;Q:1;Q:1;Q:7;Q:80;Q:9223372036854775807;FRESH:1;Q:2;Q:1;Q:7;Q:80;Q:9223372036854775807;MATCH:2
filter-1-1-7	100,1	1	1	Q:7;Q:1;Q:7;Q:80;Q:9223372036854775807;MATCH:7;Q:1;Q:1;Q:7;Q:80;Q:9223372036854775807;FRESH:1;Q:2;Q:1;Q:7;Q:80;Q:9223372036854775807;MISMATCH:2
filter-1-1-8	100,1	1	1	Q:7;Q:1;Q:7;Q:80;Q:9223372036854775807;MATCH:7;Q:1;Q:1;Q:7;Q:80;Q:9223372036854775807;FRESH:1;Q:2;Q:1;Q:7;Q:80;Q:9223372036854775807;FRESH:2
filter-1-1-9	100,1	1	1	Q:7;Q:1;Q:7;Q:80;Q:9223372036854775807;MISMATCH:7;Q:1;Q:1;Q:7;Q:80;Q:9223372036854775807;MATCH:1;Q:2;Q:1;Q:7;Q:80;Q:9223372036854775807;MATCH:2
filter-1-1-10	100,1	1	1	Q:7;Q:1;Q:7;Q:80;Q:9223372036854775807;MISMATCH:7;Q:1;Q:1;Q:7;Q:80;Q:9223372036854775807;MATCH:1;Q:2;Q:1;Q:7;Q:80;Q:9223372036854775807;MISMATCH:2
filter-1-1-11	100,1	1	1	Q:7;Q:1;Q:7;Q:80;Q:9223372036854775807;MISMATCH:7;Q:1;Q:1;Q:7;Q:80;Q:9223372036854775807;MATCH:1;Q:2;Q:1;Q:7;Q:80;Q:9223372036854775807;FRESH:2
filter-1-1-12	100,1	1	1	Q:7;Q:1;Q:7;Q:80;Q:9223372036854775807;MISMATCH:7;Q:1;Q:1;Q:7;Q:80;Q:9223372036854775807;MISMATCH:1;Q:2;Q:1;Q:7;Q:80;Q:9223372036854775807;MATCH:2
filter-1-1-13	100,1	1	1	Q:7;Q:1;Q:7;Q:80;Q:9223372036854775807;MISMATCH:7;Q:1;Q:1;Q:7;Q:80;Q:9223372036854775807;MISMATCH:1;Q:2;Q:1;Q:7;Q:80;Q:9223372036854775807;MISMATCH:2
filter-1-1-14	100,1	1	1	Q:7;Q:1;Q:7;Q:80;Q:9223372036854775807;MISMATCH:7;Q:1;Q:1;Q:7;Q:80;Q:9223372036854775807;MISMATCH:1;Q:2;Q:1;Q:7;Q:80;Q:9223372036854775807;FRESH:2
filter-1-1-15	100,1	1	1	Q:7;Q:1;Q:7;Q:80;Q:9223372036854775807;MISMATCH:7;Q:1;Q:1;Q:7;Q:80;Q:9223372036854775807;FRESH:1;Q:2;Q:1;Q:7;Q:80;Q:9223372036854775807;MATCH:2
filter-1-1-16	100,1	1	1	Q:7;Q:1;Q:7;Q:80;Q:9223372036854775807;MISMATCH:7;Q:1;Q:1;Q:7;Q:80;Q:9223372036854775807;FRESH:1;Q:2;Q:1;Q:7;Q:80;Q:9223372036854775807;MISMATCH:2
filter-1-1-17	100,1	1	1	Q:7;Q:1;Q:7;Q:80;Q:9223372036854775807;MISMATCH:7;Q:1;Q:1;Q:7;Q:80;Q:9223372036854775807;FRESH:1;Q:2;Q:1;Q:7;Q:80;Q:9223372036854775807;FRESH:2
filter-1-1-18	100,1	1	1	Q:7;Q:1;Q:7;Q:80;Q:9223372036854775807;FRESH:7;Q:1;Q:1;Q:7;Q:80;Q:9223372036854775807;MATCH:1;Q:2;Q:1;Q:7;Q:80;Q:9223372036854775807;MATCH:2
filter-1-1-19	100,1	1	1	Q:7;Q:1;Q:7;Q:80;Q:9223372036854775807;FRESH:7;Q:1;Q:1;Q:7;Q:80;Q:9223372036854775807;MATCH:1;Q:2;Q:1;Q:7;Q:80;Q:9223372036854775807;MISMATCH:2
filter-1-1-20	100,1	1	1	Q:7;Q:1;Q:7;Q:80;Q:9223372036854775807;FRESH:7;Q:1;Q:1;Q:7;Q:80;Q:9223372036854775807;MATCH:1;Q:2;Q:1;Q:7;Q:80;Q:9223372036854775807;FRESH:2
filter-1-1-21	100,1	1	1	Q:7;Q:1;Q:7;Q:80;Q:9223372036854775807;FRESH:7;Q:1;Q:1;Q:7;Q:80;Q:9223372036854775807;MISMATCH:1;Q:2;Q:1;Q:7;Q:80;Q:9223372036854775807;MATCH:2
filter-1-1-22	100,1	1	1	Q:7;Q:1;Q:7;Q:80;Q:9223372036854775807;FRESH:7;Q:1;Q:1;Q:7;Q:80;Q:9223372036854775807;MISMATCH:1;Q:2;Q:1;Q:7;Q:80;Q:9223372036854775807;MISMATCH:2
filter-1-1-23	100,1	1	1	Q:7;Q:1;Q:7;Q:80;Q:9223372036854775807;FRESH:7;Q:1;Q:1;Q:7;Q:80;Q:9223372036854775807;MISMATCH:1;Q:2;Q:1;Q:7;Q:80;Q:9223372036854775807;FRESH:2
filter-1-1-24	100,1	1	1	Q:7;Q:1;Q:7;Q:80;Q:9223372036854775807;FRESH:7;Q:1;Q:1;Q:7;Q:80;Q:9223372036854775807;FRESH:1;Q:2;Q:1;Q:7;Q:80;Q:9223372036854775807;MATCH:2
filter-1-1-25	100,1	1	1	Q:7;Q:1;Q:7;Q:80;Q:9223372036854775807;FRESH:7;Q:1;Q:1;Q:7;Q:80;Q:9223372036854775807;FRESH:1;Q:2;Q:1;Q:7;Q:80;Q:9223372036854775807;MISMATCH:2
filter-1-1-26	100,1	1	1	Q:7;Q:1;Q:7;Q:80;Q:9223372036854775807;FRESH:7;Q:1;Q:1;Q:7;Q:80;Q:9223372036854775807;FRESH:1;Q:2;Q:1;Q:7;Q:80;Q:9223372036854775807;FRESH:2
filter-1-2-0	100,1	1	1	Q:2;Q:1;Q:7;Q:80;Q:9223372036854775807;MATCH:2;Q:2;Q:1;Q:7;Q:80;Q:9223372036854775807;MATCH:2;Q:2;Q:1;Q:7;Q:80;Q:9223372036854775807;MATCH:2
filter-1-2-1	100,1	1	1	Q:2;Q:1;Q:7;Q:80;Q:9223372036854775807;MATCH:2;Q:2;Q:1;Q:7;Q:80;Q:9223372036854775807;MATCH:2;Q:2;Q:1;Q:7;Q:80;Q:9223372036854775807;MISMATCH:2
filter-1-2-2	100,1	1	1	Q:2;Q:1;Q:7;Q:80;Q:9223372036854775807;MATCH:2;Q:2;Q:1;Q:7;Q:80;Q:9223372036854775807;MATCH:2;Q:2;Q:1;Q:7;Q:80;Q:9223372036854775807;FRESH:2
filter-1-2-3	100,1	1	1	Q:2;Q:1;Q:7;Q:80;Q:9223372036854775807;MATCH:2;Q:2;Q:1;Q:7;Q:80;Q:9223372036854775807;MISMATCH:2;Q:2;Q:1;Q:7;Q:80;Q:9223372036854775807;MATCH:2
filter-1-2-4	100,1	1	1	Q:2;Q:1;Q:7;Q:80;Q:9223372036854775807;MATCH:2;Q:2;Q:1;Q:7;Q:80;Q:9223372036854775807;MISMATCH:2;Q:2;Q:1;Q:7;Q:80;Q:9223372036854775807;MISMATCH:2
filter-1-2-5	100,1	1	1	Q:2;Q:1;Q:7;Q:80;Q:9223372036854775807;MATCH:2;Q:2;Q:1;Q:7;Q:80;Q:9223372036854775807;MISMATCH:2;Q:2;Q:1;Q:7;Q:80;Q:9223372036854775807;FRESH:2
filter-1-2-6	100,1	1	1	Q:2;Q:1;Q:7;Q:80;Q:9223372036854775807;MATCH:2;Q:2;Q:1;Q:7;Q:80;Q:9223372036854775807;FRESH:2;Q:2;Q:1;Q:7;Q:80;Q:9223372036854775807;MATCH:2
filter-1-2-7	100,1	1	1	Q:2;Q:1;Q:7;Q:80;Q:9223372036854775807;MATCH:2;Q:2;Q:1;Q:7;Q:80;Q:9223372036854775807;FRESH:2;Q:2;Q:1;Q:7;Q:80;Q:9223372036854775807;MISMATCH:2
filter-1-2-8	100,1	1	1	Q:2;Q:1;Q:7;Q:80;Q:9223372036854775807;MATCH:2;Q:2;Q:1;Q:7;Q:80;Q:9223372036854775807;FRESH:2;Q:2;Q:1;Q:7;Q:80;Q:9223372036854775807;FRESH:2
filter-1-2-9	100,1	1	1	Q:2;Q:1;Q:7;Q:80;Q:9223372036854775807;MISMATCH:2;Q:2;Q:1;Q:7;Q:80;Q:9223372036854775807;MATCH:2;Q:2;Q:1;Q:7;Q:80;Q:9223372036854775807;MATCH:2
filter-1-2-10	100,1	1	1	Q:2;Q:1;Q:7;Q:80;Q:9223372036854775807;MISMATCH:2;Q:2;Q:1;Q:7;Q:80;Q:9223372036854775807;MATCH:2;Q:2;Q:1;Q:7;Q:80;Q:9223372036854775807;MISMATCH:2
filter-1-2-11	100,1	1	1	Q:2;Q:1;Q:7;Q:80;Q:9223372036854775807;MISMATCH:2;Q:2;Q:1;Q:7;Q:80;Q:9223372036854775807;MATCH:2;Q:2;Q:1;Q:7;Q:80;Q:9223372036854775807;FRESH:2
filter-1-2-12	100,1	1	1	Q:2;Q:1;Q:7;Q:80;Q:9223372036854775807;MISMATCH:2;Q:2;Q:1;Q:7;Q:80;Q:9223372036854775807;MISMATCH:2;Q:2;Q:1;Q:7;Q:80;Q:9223372036854775807;MATCH:2
filter-1-2-13	100,1	1	1	Q:2;Q:1;Q:7;Q:80;Q:9223372036854775807;MISMATCH:2;Q:2;Q:1;Q:7;Q:80;Q:9223372036854775807;MISMATCH:2;Q:2;Q:1;Q:7;Q:80;Q:9223372036854775807;MISMATCH:2
filter-1-2-14	100,1	1	1	Q:2;Q:1;Q:7;Q:80;Q:9223372036854775807;MISMATCH:2;Q:2;Q:1;Q:7;Q:80;Q:9223372036854775807;MISMATCH:2;Q:2;Q:1;Q:7;Q:80;Q:9223372036854775807;FRESH:2
filter-1-2-15	100,1	1	1	Q:2;Q:1;Q:7;Q:80;Q:9223372036854775807;MISMATCH:2;Q:2;Q:1;Q:7;Q:80;Q:9223372036854775807;FRESH:2;Q:2;Q:1;Q:7;Q:80;Q:9223372036854775807;MATCH:2
filter-1-2-16	100,1	1	1	Q:2;Q:1;Q:7;Q:80;Q:9223372036854775807;MISMATCH:2;Q:2;Q:1;Q:7;Q:80;Q:9223372036854775807;FRESH:2;Q:2;Q:1;Q:7;Q:80;Q:9223372036854775807;MISMATCH:2
filter-1-2-17	100,1	1	1	Q:2;Q:1;Q:7;Q:80;Q:9223372036854775807;MISMATCH:2;Q:2;Q:1;Q:7;Q:80;Q:9223372036854775807;FRESH:2;Q:2;Q:1;Q:7;Q:80;Q:9223372036854775807;FRESH:2
filter-1-2-18	100,1	1	1	Q:2;Q:1;Q:7;Q:80;Q:9223372036854775807;FRESH:2;Q:2;Q:1;Q:7;Q:80;Q:9223372036854775807;MATCH:2;Q:2;Q:1;Q:7;Q:80;Q:9223372036854775807;MATCH:2
filter-1-2-19	100,1	1	1	Q:2;Q:1;Q:7;Q:80;Q:9223372036854775807;FRESH:2;Q:2;Q:1;Q:7;Q:80;Q:9223372036854775807;MATCH:2;Q:2;Q:1;Q:7;Q:80;Q:9223372036854775807;MISMATCH:2
filter-1-2-20	100,1	1	1	Q:2;Q:1;Q:7;Q:80;Q:9223372036854775807;FRESH:2;Q:2;Q:1;Q:7;Q:80;Q:9223372036854775807;MATCH:2;Q:2;Q:1;Q:7;Q:80;Q:9223372036854775807;FRESH:2
filter-1-2-21	100,1	1	1	Q:2;Q:1;Q:7;Q:80;Q:9223372036854775807;FRESH:2;Q:2;Q:1;Q:7;Q:80;Q:9223372036854775807;MISMATCH:2;Q:2;Q:1;Q:7;Q:80;Q:9223372036854775807;MATCH:2
filter-1-2-22	100,1	1	1	Q:2;Q:1;Q:7;Q:80;Q:9223372036854775807;FRESH:2;Q:2;Q:1;Q:7;Q:80;Q:9223372036854775807;MISMATCH:2;Q:2;Q:1;Q:7;Q:80;Q:9223372036854775807;MISMATCH:2
filter-1-2-23	100,1	1	1	Q:2;Q:1;Q:7;Q:80;Q:9223372036854775807;FRESH:2;Q:2;Q:1;Q:7;Q:80;Q:9223372036854775807;MISMATCH:2;Q:2;Q:1;Q:7;Q:80;Q:9223372036854775807;FRESH:2
filter-1-2-24	100,1	1	1	Q:2;Q:1;Q:7;Q:80;Q:9223372036854775807;FRESH:2;Q:2;Q:1;Q:7;Q:80;Q:9223372036854775807;FRESH:2;Q:2;Q:1;Q:7;Q:80;Q:9223372036854775807;MATCH:2
filter-1-2-25	100,1	1	1	Q:2;Q:1;Q:7;Q:80;Q:9223372036854775807;FRESH:2;Q:2;Q:1;Q:7;Q:80;Q:9223372036854775807;FRESH:2;Q:2;Q:1;Q:7;Q:80;Q:9223372036854775807;MISMATCH:2
filter-1-2-26	100,1	1	1	Q:2;Q:1;Q:7;Q:80;Q:9223372036854775807;FRESH:2;Q:2;Q:1;Q:7;Q:80;Q:9223372036854775807;FRESH:2;Q:2;Q:1;Q:7;Q:80;Q:9223372036854775807;FRESH:2
filter-2-0-0	7,3	1	6	Q:1;Q:1;Q:7;Q:80;Q:9223372036854775807;MATCH:1;Q:3;Q:1;Q:7;Q:80;Q:9223372036854775807;MATCH:3;Q:2;Q:1;Q:7;Q:80;Q:9223372036854775807;MATCH:2
filter-2-0-1	7,3	1	6	Q:1;Q:1;Q:7;Q:80;Q:9223372036854775807;MATCH:1;Q:3;Q:1;Q:7;Q:80;Q:9223372036854775807;MATCH:3;Q:2;Q:1;Q:7;Q:80;Q:9223372036854775807;MISMATCH:2
filter-2-0-2	7,3	1	6	Q:1;Q:1;Q:7;Q:80;Q:9223372036854775807;MATCH:1;Q:3;Q:1;Q:7;Q:80;Q:9223372036854775807;MATCH:3;Q:2;Q:1;Q:7;Q:80;Q:9223372036854775807;FRESH:2
filter-2-0-3	7,3	1	6	Q:1;Q:1;Q:7;Q:80;Q:9223372036854775807;MATCH:1;Q:3;Q:1;Q:7;Q:80;Q:9223372036854775807;MISMATCH:3;Q:2;Q:1;Q:7;Q:80;Q:9223372036854775807;MATCH:2
filter-2-0-4	7,3	1	6	Q:1;Q:1;Q:7;Q:80;Q:9223372036854775807;MATCH:1;Q:3;Q:1;Q:7;Q:80;Q:9223372036854775807;MISMATCH:3;Q:2;Q:1;Q:7;Q:80;Q:9223372036854775807;MISMATCH:2
filter-2-0-5	7,3	1	6	Q:1;Q:1;Q:7;Q:80;Q:9223372036854775807;MATCH:1;Q:3;Q:1;Q:7;Q:80;Q:9223372036854775807;MISMATCH:3;Q:2;Q:1;Q:7;Q:80;Q:9223372036854775807;FRESH:2
filter-2-0-6	7,3	1	6	Q:1;Q:1;Q:7;Q:80;Q:9223372036854775807;MATCH:1;Q:3;Q:1;Q:7;Q:80;Q:9223372036854775807;FRESH:3;Q:2;Q:1;Q:7;Q:80;Q:9223372036854775807;MATCH:2
filter-2-0-7	7,3	1	6	Q:1;Q:1;Q:7;Q:80;Q:9223372036854775807;MATCH:1;Q:3;Q:1;Q:7;Q:80;Q:9223372036854775807;FRESH:3;Q:2;Q:1;Q:7;Q:80;Q:9223372036854775807;MISMATCH:2
filter-2-0-8	7,3	1	6	Q:1;Q:1;Q:7;Q:80;Q:9223372036854775807;MATCH:1;Q:3;Q:1;Q:7;Q:80;Q:9223372036854775807;FRESH:3;Q:2;Q:1;Q:7;Q:80;Q:9223372036854775807;FRESH:2
filter-2-0-9	7,3	1	6	Q:1;Q:1;Q:7;Q:80;Q:9223372036854775807;MISMATCH:1;Q:3;Q:1;Q:7;Q:80;Q:9223372036854775807;MATCH:3;Q:2;Q:1;Q:7;Q:80;Q:9223372036854775807;MATCH:2
filter-2-0-10	7,3	1	6	Q:1;Q:1;Q:7;Q:80;Q:9223372036854775807;MISMATCH:1;Q:3;Q:1;Q:7;Q:80;Q:9223372036854775807;MATCH:3;Q:2;Q:1;Q:7;Q:80;Q:9223372036854775807;MISMATCH:2
filter-2-0-11	7,3	1	6	Q:1;Q:1;Q:7;Q:80;Q:9223372036854775807;MISMATCH:1;Q:3;Q:1;Q:7;Q:80;Q:9223372036854775807;MATCH:3;Q:2;Q:1;Q:7;Q:80;Q:9223372036854775807;FRESH:2
filter-2-0-12	7,3	1	6	Q:1;Q:1;Q:7;Q:80;Q:9223372036854775807;MISMATCH:1;Q:3;Q:1;Q:7;Q:80;Q:9223372036854775807;MISMATCH:3;Q:2;Q:1;Q:7;Q:80;Q:9223372036854775807;MATCH:2
filter-2-0-13	7,3	1	6	Q:1;Q:1;Q:7;Q:80;Q:9223372036854775807;MISMATCH:1;Q:3;Q:1;Q:7;Q:80;Q:9223372036854775807;MISMATCH:3;Q:2;Q:1;Q:7;Q:80;Q:9223372036854775807;MISMATCH:2
filter-2-0-14	7,3	1	6	Q:1;Q:1;Q:7;Q:80;Q:9223372036854775807;MISMATCH:1;Q:3;Q:1;Q:7;Q:80;Q:9223372036854775807;MISMATCH:3;Q:2;Q:1;Q:7;Q:80;Q:9223372036854775807;FRESH:2
filter-2-0-15	7,3	1	6	Q:1;Q:1;Q:7;Q:80;Q:9223372036854775807;MISMATCH:1;Q:3;Q:1;Q:7;Q:80;Q:9223372036854775807;FRESH:3;Q:2;Q:1;Q:7;Q:80;Q:9223372036854775807;MATCH:2
filter-2-0-16	7,3	1	6	Q:1;Q:1;Q:7;Q:80;Q:9223372036854775807;MISMATCH:1;Q:3;Q:1;Q:7;Q:80;Q:9223372036854775807;FRESH:3;Q:2;Q:1;Q:7;Q:80;Q:9223372036854775807;MISMATCH:2
filter-2-0-17	7,3	1	6	Q:1;Q:1;Q:7;Q:80;Q:9223372036854775807;MISMATCH:1;Q:3;Q:1;Q:7;Q:80;Q:9223372036854775807;FRESH:3;Q:2;Q:1;Q:7;Q:80;Q:9223372036854775807;FRESH:2
filter-2-0-18	7,3	1	6	Q:1;Q:1;Q:7;Q:80;Q:9223372036854775807;FRESH:1;Q:3;Q:1;Q:7;Q:80;Q:9223372036854775807;MATCH:3;Q:2;Q:1;Q:7;Q:80;Q:9223372036854775807;MATCH:2
filter-2-0-19	7,3	1	6	Q:1;Q:1;Q:7;Q:80;Q:9223372036854775807;FRESH:1;Q:3;Q:1;Q:7;Q:80;Q:9223372036854775807;MATCH:3;Q:2;Q:1;Q:7;Q:80;Q:9223372036854775807;MISMATCH:2
filter-2-0-20	7,3	1	6	Q:1;Q:1;Q:7;Q:80;Q:9223372036854775807;FRESH:1;Q:3;Q:1;Q:7;Q:80;Q:9223372036854775807;MATCH:3;Q:2;Q:1;Q:7;Q:80;Q:9223372036854775807;FRESH:2
filter-2-0-21	7,3	1	6	Q:1;Q:1;Q:7;Q:80;Q:9223372036854775807;FRESH:1;Q:3;Q:1;Q:7;Q:80;Q:9223372036854775807;MISMATCH:3;Q:2;Q:1;Q:7;Q:80;Q:9223372036854775807;MATCH:2
filter-2-0-22	7,3	1	6	Q:1;Q:1;Q:7;Q:80;Q:9223372036854775807;FRESH:1;Q:3;Q:1;Q:7;Q:80;Q:9223372036854775807;MISMATCH:3;Q:2;Q:1;Q:7;Q:80;Q:9223372036854775807;MISMATCH:2
filter-2-0-23	7,3	1	6	Q:1;Q:1;Q:7;Q:80;Q:9223372036854775807;FRESH:1;Q:3;Q:1;Q:7;Q:80;Q:9223372036854775807;MISMATCH:3;Q:2;Q:1;Q:7;Q:80;Q:9223372036854775807;FRESH:2
filter-2-0-24	7,3	1	6	Q:1;Q:1;Q:7;Q:80;Q:9223372036854775807;FRESH:1;Q:3;Q:1;Q:7;Q:80;Q:9223372036854775807;FRESH:3;Q:2;Q:1;Q:7;Q:80;Q:9223372036854775807;MATCH:2
filter-2-0-25	7,3	1	6	Q:1;Q:1;Q:7;Q:80;Q:9223372036854775807;FRESH:1;Q:3;Q:1;Q:7;Q:80;Q:9223372036854775807;FRESH:3;Q:2;Q:1;Q:7;Q:80;Q:9223372036854775807;MISMATCH:2
filter-2-0-26	7,3	1	6	Q:1;Q:1;Q:7;Q:80;Q:9223372036854775807;FRESH:1;Q:3;Q:1;Q:7;Q:80;Q:9223372036854775807;FRESH:3;Q:2;Q:1;Q:7;Q:80;Q:9223372036854775807;FRESH:2
filter-2-1-0	7,3	1	6	Q:7;Q:1;Q:7;Q:80;Q:9223372036854775807;MATCH:7;Q:1;Q:1;Q:7;Q:80;Q:9223372036854775807;MATCH:1;Q:2;Q:1;Q:7;Q:80;Q:9223372036854775807;MATCH:2
filter-2-1-1	7,3	1	6	Q:7;Q:1;Q:7;Q:80;Q:9223372036854775807;MATCH:7;Q:1;Q:1;Q:7;Q:80;Q:9223372036854775807;MATCH:1;Q:2;Q:1;Q:7;Q:80;Q:9223372036854775807;MISMATCH:2
filter-2-1-2	7,3	1	6	Q:7;Q:1;Q:7;Q:80;Q:9223372036854775807;MATCH:7;Q:1;Q:1;Q:7;Q:80;Q:9223372036854775807;MATCH:1;Q:2;Q:1;Q:7;Q:80;Q:9223372036854775807;FRESH:2
filter-2-1-3	7,3	1	6	Q:7;Q:1;Q:7;Q:80;Q:9223372036854775807;MATCH:7;Q:1;Q:1;Q:7;Q:80;Q:9223372036854775807;MISMATCH:1;Q:2;Q:1;Q:7;Q:80;Q:9223372036854775807;MATCH:2
filter-2-1-4	7,3	1	6	Q:7;Q:1;Q:7;Q:80;Q:9223372036854775807;MATCH:7;Q:1;Q:1;Q:7;Q:80;Q:9223372036854775807;MISMATCH:1;Q:2;Q:1;Q:7;Q:80;Q:9223372036854775807;MISMATCH:2
filter-2-1-5	7,3	1	6	Q:7;Q:1;Q:7;Q:80;Q:9223372036854775807;MATCH:7;Q:1;Q:1;Q:7;Q:80;Q:9223372036854775807;MISMATCH:1;Q:2;Q:1;Q:7;Q:80;Q:9223372036854775807;FRESH:2
filter-2-1-6	7,3	1	6	Q:7;Q:1;Q:7;Q:80;Q:9223372036854775807;MATCH:7;Q:1;Q:1;Q:7;Q:80;Q:9223372036854775807;FRESH:1;Q:2;Q:1;Q:7;Q:80;Q:9223372036854775807;MATCH:2
filter-2-1-7	7,3	1	6	Q:7;Q:1;Q:7;Q:80;Q:9223372036854775807;MATCH:7;Q:1;Q:1;Q:7;Q:80;Q:9223372036854775807;FRESH:1;Q:2;Q:1;Q:7;Q:80;Q:9223372036854775807;MISMATCH:2
filter-2-1-8	7,3	1	6	Q:7;Q:1;Q:7;Q:80;Q:9223372036854775807;MATCH:7;Q:1;Q:1;Q:7;Q:80;Q:9223372036854775807;FRESH:1;Q:2;Q:1;Q:7;Q:80;Q:9223372036854775807;FRESH:2
filter-2-1-9	7,3	1	6	Q:7;Q:1;Q:7;Q:80;Q:9223372036854775807;MISMATCH:7;Q:1;Q:1;Q:7;Q:80;Q:9223372036854775807;MATCH:1;Q:2;Q:1;Q:7;Q:80;Q:9223372036854775807;MATCH:2
filter-2-1-10	7,3	1	6	Q:7;Q:1;Q:7;Q:80;Q:9223372036854775807;MISMATCH:7;Q:1;Q:1;Q:7;Q:80;Q:9223372036854775807;MATCH:1;Q:2;Q:1;Q:7;Q:80;Q:9223372036854775807;MISMATCH:2
filter-2-1-11	7,3	1	6	Q:7;Q:1;Q:7;Q:80;Q:9223372036854775807;MISMATCH:7;Q:1;Q:1;Q:7;Q:80;Q:9223372036854775807;MATCH:1;Q:2;Q:1;Q:7;Q:80;Q:9223372036854775807;FRESH:2
filter-2-1-12	7,3	1	6	Q:7;Q:1;Q:7;Q:80;Q:9223372036854775807;MISMATCH:7;Q:1;Q:1;Q:7;Q:80;Q:9223372036854775807;MISMATCH:1;Q:2;Q:1;Q:7;Q:80;Q:9223372036854775807;MATCH:2
filter-2-1-13	7,3	1	6	Q:7;Q:1;Q:7;Q:80;Q:9223372036854775807;MISMATCH:7;Q:1;Q:1;Q:7;Q:80;Q:9223372036854775807;MISMATCH:1;Q:2;Q:1;Q:7;Q:80;Q:9223372036854775807;MISMATCH:2
filter-2-1-14	7,3	1	6	Q:7;Q:1;Q:7;Q:80;Q:9223372036854775807;MISMATCH:7;Q:1;Q:1;Q:7;Q:80;Q:9223372036854775807;MISMATCH:1;Q:2;Q:1;Q:7;Q:80;Q:9223372036854775807;FRESH:2
filter-2-1-15	7,3	1	6	Q:7;Q:1;Q:7;Q:80;Q:9223372036854775807;MISMATCH:7;Q:1;Q:1;Q:7;Q:80;Q:9223372036854775807;FRESH:1;Q:2;Q:1;Q:7;Q:80;Q:9223372036854775807;MATCH:2
filter-2-1-16	7,3	1	6	Q:7;Q:1;Q:7;Q:80;Q:9223372036854775807;MISMATCH:7;Q:1;Q:1;Q:7;Q:80;Q:9223372036854775807;FRESH:1;Q:2;Q:1;Q:7;Q:80;Q:9223372036854775807;MISMATCH:2
filter-2-1-17	7,3	1	6	Q:7;Q:1;Q:7;Q:80;Q:9223372036854775807;MISMATCH:7;Q:1;Q:1;Q:7;Q:80;Q:9223372036854775807;FRESH:1;Q:2;Q:1;Q:7;Q:80;Q:9223372036854775807;FRESH:2
filter-2-1-18	7,3	1	6	Q:7;Q:1;Q:7;Q:80;Q:9223372036854775807;FRESH:7;Q:1;Q:1;Q:7;Q:80;Q:9223372036854775807;MATCH:1;Q:2;Q:1;Q:7;Q:80;Q:9223372036854775807;MATCH:2
filter-2-1-19	7,3	1	6	Q:7;Q:1;Q:7;Q:80;Q:9223372036854775807;FRESH:7;Q:1;Q:1;Q:7;Q:80;Q:9223372036854775807;MATCH:1;Q:2;Q:1;Q:7;Q:80;Q:9223372036854775807;MISMATCH:2
filter-2-1-20	7,3	1	6	Q:7;Q:1;Q:7;Q:80;Q:9223372036854775807;FRESH:7;Q:1;Q:1;Q:7;Q:80;Q:9223372036854775807;MATCH:1;Q:2;Q:1;Q:7;Q:80;Q:9223372036854775807;FRESH:2
filter-2-1-21	7,3	1	6	Q:7;Q:1;Q:7;Q:80;Q:9223372036854775807;FRESH:7;Q:1;Q:1;Q:7;Q:80;Q:9223372036854775807;MISMATCH:1;Q:2;Q:1;Q:7;Q:80;Q:9223372036854775807;MATCH:2
filter-2-1-22	7,3	1	6	Q:7;Q:1;Q:7;Q:80;Q:9223372036854775807;FRESH:7;Q:1;Q:1;Q:7;Q:80;Q:9223372036854775807;MISMATCH:1;Q:2;Q:1;Q:7;Q:80;Q:9223372036854775807;MISMATCH:2
filter-2-1-23	7,3	1	6	Q:7;Q:1;Q:7;Q:80;Q:9223372036854775807;FRESH:7;Q:1;Q:1;Q:7;Q:80;Q:9223372036854775807;MISMATCH:1;Q:2;Q:1;Q:7;Q:80;Q:9223372036854775807;FRESH:2
filter-2-1-24	7,3	1	6	Q:7;Q:1;Q:7;Q:80;Q:9223372036854775807;FRESH:7;Q:1;Q:1;Q:7;Q:80;Q:9223372036854775807;FRESH:1;Q:2;Q:1;Q:7;Q:80;Q:9223372036854775807;MATCH:2
filter-2-1-25	7,3	1	6	Q:7;Q:1;Q:7;Q:80;Q:9223372036854775807;FRESH:7;Q:1;Q:1;Q:7;Q:80;Q:9223372036854775807;FRESH:1;Q:2;Q:1;Q:7;Q:80;Q:9223372036854775807;MISMATCH:2
filter-2-1-26	7,3	1	6	Q:7;Q:1;Q:7;Q:80;Q:9223372036854775807;FRESH:7;Q:1;Q:1;Q:7;Q:80;Q:9223372036854775807;FRESH:1;Q:2;Q:1;Q:7;Q:80;Q:9223372036854775807;FRESH:2
filter-2-2-0	7,3	1	6	Q:2;Q:1;Q:7;Q:80;Q:9223372036854775807;MATCH:2;Q:2;Q:1;Q:7;Q:80;Q:9223372036854775807;MATCH:2;Q:2;Q:1;Q:7;Q:80;Q:9223372036854775807;MATCH:2
filter-2-2-1	7,3	1	6	Q:2;Q:1;Q:7;Q:80;Q:9223372036854775807;MATCH:2;Q:2;Q:1;Q:7;Q:80;Q:9223372036854775807;MATCH:2;Q:2;Q:1;Q:7;Q:80;Q:9223372036854775807;MISMATCH:2
filter-2-2-2	7,3	1	6	Q:2;Q:1;Q:7;Q:80;Q:9223372036854775807;MATCH:2;Q:2;Q:1;Q:7;Q:80;Q:9223372036854775807;MATCH:2;Q:2;Q:1;Q:7;Q:80;Q:9223372036854775807;FRESH:2
filter-2-2-3	7,3	1	6	Q:2;Q:1;Q:7;Q:80;Q:9223372036854775807;MATCH:2;Q:2;Q:1;Q:7;Q:80;Q:9223372036854775807;MISMATCH:2;Q:2;Q:1;Q:7;Q:80;Q:9223372036854775807;MATCH:2
filter-2-2-4	7,3	1	6	Q:2;Q:1;Q:7;Q:80;Q:9223372036854775807;MATCH:2;Q:2;Q:1;Q:7;Q:80;Q:9223372036854775807;MISMATCH:2;Q:2;Q:1;Q:7;Q:80;Q:9223372036854775807;MISMATCH:2
filter-2-2-5	7,3	1	6	Q:2;Q:1;Q:7;Q:80;Q:9223372036854775807;MATCH:2;Q:2;Q:1;Q:7;Q:80;Q:9223372036854775807;MISMATCH:2;Q:2;Q:1;Q:7;Q:80;Q:9223372036854775807;FRESH:2
filter-2-2-6	7,3	1	6	Q:2;Q:1;Q:7;Q:80;Q:9223372036854775807;MATCH:2;Q:2;Q:1;Q:7;Q:80;Q:9223372036854775807;FRESH:2;Q:2;Q:1;Q:7;Q:80;Q:9223372036854775807;MATCH:2
filter-2-2-7	7,3	1	6	Q:2;Q:1;Q:7;Q:80;Q:9223372036854775807;MATCH:2;Q:2;Q:1;Q:7;Q:80;Q:9223372036854775807;FRESH:2;Q:2;Q:1;Q:7;Q:80;Q:9223372036854775807;MISMATCH:2
filter-2-2-8	7,3	1	6	Q:2;Q:1;Q:7;Q:80;Q:9223372036854775807;MATCH:2;Q:2;Q:1;Q:7;Q:80;Q:9223372036854775807;FRESH:2;Q:2;Q:1;Q:7;Q:80;Q:9223372036854775807;FRESH:2
filter-2-2-9	7,3	1	6	Q:2;Q:1;Q:7;Q:80;Q:9223372036854775807;MISMATCH:2;Q:2;Q:1;Q:7;Q:80;Q:9223372036854775807;MATCH:2;Q:2;Q:1;Q:7;Q:80;Q:9223372036854775807;MATCH:2
filter-2-2-10	7,3	1	6	Q:2;Q:1;Q:7;Q:80;Q:9223372036854775807;MISMATCH:2;Q:2;Q:1;Q:7;Q:80;Q:9223372036854775807;MATCH:2;Q:2;Q:1;Q:7;Q:80;Q:9223372036854775807;MISMATCH:2
filter-2-2-11	7,3	1	6	Q:2;Q:1;Q:7;Q:80;Q:9223372036854775807;MISMATCH:2;Q:2;Q:1;Q:7;Q:80;Q:9223372036854775807;MATCH:2;Q:2;Q:1;Q:7;Q:80;Q:9223372036854775807;FRESH:2
filter-2-2-12	7,3	1	6	Q:2;Q:1;Q:7;Q:80;Q:9223372036854775807;MISMATCH:2;Q:2;Q:1;Q:7;Q:80;Q:9223372036854775807;MISMATCH:2;Q:2;Q:1;Q:7;Q:80;Q:9223372036854775807;MATCH:2
filter-2-2-13	7,3	1	6	Q:2;Q:1;Q:7;Q:80;Q:9223372036854775807;MISMATCH:2;Q:2;Q:1;Q:7;Q:80;Q:9223372036854775807;MISMATCH:2;Q:2;Q:1;Q:7;Q:80;Q:9223372036854775807;MISMATCH:2
filter-2-2-14	7,3	1	6	Q:2;Q:1;Q:7;Q:80;Q:9223372036854775807;MISMATCH:2;Q:2;Q:1;Q:7;Q:80;Q:9223372036854775807;MISMATCH:2;Q:2;Q:1;Q:7;Q:80;Q:9223372036854775807;FRESH:2
filter-2-2-15	7,3	1	6	Q:2;Q:1;Q:7;Q:80;Q:9223372036854775807;MISMATCH:2;Q:2;Q:1;Q:7;Q:80;Q:9223372036854775807;FRESH:2;Q:2;Q:1;Q:7;Q:80;Q:9223372036854775807;MATCH:2
filter-2-2-16	7,3	1	6	Q:2;Q:1;Q:7;Q:80;Q:9223372036854775807;MISMATCH:2;Q:2;Q:1;Q:7;Q:80;Q:9223372036854775807;FRESH:2;Q:2;Q:1;Q:7;Q:80;Q:9223372036854775807;MISMATCH:2
filter-2-2-17	7,3	1	6	Q:2;Q:1;Q:7;Q:80;Q:9223372036854775807;MISMATCH:2;Q:2;Q:1;Q:7;Q:80;Q:9223372036854775807;FRESH:2;Q:2;Q:1;Q:7;Q:80;Q:9223372036854775807;FRESH:2
filter-2-2-18	7,3	1	6	Q:2;Q:1;Q:7;Q:80;Q:9223372036854775807;FRESH:2;Q:2;Q:1;Q:7;Q:80;Q:9223372036854775807;MATCH:2;Q:2;Q:1;Q:7;Q:80;Q:9223372036854775807;MATCH:2
filter-2-2-19	7,3	1	6	Q:2;Q:1;Q:7;Q:80;Q:9223372036854775807;FRESH:2;Q:2;Q:1;Q:7;Q:80;Q:9223372036854775807;MATCH:2;Q:2;Q:1;Q:7;Q:80;Q:9223372036854775807;MISMATCH:2
filter-2-2-20	7,3	1	6	Q:2;Q:1;Q:7;Q:80;Q:9223372036854775807;FRESH:2;Q:2;Q:1;Q:7;Q:80;Q:9223372036854775807;MATCH:2;Q:2;Q:1;Q:7;Q:80;Q:9223372036854775807;FRESH:2
filter-2-2-21	7,3	1	6	Q:2;Q:1;Q:7;Q:80;Q:9223372036854775807;FRESH:2;Q:2;Q:1;Q:7;Q:80;Q:9223372036854775807;MISMATCH:2;Q:2;Q:1;Q:7;Q:80;Q:9223372036854775807;MATCH:2
filter-2-2-22	7,3	1	6	Q:2;Q:1;Q:7;Q:80;Q:9223372036854775807;FRESH:2;Q:2;Q:1;Q:7;Q:80;Q:9223372036854775807;MISMATCH:2;Q:2;Q:1;Q:7;Q:80;Q:9223372036854775807;MISMATCH:2
filter-2-2-23	7,3	1	6	Q:2;Q:1;Q:7;Q:80;Q:9223372036854775807;FRESH:2;Q:2;Q:1;Q:7;Q:80;Q:9223372036854775807;MISMATCH:2;Q:2;Q:1;Q:7;Q:80;Q:9223372036854775807;FRESH:2
filter-2-2-24	7,3	1	6	Q:2;Q:1;Q:7;Q:80;Q:9223372036854775807;FRESH:2;Q:2;Q:1;Q:7;Q:80;Q:9223372036854775807;FRESH:2;Q:2;Q:1;Q:7;Q:80;Q:9223372036854775807;MATCH:2
filter-2-2-25	7,3	1	6	Q:2;Q:1;Q:7;Q:80;Q:9223372036854775807;FRESH:2;Q:2;Q:1;Q:7;Q:80;Q:9223372036854775807;FRESH:2;Q:2;Q:1;Q:7;Q:80;Q:9223372036854775807;MISMATCH:2
filter-2-2-26	7,3	1	6	Q:2;Q:1;Q:7;Q:80;Q:9223372036854775807;FRESH:2;Q:2;Q:1;Q:7;Q:80;Q:9223372036854775807;FRESH:2;Q:2;Q:1;Q:7;Q:80;Q:9223372036854775807;FRESH:2
filter-3-0-0	2,2	2	4	Q:1;Q:1;Q:7;Q:80;Q:9223372036854775807;MATCH:1;Q:3;Q:1;Q:7;Q:80;Q:9223372036854775807;MATCH:3;Q:2;Q:1;Q:7;Q:80;Q:9223372036854775807;MATCH:2
filter-3-0-1	2,2	2	4	Q:1;Q:1;Q:7;Q:80;Q:9223372036854775807;MATCH:1;Q:3;Q:1;Q:7;Q:80;Q:9223372036854775807;MATCH:3;Q:2;Q:1;Q:7;Q:80;Q:9223372036854775807;MISMATCH:2
filter-3-0-2	2,2	2	4	Q:1;Q:1;Q:7;Q:80;Q:9223372036854775807;MATCH:1;Q:3;Q:1;Q:7;Q:80;Q:9223372036854775807;MATCH:3;Q:2;Q:1;Q:7;Q:80;Q:9223372036854775807;FRESH:2
filter-3-0-3	2,2	2	4	Q:1;Q:1;Q:7;Q:80;Q:9223372036854775807;MATCH:1;Q:3;Q:1;Q:7;Q:80;Q:9223372036854775807;MISMATCH:3;Q:2;Q:1;Q:7;Q:80;Q:9223372036854775807;MATCH:2
filter-3-0-4	2,2	2	4	Q:1;Q:1;Q:7;Q:80;Q:9223372036854775807;MATCH:1;Q:3;Q:1;Q:7;Q:80;Q:9223372036854775807;MISMATCH:3;Q:2;Q:1;Q:7;Q:80;Q:9223372036854775807;MISMATCH:2
filter-3-0-5	2,2	2	4	Q:1;Q:1;Q:7;Q:80;Q:9223372036854775807;MATCH:1;Q:3;Q:1;Q:7;Q:80;Q:9223372036854775807;MISMATCH:3;Q:2;Q:1;Q:7;Q:80;Q:9223372036854775807;FRESH:2
filter-3-0-6	2,2	2	4	Q:1;Q:1;Q:7;Q:80;Q:9223372036854775807;MATCH:1;Q:3;Q:1;Q:7;Q:80;Q:9223372036854775807;FRESH:3;Q:2;Q:1;Q:7;Q:80;Q:9223372036854775807;MATCH:2
filter-3-0-7	2,2	2	4	Q:1;Q:1;Q:7;Q:80;Q:9223372036854775807;MATCH:1;Q:3;Q:1;Q:7;Q:80;Q:9223372036854775807;FRESH:3;Q:2;Q:1;Q:7;Q:80;Q:9223372036854775807;MISMATCH:2
filter-3-0-8	2,2	2	4	Q:1;Q:1;Q:7;Q:80;Q:9223372036854775807;MATCH:1;Q:3;Q:1;Q:7;Q:80;Q:9223372036854775807;FRESH:3;Q:2;Q:1;Q:7;Q:80;Q:9223372036854775807;FRESH:2
filter-3-0-9	2,2	2	4	Q:1;Q:1;Q:7;Q:80;Q:9223372036854775807;MISMATCH:1;Q:3;Q:1;Q:7;Q:80;Q:9223372036854775807;MATCH:3;Q:2;Q:1;Q:7;Q:80;Q:9223372036854775807;MATCH:2
filter-3-0-10	2,2	2	4	Q:1;Q:1;Q:7;Q:80;Q:9223372036854775807;MISMATCH:1;Q:3;Q:1;Q:7;Q:80;Q:9223372036854775807;MATCH:3;Q:2;Q:1;Q:7;Q:80;Q:9223372036854775807;MISMATCH:2
filter-3-0-11	2,2	2	4	Q:1;Q:1;Q:7;Q:80;Q:9223372036854775807;MISMATCH:1;Q:3;Q:1;Q:7;Q:80;Q:9223372036854775807;MATCH:3;Q:2;Q:1;Q:7;Q:80;Q:9223372036854775807;FRESH:2
filter-3-0-12	2,2	2	4	Q:1;Q:1;Q:7;Q:80;Q:9223372036854775807;MISMATCH:1;Q:3;Q:1;Q:7;Q:80;Q:9223372036854775807;MISMATCH:3;Q:2;Q:1;Q:7;Q:80;Q:9223372036854775807;MATCH:2
filter-3-0-13	2,2	2	4	Q:1;Q:1;Q:7;Q:80;Q:9223372036854775807;MISMATCH:1;Q:3;Q:1;Q:7;Q:80;Q:9223372036854775807;MISMATCH:3;Q:2;Q:1;Q:7;Q:80;Q:9223372036854775807;MISMATCH:2
filter-3-0-14	2,2	2	4	Q:1;Q:1;Q:7;Q:80;Q:9223372036854775807;MISMATCH:1;Q:3;Q:1;Q:7;Q:80;Q:9223372036854775807;MISMATCH:3;Q:2;Q:1;Q:7;Q:80;Q:9223372036854775807;FRESH:2
filter-3-0-15	2,2	2	4	Q:1;Q:1;Q:7;Q:80;Q:9223372036854775807;MISMATCH:1;Q:3;Q:1;Q:7;Q:80;Q:9223372036854775807;FRESH:3;Q:2;Q:1;Q:7;Q:80;Q:9223372036854775807;MATCH:2
filter-3-0-16	2,2	2	4	Q:1;Q:1;Q:7;Q:80;Q:9223372036854775807;MISMATCH:1;Q:3;Q:1;Q:7;Q:80;Q:9223372036854775807;FRESH:3;Q:2;Q:1;Q:7;Q:80;Q:9223372036854775807;MISMATCH:2
filter-3-0-17	2,2	2	4	Q:1;Q:1;Q:7;Q:80;Q:9223372036854775807;MISMATCH:1;Q:3;Q:1;Q:7;Q:80;Q:9223372036854775807;FRESH:3;Q:2;Q:1;Q:7;Q:80;Q:9223372036854775807;FRESH:2
filter-3-0-18	2,2	2	4	Q:1;Q:1;Q:7;Q:80;Q:9223372036854775807;FRESH:1;Q:3;Q:1;Q:7;Q:80;Q:9223372036854775807;MATCH:3;Q:2;Q:1;Q:7;Q:80;Q:9223372036854775807;MATCH:2
filter-3-0-19	2,2	2	4	Q:1;Q:1;Q:7;Q:80;Q:9223372036854775807;FRESH:1;Q:3;Q:1;Q:7;Q:80;Q:9223372036854775807;MATCH:3;Q:2;Q:1;Q:7;Q:80;Q:9223372036854775807;MISMATCH:2
filter-3-0-20	2,2	2	4	Q:1;Q:1;Q:7;Q:80;Q:9223372036854775807;FRESH:1;Q:3;Q:1;Q:7;Q:80;Q:9223372036854775807;MATCH:3;Q:2;Q:1;Q:7;Q:80;Q:9223372036854775807;FRESH:2
filter-3-0-21	2,2	2	4	Q:1;Q:1;Q:7;Q:80;Q:9223372036854775807;FRESH:1;Q:3;Q:1;Q:7;Q:80;Q:9223372036854775807;MISMATCH:3;Q:2;Q:1;Q:7;Q:80;Q:9223372036854775807;MATCH:2
filter-3-0-22	2,2	2	4	Q:1;Q:1;Q:7;Q:80;Q:9223372036854775807;FRESH:1;Q:3;Q:1;Q:7;Q:80;Q:9223372036854775807;MISMATCH:3;Q:2;Q:1;Q:7;Q:80;Q:9223372036854775807;MISMATCH:2
filter-3-0-23	2,2	2	4	Q:1;Q:1;Q:7;Q:80;Q:9223372036854775807;FRESH:1;Q:3;Q:1;Q:7;Q:80;Q:9223372036854775807;MISMATCH:3;Q:2;Q:1;Q:7;Q:80;Q:9223372036854775807;FRESH:2
filter-3-0-24	2,2	2	4	Q:1;Q:1;Q:7;Q:80;Q:9223372036854775807;FRESH:1;Q:3;Q:1;Q:7;Q:80;Q:9223372036854775807;FRESH:3;Q:2;Q:1;Q:7;Q:80;Q:9223372036854775807;MATCH:2
filter-3-0-25	2,2	2	4	Q:1;Q:1;Q:7;Q:80;Q:9223372036854775807;FRESH:1;Q:3;Q:1;Q:7;Q:80;Q:9223372036854775807;FRESH:3;Q:2;Q:1;Q:7;Q:80;Q:9223372036854775807;MISMATCH:2
filter-3-0-26	2,2	2	4	Q:1;Q:1;Q:7;Q:80;Q:9223372036854775807;FRESH:1;Q:3;Q:1;Q:7;Q:80;Q:9223372036854775807;FRESH:3;Q:2;Q:1;Q:7;Q:80;Q:9223372036854775807;FRESH:2
filter-3-1-0	2,2	2	4	Q:7;Q:1;Q:7;Q:80;Q:9223372036854775807;MATCH:7;Q:1;Q:1;Q:7;Q:80;Q:9223372036854775807;MATCH:1;Q:2;Q:1;Q:7;Q:80;Q:9223372036854775807;MATCH:2
filter-3-1-1	2,2	2	4	Q:7;Q:1;Q:7;Q:80;Q:9223372036854775807;MATCH:7;Q:1;Q:1;Q:7;Q:80;Q:9223372036854775807;MATCH:1;Q:2;Q:1;Q:7;Q:80;Q:9223372036854775807;MISMATCH:2
filter-3-1-2	2,2	2	4	Q:7;Q:1;Q:7;Q:80;Q:9223372036854775807;MATCH:7;Q:1;Q:1;Q:7;Q:80;Q:9223372036854775807;MATCH:1;Q:2;Q:1;Q:7;Q:80;Q:9223372036854775807;FRESH:2
filter-3-1-3	2,2	2	4	Q:7;Q:1;Q:7;Q:80;Q:9223372036854775807;MATCH:7;Q:1;Q:1;Q:7;Q:80;Q:9223372036854775807;MISMATCH:1;Q:2;Q:1;Q:7;Q:80;Q:9223372036854775807;MATCH:2
filter-3-1-4	2,2	2	4	Q:7;Q:1;Q:7;Q:80;Q:9223372036854775807;MATCH:7;Q:1;Q:1;Q:7;Q:80;Q:9223372036854775807;MISMATCH:1;Q:2;Q:1;Q:7;Q:80;Q:9223372036854775807;MISMATCH:2
filter-3-1-5	2,2	2	4	Q:7;Q:1;Q:7;Q:80;Q:9223372036854775807;MATCH:7;Q:1;Q:1;Q:7;Q:80;Q:9223372036854775807;MISMATCH:1;Q:2;Q:1;Q:7;Q:80;Q:9223372036854775807;FRESH:2
filter-3-1-6	2,2	2	4	Q:7;Q:1;Q:7;Q:80;Q:9223372036854775807;MATCH:7;Q:1;Q:1;Q:7;Q:80;Q:9223372036854775807;FRESH:1;Q:2;Q:1;Q:7;Q:80;Q:9223372036854775807;MATCH:2
filter-3-1-7	2,2	2	4	Q:7;Q:1;Q:7;Q:80;Q:9223372036854775807;MATCH:7;Q:1;Q:1;Q:7;Q:80;Q:9223372036854775807;FRESH:1;Q:2;Q:1;Q:7;Q:80;Q:9223372036854775807;MISMATCH:2
filter-3-1-8	2,2	2	4	Q:7;Q:1;Q:7;Q:80;Q:9223372036854775807;MATCH:7;Q:1;Q:1;Q:7;Q:80;Q:9223372036854775807;FRESH:1;Q:2;Q:1;Q:7;Q:80;Q:9223372036854775807;FRESH:2
filter-3-1-9	2,2	2	4	Q:7;Q:1;Q:7;Q:80;Q:9223372036854775807;MISMATCH:7;Q:1;Q:1;Q:7;Q:80;Q:9223372036854775807;MATCH:1;Q:2;Q:1;Q:7;Q:80;Q:9223372036854775807;MATCH:2
filter-3-1-10	2,2	2	4	Q:7;Q:1;Q:7;Q:80;Q:9223372036854775807;MISMATCH:7;Q:1;Q:1;Q:7;Q:80;Q:9223372036854775807;MATCH:1;Q:2;Q:1;Q:7;Q:80;Q:9223372036854775807;MISMATCH:2
filter-3-1-11	2,2	2	4	Q:7;Q:1;Q:7;Q:80;Q:9223372036854775807;MISMATCH:7;Q:1;Q:1;Q:7;Q:80;Q:9223372036854775807;MATCH:1;Q:2;Q:1;Q:7;Q:80;Q:9223372036854775807;FRESH:2
filter-3-1-12	2,2	2	4	Q:7;Q:1;Q:7;Q:80;Q:9223372036854775807;MISMATCH:7;Q:1;Q:1;Q:7;Q:80;Q:9223372036854775807;MISMATCH:1;Q:2;Q:1;Q:7;Q:80;Q:9223372036854775807;MATCH:2
filter-3-1-13	2,2	2	4	Q:7;Q:1;Q:7;Q:80;Q:9223372036854775807;MISMATCH:7;Q:1;Q:1;Q:7;Q:80;Q:9223372036854775807;MISMATCH:1;Q:2;Q:1;Q:7;Q:80;Q:9223372036854775807;MISMATCH:2
filter-3-1-14	2,2	2	4	Q:7;Q:1;Q:7;Q:80;Q:9223372036854775807;MISMATCH:7;Q:1;Q:1;Q:7;Q:80;Q:9223372036854775807;MISMATCH:1;Q:2;Q:1;Q:7;Q:80;Q:9223372036854775807;FRESH:2
filter-3-1-15	2,2	2	4	Q:7;Q:1;Q:7;Q:80;Q:9223372036854775807;MISMATCH:7;Q:1;Q:1;Q:7;Q:80;Q:9223372036854775807;FRESH:1;Q:2;Q:1;Q:7;Q:80;Q:9223372036854775807;MATCH:2
filter-3-1-16	2,2	2	4	Q:7;Q:1;Q:7;Q:80;Q:9223372036854775807;MISMATCH:7;Q:1;Q:1;Q:7;Q:80;Q:9223372036854775807;FRESH:1;Q:2;Q:1;Q:7;Q:80;Q:9223372036854775807;MISMATCH:2
filter-3-1-17	2,2	2	4	Q:7;Q:1;Q:7;Q:80;Q:9223372036854775807;MISMATCH:7;Q:1;Q:1;Q:7;Q:80;Q:9223372036854775807;FRESH:1;Q:2;Q:1;Q:7;Q:80;Q:9223372036854775807;FRESH:2
filter-3-1-18	2,2	2	4	Q:7;Q:1;Q:7;Q:80;Q:9223372036854775807;FRESH:7;Q:1;Q:1;Q:7;Q:80;Q:9223372036854775807;MATCH:1;Q:2;Q:1;Q:7;Q:80;Q:9223372036854775807;MATCH:2
filter-3-1-19	2,2	2	4	Q:7;Q:1;Q:7;Q:80;Q:9223372036854775807;FRESH:7;Q:1;Q:1;Q:7;Q:80;Q:9223372036854775807;MATCH:1;Q:2;Q:1;Q:7;Q:80;Q:9223372036854775807;MISMATCH:2
filter-3-1-20	2,2	2	4	Q:7;Q:1;Q:7;Q:80;Q:9223372036854775807;FRESH:7;Q:1;Q:1;Q:7;Q:80;Q:9223372036854775807;MATCH:1;Q:2;Q:1;Q:7;Q:80;Q:9223372036854775807;FRESH:2
filter-3-1-21	2,2	2	4	Q:7;Q:1;Q:7;Q:80;Q:9223372036854775807;FRESH:7;Q:1;Q:1;Q:7;Q:80;Q:9223372036854775807;MISMATCH:1;Q:2;Q:1;Q:7;Q:80;Q:9223372036854775807;MATCH:2
filter-3-1-22	2,2	2	4	Q:7;Q:1;Q:7;Q:80;Q:9223372036854775807;FRESH:7;Q:1;Q:1;Q:7;Q:80;Q:9223372036854775807;MISMATCH:1;Q:2;Q:1;Q:7;Q:80;Q:9223372036854775807;MISMATCH:2
filter-3-1-23	2,2	2	4	Q:7;Q:1;Q:7;Q:80;Q:9223372036854775807;FRESH:7;Q:1;Q:1;Q:7;Q:80;Q:9223372036854775807;MISMATCH:1;Q:2;Q:1;Q:7;Q:80;Q:9223372036854775807;FRESH:2
filter-3-1-24	2,2	2	4	Q:7;Q:1;Q:7;Q:80;Q:9223372036854775807;FRESH:7;Q:1;Q:1;Q:7;Q:80;Q:9223372036854775807;FRESH:1;Q:2;Q:1;Q:7;Q:80;Q:9223372036854775807;MATCH:2
filter-3-1-25	2,2	2	4	Q:7;Q:1;Q:7;Q:80;Q:9223372036854775807;FRESH:7;Q:1;Q:1;Q:7;Q:80;Q:9223372036854775807;FRESH:1;Q:2;Q:1;Q:7;Q:80;Q:9223372036854775807;MISMATCH:2
filter-3-1-26	2,2	2	4	Q:7;Q:1;Q:7;Q:80;Q:9223372036854775807;FRESH:7;Q:1;Q:1;Q:7;Q:80;Q:9223372036854775807;FRESH:1;Q:2;Q:1;Q:7;Q:80;Q:9223372036854775807;FRESH:2
filter-3-2-0	2,2	2	4	Q:2;Q:1;Q:7;Q:80;Q:9223372036854775807;MATCH:2;Q:2;Q:1;Q:7;Q:80;Q:9223372036854775807;MATCH:2;Q:2;Q:1;Q:7;Q:80;Q:9223372036854775807;MATCH:2
filter-3-2-1	2,2	2	4	Q:2;Q:1;Q:7;Q:80;Q:9223372036854775807;MATCH:2;Q:2;Q:1;Q:7;Q:80;Q:9223372036854775807;MATCH:2;Q:2;Q:1;Q:7;Q:80;Q:9223372036854775807;MISMATCH:2
filter-3-2-2	2,2	2	4	Q:2;Q:1;Q:7;Q:80;Q:9223372036854775807;MATCH:2;Q:2;Q:1;Q:7;Q:80;Q:9223372036854775807;MATCH:2;Q:2;Q:1;Q:7;Q:80;Q:9223372036854775807;FRESH:2
filter-3-2-3	2,2	2	4	Q:2;Q:1;Q:7;Q:80;Q:9223372036854775807;MATCH:2;Q:2;Q:1;Q:7;Q:80;Q:9223372036854775807;MISMATCH:2;Q:2;Q:1;Q:7;Q:80;Q:9223372036854775807;MATCH:2
filter-3-2-4	2,2	2	4	Q:2;Q:1;Q:7;Q:80;Q:9223372036854775807;MATCH:2;Q:2;Q:1;Q:7;Q:80;Q:9223372036854775807;MISMATCH:2;Q:2;Q:1;Q:7;Q:80;Q:9223372036854775807;MISMATCH:2
filter-3-2-5	2,2	2	4	Q:2;Q:1;Q:7;Q:80;Q:9223372036854775807;MATCH:2;Q:2;Q:1;Q:7;Q:80;Q:9223372036854775807;MISMATCH:2;Q:2;Q:1;Q:7;Q:80;Q:9223372036854775807;FRESH:2
filter-3-2-6	2,2	2	4	Q:2;Q:1;Q:7;Q:80;Q:9223372036854775807;MATCH:2;Q:2;Q:1;Q:7;Q:80;Q:9223372036854775807;FRESH:2;Q:2;Q:1;Q:7;Q:80;Q:9223372036854775807;MATCH:2
filter-3-2-7	2,2	2	4	Q:2;Q:1;Q:7;Q:80;Q:9223372036854775807;MATCH:2;Q:2;Q:1;Q:7;Q:80;Q:9223372036854775807;FRESH:2;Q:2;Q:1;Q:7;Q:80;Q:9223372036854775807;MISMATCH:2
filter-3-2-8	2,2	2	4	Q:2;Q:1;Q:7;Q:80;Q:9223372036854775807;MATCH:2;Q:2;Q:1;Q:7;Q:80;Q:9223372036854775807;FRESH:2;Q:2;Q:1;Q:7;Q:80;Q:9223372036854775807;FRESH:2
filter-3-2-9	2,2	2	4	Q:2;Q:1;Q:7;Q:80;Q:9223372036854775807;MISMATCH:2;Q:2;Q:1;Q:7;Q:80;Q:9223372036854775807;MATCH:2;Q:2;Q:1;Q:7;Q:80;Q:9223372036854775807;MATCH:2
filter-3-2-10	2,2	2	4	Q:2;Q:1;Q:7;Q:80;Q:9223372036854775807;MISMATCH:2;Q:2;Q:1;Q:7;Q:80;Q:9223372036854775807;MATCH:2;Q:2;Q:1;Q:7;Q:80;Q:9223372036854775807;MISMATCH:2
filter-3-2-11	2,2	2	4	Q:2;Q:1;Q:7;Q:80;Q:9223372036854775807;MISMATCH:2;Q:2;Q:1;Q:7;Q:80;Q:9223372036854775807;MATCH:2;Q:2;Q:1;Q:7;Q:80;Q:9223372036854775807;FRESH:2
filter-3-2-12	2,2	2	4	Q:2;Q:1;Q:7;Q:80;Q:9223372036854775807;MISMATCH:2;Q:2;Q:1;Q:7;Q:80;Q:9223372036854775807;MISMATCH:2;Q:2;Q:1;Q:7;Q:80;Q:9223372036854775807;MATCH:2
filter-3-2-13	2,2	2	4	Q:2;Q:1;Q:7;Q:80;Q:9223372036854775807;MISMATCH:2;Q:2;Q:1;Q:7;Q:80;Q:9223372036854775807;MISMATCH:2;Q:2;Q:1;Q:7;Q:80;Q:9223372036854775807;MISMATCH:2
filter-3-2-14	2,2	2	4	Q:2;Q:1;Q:7;Q:80;Q:9223372036854775807;MISMATCH:2;Q:2;Q:1;Q:7;Q:80;Q:9223372036854775807;MISMATCH:2;Q:2;Q:1;Q:7;Q:80;Q:9223372036854775807;FRESH:2
filter-3-2-15	2,2	2	4	Q:2;Q:1;Q:7;Q:80;Q:9223372036854775807;MISMATCH:2;Q:2;Q:1;Q:7;Q:80;Q:9223372036854775807;FRESH:2;Q:2;Q:1;Q:7;Q:80;Q:9223372036854775807;MATCH:2
filter-3-2-16	2,2	2	4	Q:2;Q:1;Q:7;Q:80;Q:9223372036854775807;MISMATCH:2;Q:2;Q:1;Q:7;Q:80;Q:9223372036854775807;FRESH:2;Q:2;Q:1;Q:7;Q:80;Q:9223372036854775807;MISMATCH:2
filter-3-2-17	2,2	2	4	Q:2;Q:1;Q:7;Q:80;Q:9223372036854775807;MISMATCH:2;Q:2;Q:1;Q:7;Q:80;Q:9223372036854775807;FRESH:2;Q:2;Q:1;Q:7;Q:80;Q:9223372036854775807;FRESH:2
filter-3-2-18	2,2	2	4	Q:2;Q:1;Q:7;Q:80;Q:9223372036854775807;FRESH:2;Q:2;Q:1;Q:7;Q:80;Q:9223372036854775807;MATCH:2;Q:2;Q:1;Q:7;Q:80;Q:9223372036854775807;MATCH:2
filter-3-2-19	2,2	2	4	Q:2;Q:1;Q:7;Q:80;Q:9223372036854775807;FRESH:2;Q:2;Q:1;Q:7;Q:80;Q:9223372036854775807;MATCH:2;Q:2;Q:1;Q:7;Q:80;Q:9223372036854775807;MISMATCH:2
filter-3-2-20	2,2	2	4	Q:2;Q:1;Q:7;Q:80;Q:9223372036854775807;FRESH:2;Q:2;Q:1;Q:7;Q:80;Q:9223372036854775807;MATCH:2;Q:2;Q:1;Q:7;Q:80;Q:9223372036854775807;FRESH:2
filter-3-2-21	2,2	2	4	Q:2;Q:1;Q:7;Q:80;Q:9223372036854775807;FRESH:2;Q:2;Q:1;Q:7;Q:80;Q:9223372036854775807;MISMATCH:2;Q:2;Q:1;Q:7;Q:80;Q:9223372036854775807;MATCH:2
filter-3-2-22	2,2	2	4	Q:2;Q:1;Q:7;Q:80;Q:9223372036854775807;FRESH:2;Q:2;Q:1;Q:7;Q:80;Q:9223372036854775807;MISMATCH:2;Q:2;Q:1;Q:7;Q:80;Q:9223372036854775807;MISMATCH:2
filter-3-2-23	2,2	2	4	Q:2;Q:1;Q:7;Q:80;Q:9223372036854775807;FRESH:2;Q:2;Q:1;Q:7;Q:80;Q:9223372036854775807;MISMATCH:2;Q:2;Q:1;Q:7;Q:80;Q:9223372036854775807;FRESH:2
filter-3-2-24	2,2	2	4	Q:2;Q:1;Q:7;Q:80;Q:9223372036854775807;FRESH:2;Q:2;Q:1;Q:7;Q:80;Q:9223372036854775807;FRESH:2;Q:2;Q:1;Q:7;Q:80;Q:9223372036854775807;MATCH:2
filter-3-2-25	2,2	2	4	Q:2;Q:1;Q:7;Q:80;Q:9223372036854775807;FRESH:2;Q:2;Q:1;Q:7;Q:80;Q:9223372036854775807;FRESH:2;Q:2;Q:1;Q:7;Q:80;Q:9223372036854775807;MISMATCH:2
filter-3-2-26	2,2	2	4	Q:2;Q:1;Q:7;Q:80;Q:9223372036854775807;FRESH:2;Q:2;Q:1;Q:7;Q:80;Q:9223372036854775807;FRESH:2;Q:2;Q:1;Q:7;Q:80;Q:9223372036854775807;FRESH:2
filter-4-0-0	3	4	1	Q:1;Q:1;Q:7;Q:80;Q:9223372036854775807;MATCH:1;Q:3;Q:1;Q:7;Q:80;Q:9223372036854775807;MATCH:3;Q:2;Q:1;Q:7;Q:80;Q:9223372036854775807;MATCH:2
filter-4-0-1	3	4	1	Q:1;Q:1;Q:7;Q:80;Q:9223372036854775807;MATCH:1;Q:3;Q:1;Q:7;Q:80;Q:9223372036854775807;MATCH:3;Q:2;Q:1;Q:7;Q:80;Q:9223372036854775807;MISMATCH:2
filter-4-0-2	3	4	1	Q:1;Q:1;Q:7;Q:80;Q:9223372036854775807;MATCH:1;Q:3;Q:1;Q:7;Q:80;Q:9223372036854775807;MATCH:3;Q:2;Q:1;Q:7;Q:80;Q:9223372036854775807;FRESH:2
filter-4-0-3	3	4	1	Q:1;Q:1;Q:7;Q:80;Q:9223372036854775807;MATCH:1;Q:3;Q:1;Q:7;Q:80;Q:9223372036854775807;MISMATCH:3;Q:2;Q:1;Q:7;Q:80;Q:9223372036854775807;MATCH:2
filter-4-0-4	3	4	1	Q:1;Q:1;Q:7;Q:80;Q:9223372036854775807;MATCH:1;Q:3;Q:1;Q:7;Q:80;Q:9223372036854775807;MISMATCH:3;Q:2;Q:1;Q:7;Q:80;Q:9223372036854775807;MISMATCH:2
filter-4-0-5	3	4	1	Q:1;Q:1;Q:7;Q:80;Q:9223372036854775807;MATCH:1;Q:3;Q:1;Q:7;Q:80;Q:9223372036854775807;MISMATCH:3;Q:2;Q:1;Q:7;Q:80;Q:9223372036854775807;FRESH:2
filter-4-0-6	3	4	1	Q:1;Q:1;Q:7;Q:80;Q:9223372036854775807;MATCH:1;Q:3;Q:1;Q:7;Q:80;Q:9223372036854775807;FRESH:3;Q:2;Q:1;Q:7;Q:80;Q:9223372036854775807;MATCH:2
filter-4-0-7	3	4	1	Q:1;Q:1;Q:7;Q:80;Q:9223372036854775807;MATCH:1;Q:3;Q:1;Q:7;Q:80;Q:9223372036854775807;FRESH:3;Q:2;Q:1;Q:7;Q:80;Q:9223372036854775807;MISMATCH:2
filter-4-0-8	3	4	1	Q:1;Q:1;Q:7;Q:80;Q:9223372036854775807;MATCH:1;Q:3;Q:1;Q:7;Q:80;Q:9223372036854775807;FRESH:3;Q:2;Q:1;Q:7;Q:80;Q:9223372036854775807;FRESH:2
filter-4-0-9	3	4	1	Q:1;Q:1;Q:7;Q:80;Q:9223372036854775807;MISMATCH:1;Q:3;Q:1;Q:7;Q:80;Q:9223372036854775807;MATCH:3;Q:2;Q:1;Q:7;Q:80;Q:9223372036854775807;MATCH:2
filter-4-0-10	3	4	1	Q:1;Q:1;Q:7;Q:80;Q:9223372036854775807;MISMATCH:1;Q:3;Q:1;Q:7;Q:80;Q:9223372036854775807;MATCH:3;Q:2;Q:1;Q:7;Q:80;Q:9223372036854775807;MISMATCH:2
filter-4-0-11	3	4	1	Q:1;Q:1;Q:7;Q:80;Q:9223372036854775807;MISMATCH:1;Q:3;Q:1;Q:7;Q:80;Q:9223372036854775807;MATCH:3;Q:2;Q:1;Q:7;Q:80;Q:9223372036854775807;FRESH:2
filter-4-0-12	3	4	1	Q:1;Q:1;Q:7;Q:80;Q:9223372036854775807;MISMATCH:1;Q:3;Q:1;Q:7;Q:80;Q:9223372036854775807;MISMATCH:3;Q:2;Q:1;Q:7;Q:80;Q:9223372036854775807;MATCH:2
filter-4-0-13	3	4	1	Q:1;Q:1;Q:7;Q:80;Q:9223372036854775807;MISMATCH:1;Q:3;Q:1;Q:7;Q:80;Q:9223372036854775807;MISMATCH:3;Q:2;Q:1;Q:7;Q:80;Q:9223372036854775807;MISMATCH:2
filter-4-0-14	3	4	1	Q:1;Q:1;Q:7;Q:80;Q:9223372036854775807;MISMATCH:1;Q:3;Q:1;Q:7;Q:80;Q:9223372036854775807;MISMATCH:3;Q:2;Q:1;Q:7;Q:80;Q:9223372036854775807;FRESH:2
filter-4-0-15	3	4	1	Q:1;Q:1;Q:7;Q:80;Q:9223372036854775807;MISMATCH:1;Q:3;Q:1;Q:7;Q:80;Q:9223372036854775807;FRESH:3;Q:2;Q:1;Q:7;Q:80;Q:9223372036854775807;MATCH:2
filter-4-0-16	3	4	1	Q:1;Q:1;Q:7;Q:80;Q:9223372036854775807;MISMATCH:1;Q:3;Q:1;Q:7;Q:80;Q:9223372036854775807;FRESH:3;Q:2;Q:1;Q:7;Q:80;Q:9223372036854775807;MISMATCH:2
filter-4-0-17	3	4	1	Q:1;Q:1;Q:7;Q:80;Q:9223372036854775807;MISMATCH:1;Q:3;Q:1;Q:7;Q:80;Q:9223372036854775807;FRESH:3;Q:2;Q:1;Q:7;Q:80;Q:9223372036854775807;FRESH:2
filter-4-0-18	3	4	1	Q:1;Q:1;Q:7;Q:80;Q:9223372036854775807;FRESH:1;Q:3;Q:1;Q:7;Q:80;Q:9223372036854775807;MATCH:3;Q:2;Q:1;Q:7;Q:80;Q:9223372036854775807;MATCH:2
filter-4-0-19	3	4	1	Q:1;Q:1;Q:7;Q:80;Q:9223372036854775807;FRESH:1;Q:3;Q:1;Q:7;Q:80;Q:9223372036854775807;MATCH:3;Q:2;Q:1;Q:7;Q:80;Q:9223372036854775807;MISMATCH:2
filter-4-0-20	3	4	1	Q:1;Q:1;Q:7;Q:80;Q:9223372036854775807;FRESH:1;Q:3;Q:1;Q:7;Q:80;Q:9223372036854775807;MATCH:3;Q:2;Q:1;Q:7;Q:80;Q:9223372036854775807;FRESH:2
filter-4-0-21	3	4	1	Q:1;Q:1;Q:7;Q:80;Q:9223372036854775807;FRESH:1;Q:3;Q:1;Q:7;Q:80;Q:9223372036854775807;MISMATCH:3;Q:2;Q:1;Q:7;Q:80;Q:9223372036854775807;MATCH:2
filter-4-0-22	3	4	1	Q:1;Q:1;Q:7;Q:80;Q:9223372036854775807;FRESH:1;Q:3;Q:1;Q:7;Q:80;Q:9223372036854775807;MISMATCH:3;Q:2;Q:1;Q:7;Q:80;Q:9223372036854775807;MISMATCH:2
filter-4-0-23	3	4	1	Q:1;Q:1;Q:7;Q:80;Q:9223372036854775807;FRESH:1;Q:3;Q:1;Q:7;Q:80;Q:9223372036854775807;MISMATCH:3;Q:2;Q:1;Q:7;Q:80;Q:9223372036854775807;FRESH:2
filter-4-0-24	3	4	1	Q:1;Q:1;Q:7;Q:80;Q:9223372036854775807;FRESH:1;Q:3;Q:1;Q:7;Q:80;Q:9223372036854775807;FRESH:3;Q:2;Q:1;Q:7;Q:80;Q:9223372036854775807;MATCH:2
filter-4-0-25	3	4	1	Q:1;Q:1;Q:7;Q:80;Q:9223372036854775807;FRESH:1;Q:3;Q:1;Q:7;Q:80;Q:9223372036854775807;FRESH:3;Q:2;Q:1;Q:7;Q:80;Q:9223372036854775807;MISMATCH:2
filter-4-0-26	3	4	1	Q:1;Q:1;Q:7;Q:80;Q:9223372036854775807;FRESH:1;Q:3;Q:1;Q:7;Q:80;Q:9223372036854775807;FRESH:3;Q:2;Q:1;Q:7;Q:80;Q:9223372036854775807;FRESH:2
filter-4-1-0	3	4	1	Q:7;Q:1;Q:7;Q:80;Q:9223372036854775807;MATCH:7;Q:1;Q:1;Q:7;Q:80;Q:9223372036854775807;MATCH:1;Q:2;Q:1;Q:7;Q:80;Q:9223372036854775807;MATCH:2
filter-4-1-1	3	4	1	Q:7;Q:1;Q:7;Q:80;Q:9223372036854775807;MATCH:7;Q:1;Q:1;Q:7;Q:80;Q:9223372036854775807;MATCH:1;Q:2;Q:1;Q:7;Q:80;Q:9223372036854775807;MISMATCH:2
filter-4-1-2	3	4	1	Q:7;Q:1;Q:7;Q:80;Q:9223372036854775807;MATCH:7;Q:1;Q:1;Q:7;Q:80;Q:9223372036854775807;MATCH:1;Q:2;Q:1;Q:7;Q:80;Q:9223372036854775807;FRESH:2
filter-4-1-3	3	4	1	Q:7;Q:1;Q:7;Q:80;Q:9223372036854775807;MATCH:7;Q:1;Q:1;Q:7;Q:80;Q:9223372036854775807;MISMATCH:1;Q:2;Q:1;Q:7;Q:80;Q:9223372036854775807;MATCH:2
filter-4-1-4	3	4	1	Q:7;Q:1;Q:7;Q:80;Q:9223372036854775807;MATCH:7;Q:1;Q:1;Q:7;Q:80;Q:9223372036854775807;MISMATCH:1;Q:2;Q:1;Q:7;Q:80;Q:9223372036854775807;MISMATCH:2
filter-4-1-5	3	4	1	Q:7;Q:1;Q:7;Q:80;Q:9223372036854775807;MATCH:7;Q:1;Q:1;Q:7;Q:80;Q:9223372036854775807;MISMATCH:1;Q:2;Q:1;Q:7;Q:80;Q:9223372036854775807;FRESH:2
filter-4-1-6	3	4	1	Q:7;Q:1;Q:7;Q:80;Q:9223372036854775807;MATCH:7;Q:1;Q:1;Q:7;Q:80;Q:9223372036854775807;FRESH:1;Q:2;Q:1;Q:7;Q:80;Q:9223372036854775807;MATCH:2
filter-4-1-7	3	4	1	Q:7;Q:1;Q:7;Q:80;Q:9223372036854775807;MATCH:7;Q:1;Q:1;Q:7;Q:80;Q:9223372036854775807;FRESH:1;Q:2;Q:1;Q:7;Q:80;Q:9223372036854775807;MISMATCH:2
filter-4-1-8	3	4	1	Q:7;Q:1;Q:7;Q:80;Q:9223372036854775807;MATCH:7;Q:1;Q:1;Q:7;Q:80;Q:9223372036854775807;FRESH:1;Q:2;Q:1;Q:7;Q:80;Q:9223372036854775807;FRESH:2
filter-4-1-9	3	4	1	Q:7;Q:1;Q:7;Q:80;Q:9223372036854775807;MISMATCH:7;Q:1;Q:1;Q:7;Q:80;Q:9223372036854775807;MATCH:1;Q:2;Q:1;Q:7;Q:80;Q:9223372036854775807;MATCH:2
filter-4-1-10	3	4	1	Q:7;Q:1;Q:7;Q:80;Q:9223372036854775807;MISMATCH:7;Q:1;Q:1;Q:7;Q:80;Q:9223372036854775807;MATCH:1;Q:2;Q:1;Q:7;Q:80;Q:9223372036854775807;MISMATCH:2
filter-4-1-11	3	4	1	Q:7;Q:1;Q:7;Q:80;Q:9223372036854775807;MISMATCH:7;Q:1;Q:1;Q:7;Q:80;Q:9223372036854775807;MATCH:1;Q:2;Q:1;Q:7;Q:80;Q:9223372036854775807;FRESH:2
filter-4-1-12	3	4	1	Q:7;Q:1;Q:7;Q:80;Q:9223372036854775807;MISMATCH:7;Q:1;Q:1;Q:7;Q:80;Q:9223372036854775807;MISMATCH:1;Q:2;Q:1;Q:7;Q:80;Q:9223372036854775807;MATCH:2
filter-4-1-13	3	4	1	Q:7;Q:1;Q:7;Q:80;Q:9223372036854775807;MISMATCH:7;Q:1;Q:1;Q:7;Q:80;Q:9223372036854775807;MISMATCH:1;Q:2;Q:1;Q:7;Q:80;Q:9223372036854775807;MISMATCH:2
filter-4-1-14	3	4	1	Q:7;Q:1;Q:7;Q:80;Q:9223372036854775807;MISMATCH:7;Q:1;Q:1;Q:7;Q:80;Q:9223372036854775807;MISMATCH:1;Q:2;Q:1;Q:7;Q:80;Q:9223372036854775807;FRESH:2
filter-4-1-15	3	4	1	Q:7;Q:1;Q:7;Q:80;Q:9223372036854775807;MISMATCH:7;Q:1;Q:1;Q:7;Q:80;Q:9223372036854775807;FRESH:1;Q:2;Q:1;Q:7;Q:80;Q:9223372036854775807;MATCH:2
filter-4-1-16	3	4	1	Q:7;Q:1;Q:7;Q:80;Q:9223372036854775807;MISMATCH:7;Q:1;Q:1;Q:7;Q:80;Q:9223372036854775807;FRESH:1;Q:2;Q:1;Q:7;Q:80;Q:9223372036854775807;MISMATCH:2
filter-4-1-17	3	4	1	Q:7;Q:1;Q:7;Q:80;Q:9223372036854775807;MISMATCH:7;Q:1;Q:1;Q:7;Q:80;Q:9223372036854775807;FRESH:1;Q:2;Q:1;Q:7;Q:80;Q:9223372036854775807;FRESH:2
filter-4-1-18	3	4	1	Q:7;Q:1;Q:7;Q:80;Q:9223372036854775807;FRESH:7;Q:1;Q:1;Q:7;Q:80;Q:9223372036854775807;MATCH:1;Q:2;Q:1;Q:7;Q:80;Q:9223372036854775807;MATCH:2
filter-4-1-19	3	4	1	Q:7;Q:1;Q:7;Q:80;Q:9223372036854775807;FRESH:7;Q:1;Q:1;Q:7;Q:80;Q:9223372036854775807;MATCH:1;Q:2;Q:1;Q:7;Q:80;Q:9223372036854775807;MISMATCH:2
filter-4-1-20	3	4	1	Q:7;Q:1;Q:7;Q:80;Q:9223372036854775807;FRESH:7;Q:1;Q:1;Q:7;Q:80;Q:9223372036854775807;MATCH:1;Q:2;Q:1;Q:7;Q:80;Q:9223372036854775807;FRESH:2
filter-4-1-21	3	4	1	Q:7;Q:1;Q:7;Q:80;Q:9223372036854775807;FRESH:7;Q:1;Q:1;Q:7;Q:80;Q:9223372036854775807;MISMATCH:1;Q:2;Q:1;Q:7;Q:80;Q:9223372036854775807;MATCH:2
filter-4-1-22	3	4	1	Q:7;Q:1;Q:7;Q:80;Q:9223372036854775807;FRESH:7;Q:1;Q:1;Q:7;Q:80;Q:9223372036854775807;MISMATCH:1;Q:2;Q:1;Q:7;Q:80;Q:9223372036854775807;MISMATCH:2
filter-4-1-23	3	4	1	Q:7;Q:1;Q:7;Q:80;Q:9223372036854775807;FRESH:7;Q:1;Q:1;Q:7;Q:80;Q:9223372036854775807;MISMATCH:1;Q:2;Q:1;Q:7;Q:80;Q:9223372036854775807;FRESH:2
filter-4-1-24	3	4	1	Q:7;Q:1;Q:7;Q:80;Q:9223372036854775807;FRESH:7;Q:1;Q:1;Q:7;Q:80;Q:9223372036854775807;FRESH:1;Q:2;Q:1;Q:7;Q:80;Q:9223372036854775807;MATCH:2
filter-4-1-25	3	4	1	Q:7;Q:1;Q:7;Q:80;Q:9223372036854775807;FRESH:7;Q:1;Q:1;Q:7;Q:80;Q:9223372036854775807;FRESH:1;Q:2;Q:1;Q:7;Q:80;Q:9223372036854775807;MISMATCH:2
filter-4-1-26	3	4	1	Q:7;Q:1;Q:7;Q:80;Q:9223372036854775807;FRESH:7;Q:1;Q:1;Q:7;Q:80;Q:9223372036854775807;FRESH:1;Q:2;Q:1;Q:7;Q:80;Q:9223372036854775807;FRESH:2
filter-4-2-0	3	4	1	Q:2;Q:1;Q:7;Q:80;Q:9223372036854775807;MATCH:2;Q:2;Q:1;Q:7;Q:80;Q:9223372036854775807;MATCH:2;Q:2;Q:1;Q:7;Q:80;Q:9223372036854775807;MATCH:2
filter-4-2-1	3	4	1	Q:2;Q:1;Q:7;Q:80;Q:9223372036854775807;MATCH:2;Q:2;Q:1;Q:7;Q:80;Q:9223372036854775807;MATCH:2;Q:2;Q:1;Q:7;Q:80;Q:9223372036854775807;MISMATCH:2
filter-4-2-2	3	4	1	Q:2;Q:1;Q:7;Q:80;Q:9223372036854775807;MATCH:2;Q:2;Q:1;Q:7;Q:80;Q:9223372036854775807;MATCH:2;Q:2;Q:1;Q:7;Q:80;Q:9223372036854775807;FRESH:2
filter-4-2-3	3	4	1	Q:2;Q:1;Q:7;Q:80;Q:9223372036854775807;MATCH:2;Q:2;Q:1;Q:7;Q:80;Q:9223372036854775807;MISMATCH:2;Q:2;Q:1;Q:7;Q:80;Q:9223372036854775807;MATCH:2
filter-4-2-4	3	4	1	Q:2;Q:1;Q:7;Q:80;Q:9223372036854775807;MATCH:2;Q:2;Q:1;Q:7;Q:80;Q:9223372036854775807;MISMATCH:2;Q:2;Q:1;Q:7;Q:80;Q:9223372036854775807;MISMATCH:2
filter-4-2-5	3	4	1	Q:2;Q:1;Q:7;Q:80;Q:9223372036854775807;MATCH:2;Q:2;Q:1;Q:7;Q:80;Q:9223372036854775807;MISMATCH:2;Q:2;Q:1;Q:7;Q:80;Q:9223372036854775807;FRESH:2
filter-4-2-6	3	4	1	Q:2;Q:1;Q:7;Q:80;Q:9223372036854775807;MATCH:2;Q:2;Q:1;Q:7;Q:80;Q:9223372036854775807;FRESH:2;Q:2;Q:1;Q:7;Q:80;Q:9223372036854775807;MATCH:2
filter-4-2-7	3	4	1	Q:2;Q:1;Q:7;Q:80;Q:9223372036854775807;MATCH:2;Q:2;Q:1;Q:7;Q:80;Q:9223372036854775807;FRESH:2;Q:2;Q:1;Q:7;Q:80;Q:9223372036854775807;MISMATCH:2
filter-4-2-8	3	4	1	Q:2;Q:1;Q:7;Q:80;Q:9223372036854775807;MATCH:2;Q:2;Q:1;Q:7;Q:80;Q:9223372036854775807;FRESH:2;Q:2;Q:1;Q:7;Q:80;Q:9223372036854775807;FRESH:2
filter-4-2-9	3	4	1	Q:2;Q:1;Q:7;Q:80;Q:9223372036854775807;MISMATCH:2;Q:2;Q:1;Q:7;Q:80;Q:9223372036854775807;MATCH:2;Q:2;Q:1;Q:7;Q:80;Q:9223372036854775807;MATCH:2
filter-4-2-10	3	4	1	Q:2;Q:1;Q:7;Q:80;Q:9223372036854775807;MISMATCH:2;Q:2;Q:1;Q:7;Q:80;Q:9223372036854775807;MATCH:2;Q:2;Q:1;Q:7;Q:80;Q:9223372036854775807;MISMATCH:2
filter-4-2-11	3	4	1	Q:2;Q:1;Q:7;Q:80;Q:9223372036854775807;MISMATCH:2;Q:2;Q:1;Q:7;Q:80;Q:9223372036854775807;MATCH:2;Q:2;Q:1;Q:7;Q:80;Q:9223372036854775807;FRESH:2
filter-4-2-12	3	4	1	Q:2;Q:1;Q:7;Q:80;Q:9223372036854775807;MISMATCH:2;Q:2;Q:1;Q:7;Q:80;Q:9223372036854775807;MISMATCH:2;Q:2;Q:1;Q:7;Q:80;Q:9223372036854775807;MATCH:2
filter-4-2-13	3	4	1	Q:2;Q:1;Q:7;Q:80;Q:9223372036854775807;MISMATCH:2;Q:2;Q:1;Q:7;Q:80;Q:9223372036854775807;MISMATCH:2;Q:2;Q:1;Q:7;Q:80;Q:9223372036854775807;MISMATCH:2
filter-4-2-14	3	4	1	Q:2;Q:1;Q:7;Q:80;Q:9223372036854775807;MISMATCH:2;Q:2;Q:1;Q:7;Q:80;Q:9223372036854775807;MISMATCH:2;Q:2;Q:1;Q:7;Q:80;Q:9223372036854775807;FRESH:2
filter-4-2-15	3	4	1	Q:2;Q:1;Q:7;Q:80;Q:9223372036854775807;MISMATCH:2;Q:2;Q:1;Q:7;Q:80;Q:9223372036854775807;FRESH:2;Q:2;Q:1;Q:7;Q:80;Q:9223372036854775807;MATCH:2
filter-4-2-16	3	4	1	Q:2;Q:1;Q:7;Q:80;Q:9223372036854775807;MISMATCH:2;Q:2;Q:1;Q:7;Q:80;Q:9223372036854775807;FRESH:2;Q:2;Q:1;Q:7;Q:80;Q:9223372036854775807;MISMATCH:2
filter-4-2-17	3	4	1	Q:2;Q:1;Q:7;Q:80;Q:9223372036854775807;MISMATCH:2;Q:2;Q:1;Q:7;Q:80;Q:9223372036854775807;FRESH:2;Q:2;Q:1;Q:7;Q:80;Q:9223372036854775807;FRESH:2
filter-4-2-18	3	4	1	Q:2;Q:1;Q:7;Q:80;Q:9223372036854775807;FRESH:2;Q:2;Q:1;Q:7;Q:80;Q:9223372036854775807;MATCH:2;Q:2;Q:1;Q:7;Q:80;Q:9223372036854775807;MATCH:2
filter-4-2-19	3	4	1	Q:2;Q:1;Q:7;Q:80;Q:9223372036854775807;FRESH:2;Q:2;Q:1;Q:7;Q:80;Q:9223372036854775807;MATCH:2;Q:2;Q:1;Q:7;Q:80;Q:9223372036854775807;MISMATCH:2
filter-4-2-20	3	4	1	Q:2;Q:1;Q:7;Q:80;Q:9223372036854775807;FRESH:2;Q:2;Q:1;Q:7;Q:80;Q:9223372036854775807;MATCH:2;Q:2;Q:1;Q:7;Q:80;Q:9223372036854775807;FRESH:2
filter-4-2-21	3	4	1	Q:2;Q:1;Q:7;Q:80;Q:9223372036854775807;FRESH:2;Q:2;Q:1;Q:7;Q:80;Q:9223372036854775807;MISMATCH:2;Q:2;Q:1;Q:7;Q:80;Q:9223372036854775807;MATCH:2
filter-4-2-22	3	4	1	Q:2;Q:1;Q:7;Q:80;Q:9223372036854775807;FRESH:2;Q:2;Q:1;Q:7;Q:80;Q:9223372036854775807;MISMATCH:2;Q:2;Q:1;Q:7;Q:80;Q:9223372036854775807;MISMATCH:2
filter-4-2-23	3	4	1	Q:2;Q:1;Q:7;Q:80;Q:9223372036854775807;FRESH:2;Q:2;Q:1;Q:7;Q:80;Q:9223372036854775807;MISMATCH:2;Q:2;Q:1;Q:7;Q:80;Q:9223372036854775807;FRESH:2
filter-4-2-24	3	4	1	Q:2;Q:1;Q:7;Q:80;Q:9223372036854775807;FRESH:2;Q:2;Q:1;Q:7;Q:80;Q:9223372036854775807;FRESH:2;Q:2;Q:1;Q:7;Q:80;Q:9223372036854775807;MATCH:2
filter-4-2-25	3	4	1	Q:2;Q:1;Q:7;Q:80;Q:9223372036854775807;FRESH:2;Q:2;Q:1;Q:7;Q:80;Q:9223372036854775807;FRESH:2;Q:2;Q:1;Q:7;Q:80;Q:9223372036854775807;MISMATCH:2
filter-4-2-26	3	4	1	Q:2;Q:1;Q:7;Q:80;Q:9223372036854775807;FRESH:2;Q:2;Q:1;Q:7;Q:80;Q:9223372036854775807;FRESH:2;Q:2;Q:1;Q:7;Q:80;Q:9223372036854775807;FRESH:2
filter-5-0-0	1,7,3	2	8	Q:1;Q:1;Q:7;Q:80;Q:9223372036854775807;MATCH:1;Q:3;Q:1;Q:7;Q:80;Q:9223372036854775807;MATCH:3;Q:2;Q:1;Q:7;Q:80;Q:9223372036854775807;MATCH:2
filter-5-0-1	1,7,3	2	8	Q:1;Q:1;Q:7;Q:80;Q:9223372036854775807;MATCH:1;Q:3;Q:1;Q:7;Q:80;Q:9223372036854775807;MATCH:3;Q:2;Q:1;Q:7;Q:80;Q:9223372036854775807;MISMATCH:2
filter-5-0-2	1,7,3	2	8	Q:1;Q:1;Q:7;Q:80;Q:9223372036854775807;MATCH:1;Q:3;Q:1;Q:7;Q:80;Q:9223372036854775807;MATCH:3;Q:2;Q:1;Q:7;Q:80;Q:9223372036854775807;FRESH:2
filter-5-0-3	1,7,3	2	8	Q:1;Q:1;Q:7;Q:80;Q:9223372036854775807;MATCH:1;Q:3;Q:1;Q:7;Q:80;Q:9223372036854775807;MISMATCH:3;Q:2;Q:1;Q:7;Q:80;Q:9223372036854775807;MATCH:2
filter-5-0-4	1,7,3	2	8	Q:1;Q:1;Q:7;Q:80;Q:9223372036854775807;MATCH:1;Q:3;Q:1;Q:7;Q:80;Q:9223372036854775807;MISMATCH:3;Q:2;Q:1;Q:7;Q:80;Q:9223372036854775807;MISMATCH:2
filter-5-0-5	1,7,3	2	8	Q:1;Q:1;Q:7;Q:80;Q:9223372036854775807;MATCH:1;Q:3;Q:1;Q:7;Q:80;Q:9223372036854775807;MISMATCH:3;Q:2;Q:1;Q:7;Q:80;Q:9223372036854775807;FRESH:2
filter-5-0-6	1,7,3	2	8	Q:1;Q:1;Q:7;Q:80;Q:9223372036854775807;MATCH:1;Q:3;Q:1;Q:7;Q:80;Q:9223372036854775807;FRESH:3;Q:2;Q:1;Q:7;Q:80;Q:9223372036854775807;MATCH:2
filter-5-0-7	1,7,3	2	8	Q:1;Q:1;Q:7;Q:80;Q:9223372036854775807;MATCH:1;Q:3;Q:1;Q:7;Q:80;Q:9223372036854775807;FRESH:3;Q:2;Q:1;Q:7;Q:80;Q:9223372036854775807;MISMATCH:2
filter-5-0-8	1,7,3	2	8	Q:1;Q:1;Q:7;Q:80;Q:9223372036854775807;MATCH:1;Q:3;Q:1;Q:7;Q:80;Q:9223372036854775807;FRESH:3;Q:2;Q:1;Q:7;Q:80;Q:9223372036854775807;FRESH:2
filter-5-0-9	1,7,3	2	8	Q:1;Q:1;Q:7;Q:80;Q:9223372036854775807;MISMATCH:1;Q:3;Q:1;Q:7;Q:80;Q:9223372036854775807;MATCH:3;Q:2;Q:1;Q:7;Q:80;Q:9223372036854775807;MATCH:2
filter-5-0-10	1,7,3	2	8	Q:1;Q:1;Q:7;Q:80;Q:9223372036854775807;MISMATCH:1;Q:3;Q:1;Q:7;Q:80;Q:9223372036854775807;MATCH:3;Q:2;Q:1;Q:7;Q:80;Q:9223372036854775807;MISMATCH:2
filter-5-0-11	1,7,3	2	8	Q:1;Q:1;Q:7;Q:80;Q:9223372036854775807;MISMATCH:1;Q:3;Q:1;Q:7;Q:80;Q:9223372036854775807;MATCH:3;Q:2;Q:1;Q:7;Q:80;Q:9223372036854775807;FRESH:2
filter-5-0-12	1,7,3	2	8	Q:1;Q:1;Q:7;Q:80;Q:9223372036854775807;MISMATCH:1;Q:3;Q:1;Q:7;Q:80;Q:9223372036854775807;MISMATCH:3;Q:2;Q:1;Q:7;Q:80;Q:9223372036854775807;MATCH:2
filter-5-0-13	1,7,3	2	8	Q:1;Q:1;Q:7;Q:80;Q:9223372036854775807;MISMATCH:1;Q:3;Q:1;Q:7;Q:80;Q:9223372036854775807;MISMATCH:3;Q:2;Q:1;Q:7;Q:80;Q:9223372036854775807;MISMATCH:2
filter-5-0-14	1,7,3	2	8	Q:1;Q:1;Q:7;Q:80;Q:9223372036854775807;MISMATCH:1;Q:3;Q:1;Q:7;Q:80;Q:9223372036854775807;MISMATCH:3;Q:2;Q:1;Q:7;Q:80;Q:9223372036854775807;FRESH:2
filter-5-0-15	1,7,3	2	8	Q:1;Q:1;Q:7;Q:80;Q:9223372036854775807;MISMATCH:1;Q:3;Q:1;Q:7;Q:80;Q:9223372036854775807;FRESH:3;Q:2;Q:1;Q:7;Q:80;Q:9223372036854775807;MATCH:2
filter-5-0-16	1,7,3	2	8	Q:1;Q:1;Q:7;Q:80;Q:9223372036854775807;MISMATCH:1;Q:3;Q:1;Q:7;Q:80;Q:9223372036854775807;FRESH:3;Q:2;Q:1;Q:7;Q:80;Q:9223372036854775807;MISMATCH:2
filter-5-0-17	1,7,3	2	8	Q:1;Q:1;Q:7;Q:80;Q:9223372036854775807;MISMATCH:1;Q:3;Q:1;Q:7;Q:80;Q:9223372036854775807;FRESH:3;Q:2;Q:1;Q:7;Q:80;Q:9223372036854775807;FRESH:2
filter-5-0-18	1,7,3	2	8	Q:1;Q:1;Q:7;Q:80;Q:9223372036854775807;FRESH:1;Q:3;Q:1;Q:7;Q:80;Q:9223372036854775807;MATCH:3;Q:2;Q:1;Q:7;Q:80;Q:9223372036854775807;MATCH:2
filter-5-0-19	1,7,3	2	8	Q:1;Q:1;Q:7;Q:80;Q:9223372036854775807;FRESH:1;Q:3;Q:1;Q:7;Q:80;Q:9223372036854775807;MATCH:3;Q:2;Q:1;Q:7;Q:80;Q:9223372036854775807;MISMATCH:2
filter-5-0-20	1,7,3	2	8	Q:1;Q:1;Q:7;Q:80;Q:9223372036854775807;FRESH:1;Q:3;Q:1;Q:7;Q:80;Q:9223372036854775807;MATCH:3;Q:2;Q:1;Q:7;Q:80;Q:9223372036854775807;FRESH:2
filter-5-0-21	1,7,3	2	8	Q:1;Q:1;Q:7;Q:80;Q:9223372036854775807;FRESH:1;Q:3;Q:1;Q:7;Q:80;Q:9223372036854775807;MISMATCH:3;Q:2;Q:1;Q:7;Q:80;Q:9223372036854775807;MATCH:2
filter-5-0-22	1,7,3	2	8	Q:1;Q:1;Q:7;Q:80;Q:9223372036854775807;FRESH:1;Q:3;Q:1;Q:7;Q:80;Q:9223372036854775807;MISMATCH:3;Q:2;Q:1;Q:7;Q:80;Q:9223372036854775807;MISMATCH:2
filter-5-0-23	1,7,3	2	8	Q:1;Q:1;Q:7;Q:80;Q:9223372036854775807;FRESH:1;Q:3;Q:1;Q:7;Q:80;Q:9223372036854775807;MISMATCH:3;Q:2;Q:1;Q:7;Q:80;Q:9223372036854775807;FRESH:2
filter-5-0-24	1,7,3	2	8	Q:1;Q:1;Q:7;Q:80;Q:9223372036854775807;FRESH:1;Q:3;Q:1;Q:7;Q:80;Q:9223372036854775807;FRESH:3;Q:2;Q:1;Q:7;Q:80;Q:9223372036854775807;MATCH:2
filter-5-0-25	1,7,3	2	8	Q:1;Q:1;Q:7;Q:80;Q:9223372036854775807;FRESH:1;Q:3;Q:1;Q:7;Q:80;Q:9223372036854775807;FRESH:3;Q:2;Q:1;Q:7;Q:80;Q:9223372036854775807;MISMATCH:2
filter-5-0-26	1,7,3	2	8	Q:1;Q:1;Q:7;Q:80;Q:9223372036854775807;FRESH:1;Q:3;Q:1;Q:7;Q:80;Q:9223372036854775807;FRESH:3;Q:2;Q:1;Q:7;Q:80;Q:9223372036854775807;FRESH:2
filter-5-1-0	1,7,3	2	8	Q:7;Q:1;Q:7;Q:80;Q:9223372036854775807;MATCH:7;Q:1;Q:1;Q:7;Q:80;Q:9223372036854775807;MATCH:1;Q:2;Q:1;Q:7;Q:80;Q:9223372036854775807;MATCH:2
filter-5-1-1	1,7,3	2	8	Q:7;Q:1;Q:7;Q:80;Q:9223372036854775807;MATCH:7;Q:1;Q:1;Q:7;Q:80;Q:9223372036854775807;MATCH:1;Q:2;Q:1;Q:7;Q:80;Q:9223372036854775807;MISMATCH:2
filter-5-1-2	1,7,3	2	8	Q:7;Q:1;Q:7;Q:80;Q:9223372036854775807;MATCH:7;Q:1;Q:1;Q:7;Q:80;Q:9223372036854775807;MATCH:1;Q:2;Q:1;Q:7;Q:80;Q:9223372036854775807;FRESH:2
filter-5-1-3	1,7,3	2	8	Q:7;Q:1;Q:7;Q:80;Q:9223372036854775807;MATCH:7;Q:1;Q:1;Q:7;Q:80;Q:9223372036854775807;MISMATCH:1;Q:2;Q:1;Q:7;Q:80;Q:9223372036854775807;MATCH:2
filter-5-1-4	1,7,3	2	8	Q:7;Q:1;Q:7;Q:80;Q:9223372036854775807;MATCH:7;Q:1;Q:1;Q:7;Q:80;Q:9223372036854775807;MISMATCH:1;Q:2;Q:1;Q:7;Q:80;Q:9223372036854775807;MISMATCH:2
filter-5-1-5	1,7,3	2	8	Q:7;Q:1;Q:7;Q:80;Q:9223372036854775807;MATCH:7;Q:1;Q:1;Q:7;Q:80;Q:9223372036854775807;MISMATCH:1;Q:2;Q:1;Q:7;Q:80;Q:9223372036854775807;FRESH:2
filter-5-1-6	1,7,3	2	8	Q:7;Q:1;Q:7;Q:80;Q:9223372036854775807;MATCH:7;Q:1;Q:1;Q:7;Q:80;Q:9223372036854775807;FRESH:1;Q:2;Q:1;Q:7;Q:80;Q:9223372036854775807;MATCH:2
filter-5-1-7	1,7,3	2	8	Q:7;Q:1;Q:7;Q:80;Q:9223372036854775807;MATCH:7;Q:1;Q:1;Q:7;Q:80;Q:9223372036854775807;FRESH:1;Q:2;Q:1;Q:7;Q:80;Q:9223372036854775807;MISMATCH:2
filter-5-1-8	1,7,3	2	8	Q:7;Q:1;Q:7;Q:80;Q:9223372036854775807;MATCH:7;Q:1;Q:1;Q:7;Q:80;Q:9223372036854775807;FRESH:1;Q:2;Q:1;Q:7;Q:80;Q:9223372036854775807;FRESH:2
filter-5-1-9	1,7,3	2	8	Q:7;Q:1;Q:7;Q:80;Q:9223372036854775807;MISMATCH:7;Q:1;Q:1;Q:7;Q:80;Q:9223372036854775807;MATCH:1;Q:2;Q:1;Q:7;Q:80;Q:9223372036854775807;MATCH:2
filter-5-1-10	1,7,3	2	8	Q:7;Q:1;Q:7;Q:80;Q:9223372036854775807;MISMATCH:7;Q:1;Q:1;Q:7;Q:80;Q:9223372036854775807;MATCH:1;Q:2;Q:1;Q:7;Q:80;Q:9223372036854775807;MISMATCH:2
filter-5-1-11	1,7,3	2	8	Q:7;Q:1;Q:7;Q:80;Q:9223372036854775807;MISMATCH:7;Q:1;Q:1;Q:7;Q:80;Q:9223372036854775807;MATCH:1;Q:2;Q:1;Q:7;Q:80;Q:9223372036854775807;FRESH:2
filter-5-1-12	1,7,3	2	8	Q:7;Q:1;Q:7;Q:80;Q:9223372036854775807;MISMATCH:7;Q:1;Q:1;Q:7;Q:80;Q:9223372036854775807;MISMATCH:1;Q:2;Q:1;Q:7;Q:80;Q:9223372036854775807;MATCH:2
filter-5-1-13	1,7,3	2	8	Q:7;Q:1;Q:7;Q:80;Q:9223372036854775807;MISMATCH:7;Q:1;Q:1;Q:7;Q:80;Q:9223372036854775807;MISMATCH:1;Q:2;Q:1;Q:7;Q:80;Q:9223372036854775807;MISMATCH:2
filter-5-1-14	1,7,3	2	8	Q:7;Q:1;Q:7;Q:80;Q:9223372036854775807;MISMATCH:7;Q:1;Q:1;Q:7;Q:80;Q:9223372036854775807;MISMATCH:1;Q:2;Q:1;Q:7;Q:80;Q:9223372036854775807;FRESH:2
filter-5-1-15	1,7,3	2	8	Q:7;Q:1;Q:7;Q:80;Q:9223372036854775807;MISMATCH:7;Q:1;Q:1;Q:7;Q:80;Q:9223372036854775807;FRESH:1;Q:2;Q:1;Q:7;Q:80;Q:9223372036854775807;MATCH:2
filter-5-1-16	1,7,3	2	8	Q:7;Q:1;Q:7;Q:80;Q:9223372036854775807;MISMATCH:7;Q:1;Q:1;Q:7;Q:80;Q:9223372036854775807;FRESH:1;Q:2;Q:1;Q:7;Q:80;Q:9223372036854775807;MISMATCH:2
filter-5-1-17	1,7,3	2	8	Q:7;Q:1;Q:7;Q:80;Q:9223372036854775807;MISMATCH:7;Q:1;Q:1;Q:7;Q:80;Q:9223372036854775807;FRESH:1;Q:2;Q:1;Q:7;Q:80;Q:9223372036854775807;FRESH:2
filter-5-1-18	1,7,3	2	8	Q:7;Q:1;Q:7;Q:80;Q:9223372036854775807;FRESH:7;Q:1;Q:1;Q:7;Q:80;Q:9223372036854775807;MATCH:1;Q:2;Q:1;Q:7;Q:80;Q:9223372036854775807;MATCH:2
filter-5-1-19	1,7,3	2	8	Q:7;Q:1;Q:7;Q:80;Q:9223372036854775807;FRESH:7;Q:1;Q:1;Q:7;Q:80;Q:9223372036854775807;MATCH:1;Q:2;Q:1;Q:7;Q:80;Q:9223372036854775807;MISMATCH:2
filter-5-1-20	1,7,3	2	8	Q:7;Q:1;Q:7;Q:80;Q:9223372036854775807;FRESH:7;Q:1;Q:1;Q:7;Q:80;Q:9223372036854775807;MATCH:1;Q:2;Q:1;Q:7;Q:80;Q:9223372036854775807;FRESH:2
filter-5-1-21	1,7,3	2	8	Q:7;Q:1;Q:7;Q:80;Q:9223372036854775807;FRESH:7;Q:1;Q:1;Q:7;Q:80;Q:9223372036854775807;MISMATCH:1;Q:2;Q:1;Q:7;Q:80;Q:9223372036854775807;MATCH:2
filter-5-1-22	1,7,3	2	8	Q:7;Q:1;Q:7;Q:80;Q:9223372036854775807;FRESH:7;Q:1;Q:1;Q:7;Q:80;Q:9223372036854775807;MISMATCH:1;Q:2;Q:1;Q:7;Q:80;Q:9223372036854775807;MISMATCH:2
filter-5-1-23	1,7,3	2	8	Q:7;Q:1;Q:7;Q:80;Q:9223372036854775807;FRESH:7;Q:1;Q:1;Q:7;Q:80;Q:9223372036854775807;MISMATCH:1;Q:2;Q:1;Q:7;Q:80;Q:9223372036854775807;FRESH:2
filter-5-1-24	1,7,3	2	8	Q:7;Q:1;Q:7;Q:80;Q:9223372036854775807;FRESH:7;Q:1;Q:1;Q:7;Q:80;Q:9223372036854775807;FRESH:1;Q:2;Q:1;Q:7;Q:80;Q:9223372036854775807;MATCH:2
filter-5-1-25	1,7,3	2	8	Q:7;Q:1;Q:7;Q:80;Q:9223372036854775807;FRESH:7;Q:1;Q:1;Q:7;Q:80;Q:9223372036854775807;FRESH:1;Q:2;Q:1;Q:7;Q:80;Q:9223372036854775807;MISMATCH:2
filter-5-1-26	1,7,3	2	8	Q:7;Q:1;Q:7;Q:80;Q:9223372036854775807;FRESH:7;Q:1;Q:1;Q:7;Q:80;Q:9223372036854775807;FRESH:1;Q:2;Q:1;Q:7;Q:80;Q:9223372036854775807;FRESH:2
filter-5-2-0	1,7,3	2	8	Q:2;Q:1;Q:7;Q:80;Q:9223372036854775807;MATCH:2;Q:2;Q:1;Q:7;Q:80;Q:9223372036854775807;MATCH:2;Q:2;Q:1;Q:7;Q:80;Q:9223372036854775807;MATCH:2
filter-5-2-1	1,7,3	2	8	Q:2;Q:1;Q:7;Q:80;Q:9223372036854775807;MATCH:2;Q:2;Q:1;Q:7;Q:80;Q:9223372036854775807;MATCH:2;Q:2;Q:1;Q:7;Q:80;Q:9223372036854775807;MISMATCH:2
filter-5-2-2	1,7,3	2	8	Q:2;Q:1;Q:7;Q:80;Q:9223372036854775807;MATCH:2;Q:2;Q:1;Q:7;Q:80;Q:9223372036854775807;MATCH:2;Q:2;Q:1;Q:7;Q:80;Q:9223372036854775807;FRESH:2
filter-5-2-3	1,7,3	2	8	Q:2;Q:1;Q:7;Q:80;Q:9223372036854775807;MATCH:2;Q:2;Q:1;Q:7;Q:80;Q:9223372036854775807;MISMATCH:2;Q:2;Q:1;Q:7;Q:80;Q:9223372036854775807;MATCH:2
filter-5-2-4	1,7,3	2	8	Q:2;Q:1;Q:7;Q:80;Q:9223372036854775807;MATCH:2;Q:2;Q:1;Q:7;Q:80;Q:9223372036854775807;MISMATCH:2;Q:2;Q:1;Q:7;Q:80;Q:9223372036854775807;MISMATCH:2
filter-5-2-5	1,7,3	2	8	Q:2;Q:1;Q:7;Q:80;Q:9223372036854775807;MATCH:2;Q:2;Q:1;Q:7;Q:80;Q:9223372036854775807;MISMATCH:2;Q:2;Q:1;Q:7;Q:80;Q:9223372036854775807;FRESH:2
filter-5-2-6	1,7,3	2	8	Q:2;Q:1;Q:7;Q:80;Q:9223372036854775807;MATCH:2;Q:2;Q:1;Q:7;Q:80;Q:9223372036854775807;FRESH:2;Q:2;Q:1;Q:7;Q:80;Q:9223372036854775807;MATCH:2
filter-5-2-7	1,7,3	2	8	Q:2;Q:1;Q:7;Q:80;Q:9223372036854775807;MATCH:2;Q:2;Q:1;Q:7;Q:80;Q:9223372036854775807;FRESH:2;Q:2;Q:1;Q:7;Q:80;Q:9223372036854775807;MISMATCH:2
filter-5-2-8	1,7,3	2	8	Q:2;Q:1;Q:7;Q:80;Q:9223372036854775807;MATCH:2;Q:2;Q:1;Q:7;Q:80;Q:9223372036854775807;FRESH:2;Q:2;Q:1;Q:7;Q:80;Q:9223372036854775807;FRESH:2
filter-5-2-9	1,7,3	2	8	Q:2;Q:1;Q:7;Q:80;Q:9223372036854775807;MISMATCH:2;Q:2;Q:1;Q:7;Q:80;Q:9223372036854775807;MATCH:2;Q:2;Q:1;Q:7;Q:80;Q:9223372036854775807;MATCH:2
filter-5-2-10	1,7,3	2	8	Q:2;Q:1;Q:7;Q:80;Q:9223372036854775807;MISMATCH:2;Q:2;Q:1;Q:7;Q:80;Q:9223372036854775807;MATCH:2;Q:2;Q:1;Q:7;Q:80;Q:9223372036854775807;MISMATCH:2
filter-5-2-11	1,7,3	2	8	Q:2;Q:1;Q:7;Q:80;Q:9223372036854775807;MISMATCH:2;Q:2;Q:1;Q:7;Q:80;Q:9223372036854775807;MATCH:2;Q:2;Q:1;Q:7;Q:80;Q:9223372036854775807;FRESH:2
filter-5-2-12	1,7,3	2	8	Q:2;Q:1;Q:7;Q:80;Q:9223372036854775807;MISMATCH:2;Q:2;Q:1;Q:7;Q:80;Q:9223372036854775807;MISMATCH:2;Q:2;Q:1;Q:7;Q:80;Q:9223372036854775807;MATCH:2
filter-5-2-13	1,7,3	2	8	Q:2;Q:1;Q:7;Q:80;Q:9223372036854775807;MISMATCH:2;Q:2;Q:1;Q:7;Q:80;Q:9223372036854775807;MISMATCH:2;Q:2;Q:1;Q:7;Q:80;Q:9223372036854775807;MISMATCH:2
filter-5-2-14	1,7,3	2	8	Q:2;Q:1;Q:7;Q:80;Q:9223372036854775807;MISMATCH:2;Q:2;Q:1;Q:7;Q:80;Q:9223372036854775807;MISMATCH:2;Q:2;Q:1;Q:7;Q:80;Q:9223372036854775807;FRESH:2
filter-5-2-15	1,7,3	2	8	Q:2;Q:1;Q:7;Q:80;Q:9223372036854775807;MISMATCH:2;Q:2;Q:1;Q:7;Q:80;Q:9223372036854775807;FRESH:2;Q:2;Q:1;Q:7;Q:80;Q:9223372036854775807;MATCH:2
filter-5-2-16	1,7,3	2	8	Q:2;Q:1;Q:7;Q:80;Q:9223372036854775807;MISMATCH:2;Q:2;Q:1;Q:7;Q:80;Q:9223372036854775807;FRESH:2;Q:2;Q:1;Q:7;Q:80;Q:9223372036854775807;MISMATCH:2
filter-5-2-17	1,7,3	2	8	Q:2;Q:1;Q:7;Q:80;Q:9223372036854775807;MISMATCH:2;Q:2;Q:1;Q:7;Q:80;Q:9223372036854775807;FRESH:2;Q:2;Q:1;Q:7;Q:80;Q:9223372036854775807;FRESH:2
filter-5-2-18	1,7,3	2	8	Q:2;Q:1;Q:7;Q:80;Q:9223372036854775807;FRESH:2;Q:2;Q:1;Q:7;Q:80;Q:9223372036854775807;MATCH:2;Q:2;Q:1;Q:7;Q:80;Q:9223372036854775807;MATCH:2
filter-5-2-19	1,7,3	2	8	Q:2;Q:1;Q:7;Q:80;Q:9223372036854775807;FRESH:2;Q:2;Q:1;Q:7;Q:80;Q:9223372036854775807;MATCH:2;Q:2;Q:1;Q:7;Q:80;Q:9223372036854775807;MISMATCH:2
filter-5-2-20	1,7,3	2	8	Q:2;Q:1;Q:7;Q:80;Q:9223372036854775807;FRESH:2;Q:2;Q:1;Q:7;Q:80;Q:9223372036854775807;MATCH:2;Q:2;Q:1;Q:7;Q:80;Q:9223372036854775807;FRESH:2
filter-5-2-21	1,7,3	2	8	Q:2;Q:1;Q:7;Q:80;Q:9223372036854775807;FRESH:2;Q:2;Q:1;Q:7;Q:80;Q:9223372036854775807;MISMATCH:2;Q:2;Q:1;Q:7;Q:80;Q:9223372036854775807;MATCH:2
filter-5-2-22	1,7,3	2	8	Q:2;Q:1;Q:7;Q:80;Q:9223372036854775807;FRESH:2;Q:2;Q:1;Q:7;Q:80;Q:9223372036854775807;MISMATCH:2;Q:2;Q:1;Q:7;Q:80;Q:9223372036854775807;MISMATCH:2
filter-5-2-23	1,7,3	2	8	Q:2;Q:1;Q:7;Q:80;Q:9223372036854775807;FRESH:2;Q:2;Q:1;Q:7;Q:80;Q:9223372036854775807;MISMATCH:2;Q:2;Q:1;Q:7;Q:80;Q:9223372036854775807;FRESH:2
filter-5-2-24	1,7,3	2	8	Q:2;Q:1;Q:7;Q:80;Q:9223372036854775807;FRESH:2;Q:2;Q:1;Q:7;Q:80;Q:9223372036854775807;FRESH:2;Q:2;Q:1;Q:7;Q:80;Q:9223372036854775807;MATCH:2
filter-5-2-25	1,7,3	2	8	Q:2;Q:1;Q:7;Q:80;Q:9223372036854775807;FRESH:2;Q:2;Q:1;Q:7;Q:80;Q:9223372036854775807;FRESH:2;Q:2;Q:1;Q:7;Q:80;Q:9223372036854775807;MISMATCH:2
filter-5-2-26	1,7,3	2	8	Q:2;Q:1;Q:7;Q:80;Q:9223372036854775807;FRESH:2;Q:2;Q:1;Q:7;Q:80;Q:9223372036854775807;FRESH:2;Q:2;Q:1;Q:7;Q:80;Q:9223372036854775807;FRESH:2
boundary-zero	-	0	0	Q:0
boundary-negative_weight	-	0	0	MATCH:-1
boundary-negative_k	-	-1	0	-
boundary-negative_ell	-	0	-1	-
boundary-nonviable	2	0	1	-
boundary-constructor_top_overflow	9223372036854775807,1	2	0	-
boundary-prospective_top_overflow	9223372036854775807	2	0	Q:1;MATCH:1;MISMATCH:1
boundary-ell_overflow	9223372036854775807	1	9223372036854775807	Q:1;FRESH:1;MISMATCH:1
boundary-credit_overflow	-	9223372036854775807	0	MISMATCH:1
boundary-null_outcome	3	1	0	N:1
boundary-unsafe_fresh	-	0	0	FRESH:1
boundary-safe_max	9223372036854775807	1	0	Q:9223372036854775807;FRESH:9223372036854775807
