b1_two_r2_warmup_1_d10	warmup	1	1	10	two	2
b1_two_r2_warmup_1_d1000	warmup	1	1	1000	two	2
b1_two_r2_warmup_1_d0	warmup	1	1	0	two	2
b1_two_r2_warmup_1_d100	warmup	1	1	100	two	2
b1_two_r2_warmup_2_d100	warmup	1	2	100	two	2
b1_two_r2_warmup_2_d1000	warmup	1	2	1000	two	2
b1_two_r2_warmup_2_d0	warmup	1	2	0	two	2
b1_two_r2_warmup_2_d10	warmup	1	2	10	two	2
b1_two_r2_measurement_1_d0	measurement	1	1	0	two	2
b1_two_r2_measurement_1_d10	measurement	1	1	10	two	2
b1_two_r2_measurement_1_d100	measurement	1	1	100	two	2
b1_two_r2_measurement_1_d1000	measurement	1	1	1000	two	2
b1_two_r2_measurement_2_d100	measurement	1	2	100	two	2
b1_two_r2_measurement_2_d10	measurement	1	2	10	two	2
b1_two_r2_measurement_2_d1000	measurement	1	2	1000	two	2
b1_two_r2_measurement_2_d0	measurement	1	2	0	two	2
b1_two_r2_measurement_3_d100	measurement	1	3	100	two	2
b1_two_r2_measurement_3_d0	measurement	1	3	0	two	2
b1_two_r2_measurement_3_d10	measurement	1	3	10	two	2
b1_two_r2_measurement_3_d1000	measurement	1	3	1000	two	2
b1_two_r2_measurement_4_d1000	measurement	1	4	1000	two	2
b1_two_r2_measurement_4_d0	measurement	1	4	0	two	2
b1_two_r2_measurement_4_d10	measurement	1	4	10	two	2
b1_two_r2_measurement_4_d100	measurement	1	4	100	two	2
b1_two_r2_measurement_5_d100	measurement	1	5	100	two	2
b1_two_r2_measurement_5_d1000	measurement	1	5	1000	two	2
b1_two_r2_measurement_5_d0	measurement	1	5	0	two	2
b1_two_r2_measurement_5_d10	measurement	1	5	10	two	2
b1_two_r2_measurement_6_d10	measurement	1	6	10	two	2
b1_two_r2_measurement_6_d0	measurement	1	6	0	two	2
b1_two_r2_measurement_6_d1000	measurement	1	6	1000	two	2
b1_two_r2_measurement_6_d100	measurement	1	6	100	two	2
b1_two_r2_measurement_7_d0	measurement	1	7	0	two	2
b1_two_r2_measurement_7_d100	measurement	1	7	100	two	2
b1_two_r2_measurement_7_d10	measurement	1	7	10	two	2
b1_two_r2_measurement_7_d1000	measurement	1	7	1000	two	2
b1_two_r2_measurement_8_d10	measurement	1	8	10	two	2
b1_two_r2_measurement_8_d1000	measurement	1	8	1000	two	2
b1_two_r2_measurement_8_d0	measurement	1	8	0	two	2
b1_two_r2_measurement_8_d100	measurement	1	8	100	two	2
b1_two_r2_measurement_9_d0	measurement	1	9	0	two	2
b1_two_r2_measurement_9_d1000	measurement	1	9	1000	two	2
b1_two_r2_measurement_9_d10	measurement	1	9	10	two	2
b1_two_r2_measurement_9_d100	measurement	1	9	100	two	2
b1_two_r2_measurement_10_d1000	measurement	1	10	1000	two	2
b1_two_r2_measurement_10_d0	measurement	1	10	0	two	2
b1_two_r2_measurement_10_d10	measurement	1	10	10	two	2
b1_two_r2_measurement_10_d100	measurement	1	10	100	two	2
