b3_per-job-three_r1_warmup_1_d1000	warmup	3	1	1000	per-job-three	1
b3_per-job-three_r1_warmup_1_d0	warmup	3	1	0	per-job-three	1
b3_per-job-three_r1_warmup_1_d100	warmup	3	1	100	per-job-three	1
b3_per-job-three_r1_warmup_1_d10	warmup	3	1	10	per-job-three	1
b3_per-job-three_r1_warmup_2_d10	warmup	3	2	10	per-job-three	1
b3_per-job-three_r1_warmup_2_d100	warmup	3	2	100	per-job-three	1
b3_per-job-three_r1_warmup_2_d1000	warmup	3	2	1000	per-job-three	1
b3_per-job-three_r1_warmup_2_d0	warmup	3	2	0	per-job-three	1
b3_per-job-three_r1_measurement_1_d10	measurement	3	1	10	per-job-three	1
b3_per-job-three_r1_measurement_1_d1000	measurement	3	1	1000	per-job-three	1
b3_per-job-three_r1_measurement_1_d100	measurement	3	1	100	per-job-three	1
b3_per-job-three_r1_measurement_1_d0	measurement	3	1	0	per-job-three	1
b3_per-job-three_r1_measurement_2_d100	measurement	3	2	100	per-job-three	1
b3_per-job-three_r1_measurement_2_d1000	measurement	3	2	1000	per-job-three	1
b3_per-job-three_r1_measurement_2_d10	measurement	3	2	10	per-job-three	1
b3_per-job-three_r1_measurement_2_d0	measurement	3	2	0	per-job-three	1
b3_per-job-three_r1_measurement_3_d0	measurement	3	3	0	per-job-three	1
b3_per-job-three_r1_measurement_3_d100	measurement	3	3	100	per-job-three	1
b3_per-job-three_r1_measurement_3_d10	measurement	3	3	10	per-job-three	1
b3_per-job-three_r1_measurement_3_d1000	measurement	3	3	1000	per-job-three	1
b3_per-job-three_r1_measurement_4_d100	measurement	3	4	100	per-job-three	1
b3_per-job-three_r1_measurement_4_d0	measurement	3	4	0	per-job-three	1
b3_per-job-three_r1_measurement_4_d10	measurement	3	4	10	per-job-three	1
b3_per-job-three_r1_measurement_4_d1000	measurement	3	4	1000	per-job-three	1
b3_per-job-three_r1_measurement_5_d10	measurement	3	5	10	per-job-three	1
b3_per-job-three_r1_measurement_5_d100	measurement	3	5	100	per-job-three	1
b3_per-job-three_r1_measurement_5_d1000	measurement	3	5	1000	per-job-three	1
b3_per-job-three_r1_measurement_5_d0	measurement	3	5	0	per-job-three	1
b3_per-job-three_r1_measurement_6_d100	measurement	3	6	100	per-job-three	1
b3_per-job-three_r1_measurement_6_d0	measurement	3	6	0	per-job-three	1
b3_per-job-three_r1_measurement_6_d1000	measurement	3	6	1000	per-job-three	1
b3_per-job-three_r1_measurement_6_d10	measurement	3	6	10	per-job-three	1
b3_per-job-three_r1_measurement_7_d1000	measurement	3	7	1000	per-job-three	1
b3_per-job-three_r1_measurement_7_d100	measurement	3	7	100	per-job-three	1
b3_per-job-three_r1_measurement_7_d10	measurement	3	7	10	per-job-three	1
b3_per-job-three_r1_measurement_7_d0	measurement	3	7	0	per-job-three	1
b3_per-job-three_r1_measurement_8_d1000	measurement	3	8	1000	per-job-three	1
b3_per-job-three_r1_measurement_8_d100	measurement	3	8	100	per-job-three	1
b3_per-job-three_r1_measurement_8_d0	measurement	3	8	0	per-job-three	1
b3_per-job-three_r1_measurement_8_d10	measurement	3	8	10	per-job-three	1
b3_per-job-three_r1_measurement_9_d10	measurement	3	9	10	per-job-three	1
b3_per-job-three_r1_measurement_9_d1000	measurement	3	9	1000	per-job-three	1
b3_per-job-three_r1_measurement_9_d100	measurement	3	9	100	per-job-three	1
b3_per-job-three_r1_measurement_9_d0	measurement	3	9	0	per-job-three	1
b3_per-job-three_r1_measurement_10_d10	measurement	3	10	10	per-job-three	1
b3_per-job-three_r1_measurement_10_d1000	measurement	3	10	1000	per-job-three	1
b3_per-job-three_r1_measurement_10_d100	measurement	3	10	100	per-job-three	1
b3_per-job-three_r1_measurement_10_d0	measurement	3	10	0	per-job-three	1
