f2-0000	warmup	2	-2	4	1	5	three	normal
f2-0001	warmup	2	-2	4	1	5	original	normal
f2-0002	warmup	2	-2	4	1	5	two	normal
f2-0003	warmup	2	-2	4	0	4	original	normal
f2-0004	warmup	2	-2	4	0	4	two	normal
f2-0005	warmup	2	-2	4	0	4	three	normal
f2-0006	warmup	2	-2	4	1	1	two	normal
f2-0007	warmup	2	-2	4	1	1	original	normal
f2-0008	warmup	2	-2	4	1	1	three	normal
f2-0009	warmup	2	-2	4	1	0	original	normal
f2-0010	warmup	2	-2	4	1	0	three	normal
f2-0011	warmup	2	-2	4	1	0	two	normal
f2-0012	warmup	2	-2	4	0	1	three	normal
f2-0013	warmup	2	-2	4	0	1	two	normal
f2-0014	warmup	2	-2	4	0	1	original	normal
f2-0015	warmup	2	-2	4	2	6	original	normal
f2-0016	warmup	2	-2	4	2	6	two	normal
f2-0017	warmup	2	-2	4	2	6	three	normal
f2-0018	warmup	2	-2	4	2	2	three	normal
f2-0019	warmup	2	-2	4	2	2	original	normal
f2-0020	warmup	2	-2	4	2	2	two	normal
f2-0021	warmup	2	-2	4	2	0	three	normal
f2-0022	warmup	2	-2	4	2	0	original	normal
f2-0023	warmup	2	-2	4	2	0	two	normal
f2-0024	warmup	2	-2	4	0	0	three	normal
f2-0025	warmup	2	-2	4	0	0	original	normal
f2-0026	warmup	2	-2	4	0	0	two	normal
f2-0027	warmup	2	-2	4	1	2	original	normal
f2-0028	warmup	2	-2	4	1	2	two	normal
f2-0029	warmup	2	-2	4	1	2	three	normal
f2-0030	warmup	2	-2	4	2	3	three	normal
f2-0031	warmup	2	-2	4	2	3	two	normal
f2-0032	warmup	2	-2	4	2	3	original	normal
f2-0033	warmup	2	-1	4	0	4	two	normal
f2-0034	warmup	2	-1	4	0	4	three	normal
f2-0035	warmup	2	-1	4	0	4	original	normal
f2-0036	warmup	2	-1	4	2	0	original	normal
f2-0037	warmup	2	-1	4	2	0	two	normal
f2-0038	warmup	2	-1	4	2	0	three	normal
f2-0039	warmup	2	-1	4	2	3	three	normal
f2-0040	warmup	2	-1	4	2	3	two	normal
f2-0041	warmup	2	-1	4	2	3	original	normal
f2-0042	warmup	2	-1	4	1	2	two	normal
f2-0043	warmup	2	-1	4	1	2	original	normal
f2-0044	warmup	2	-1	4	1	2	three	normal
f2-0045	warmup	2	-1	4	0	1	three	normal
f2-0046	warmup	2	-1	4	0	1	two	normal
f2-0047	warmup	2	-1	4	0	1	original	normal
f2-0048	warmup	2	-1	4	1	1	original	normal
f2-0049	warmup	2	-1	4	1	1	two	normal
f2-0050	warmup	2	-1	4	1	1	three	normal
f2-0051	warmup	2	-1	4	1	5	two	normal
f2-0052	warmup	2	-1	4	1	5	three	normal
f2-0053	warmup	2	-1	4	1	5	original	normal
f2-0054	warmup	2	-1	4	1	0	original	normal
f2-0055	warmup	2	-1	4	1	0	three	normal
f2-0056	warmup	2	-1	4	1	0	two	normal
f2-0057	warmup	2	-1	4	2	2	three	normal
f2-0058	warmup	2	-1	4	2	2	original	normal
f2-0059	warmup	2	-1	4	2	2	two	normal
f2-0060	warmup	2	-1	4	0	0	original	normal
f2-0061	warmup	2	-1	4	0	0	two	normal
f2-0062	warmup	2	-1	4	0	0	three	normal
f2-0063	warmup	2	-1	4	2	6	three	normal
f2-0064	warmup	2	-1	4	2	6	original	normal
f2-0065	warmup	2	-1	4	2	6	two	normal
f2-0066	measure	2	0	4	0	4	original	normal
f2-0067	measure	2	0	4	0	4	two	normal
f2-0068	measure	2	0	4	0	4	three	normal
f2-0069	measure	2	0	4	2	2	original	normal
f2-0070	measure	2	0	4	2	2	two	normal
f2-0071	measure	2	0	4	2	2	three	normal
f2-0072	measure	2	0	4	0	0	original	normal
f2-0073	measure	2	0	4	0	0	three	normal
f2-0074	measure	2	0	4	0	0	two	normal
f2-0075	measure	2	0	4	2	0	two	normal
f2-0076	measure	2	0	4	2	0	three	normal
f2-0077	measure	2	0	4	2	0	original	normal
f2-0078	measure	2	0	4	2	3	three	normal
f2-0079	measure	2	0	4	2	3	two	normal
f2-0080	measure	2	0	4	2	3	original	normal
f2-0081	measure	2	0	4	1	1	three	normal
f2-0082	measure	2	0	4	1	1	original	normal
f2-0083	measure	2	0	4	1	1	two	normal
f2-0084	measure	2	0	4	2	6	two	normal
f2-0085	measure	2	0	4	2	6	original	normal
f2-0086	measure	2	0	4	2	6	three	normal
f2-0087	measure	2	0	4	1	0	original	normal
f2-0088	measure	2	0	4	1	0	three	normal
f2-0089	measure	2	0	4	1	0	two	normal
f2-0090	measure	2	0	4	1	2	two	normal
f2-0091	measure	2	0	4	1	2	original	normal
f2-0092	measure	2	0	4	1	2	three	normal
f2-0093	measure	2	0	4	0	1	three	normal
f2-0094	measure	2	0	4	0	1	two	normal
f2-0095	measure	2	0	4	0	1	original	normal
f2-0096	measure	2	0	4	1	5	two	normal
f2-0097	measure	2	0	4	1	5	original	normal
f2-0098	measure	2	0	4	1	5	three	normal
f2-0099	measure	2	1	4	2	3	three	normal
f2-0100	measure	2	1	4	2	3	two	normal
f2-0101	measure	2	1	4	2	3	original	normal
f2-0102	measure	2	1	4	1	2	three	normal
f2-0103	measure	2	1	4	1	2	two	normal
f2-0104	measure	2	1	4	1	2	original	normal
f2-0105	measure	2	1	4	2	6	three	normal
f2-0106	measure	2	1	4	2	6	two	normal
f2-0107	measure	2	1	4	2	6	original	normal
f2-0108	measure	2	1	4	2	0	original	normal
f2-0109	measure	2	1	4	2	0	three	normal
f2-0110	measure	2	1	4	2	0	two	normal
f2-0111	measure	2	1	4	1	1	two	normal
f2-0112	measure	2	1	4	1	1	three	normal
f2-0113	measure	2	1	4	1	1	original	normal
f2-0114	measure	2	1	4	0	0	two	normal
f2-0115	measure	2	1	4	0	0	original	normal
f2-0116	measure	2	1	4	0	0	three	normal
f2-0117	measure	2	1	4	0	4	three	normal
f2-0118	measure	2	1	4	0	4	two	normal
f2-0119	measure	2	1	4	0	4	original	normal
f2-0120	measure	2	1	4	0	1	three	normal
f2-0121	measure	2	1	4	0	1	original	normal
f2-0122	measure	2	1	4	0	1	two	normal
f2-0123	measure	2	1	4	2	2	original	normal
f2-0124	measure	2	1	4	2	2	three	normal
f2-0125	measure	2	1	4	2	2	two	normal
f2-0126	measure	2	1	4	1	5	two	normal
f2-0127	measure	2	1	4	1	5	three	normal
f2-0128	measure	2	1	4	1	5	original	normal
f2-0129	measure	2	1	4	1	0	three	normal
f2-0130	measure	2	1	4	1	0	original	normal
f2-0131	measure	2	1	4	1	0	two	normal
f2-0132	measure	2	2	4	2	3	two	normal
f2-0133	measure	2	2	4	2	3	original	normal
f2-0134	measure	2	2	4	2	3	three	normal
f2-0135	measure	2	2	4	1	0	original	normal
f2-0136	measure	2	2	4	1	0	two	normal
f2-0137	measure	2	2	4	1	0	three	normal
f2-0138	measure	2	2	4	0	1	three	normal
f2-0139	measure	2	2	4	0	1	two	normal
f2-0140	measure	2	2	4	0	1	original	normal
f2-0141	measure	2	2	4	2	6	original	normal
f2-0142	measure	2	2	4	2	6	two	normal
f2-0143	measure	2	2	4	2	6	three	normal
f2-0144	measure	2	2	4	0	4	two	normal
f2-0145	measure	2	2	4	0	4	original	normal
f2-0146	measure	2	2	4	0	4	three	normal
f2-0147	measure	2	2	4	0	0	two	normal
f2-0148	measure	2	2	4	0	0	three	normal
f2-0149	measure	2	2	4	0	0	original	normal
f2-0150	measure	2	2	4	1	5	two	normal
f2-0151	measure	2	2	4	1	5	three	normal
f2-0152	measure	2	2	4	1	5	original	normal
f2-0153	measure	2	2	4	2	0	original	normal
f2-0154	measure	2	2	4	2	0	two	normal
f2-0155	measure	2	2	4	2	0	three	normal
f2-0156	measure	2	2	4	1	2	two	normal
f2-0157	measure	2	2	4	1	2	original	normal
f2-0158	measure	2	2	4	1	2	three	normal
f2-0159	measure	2	2	4	2	2	original	normal
f2-0160	measure	2	2	4	2	2	two	normal
f2-0161	measure	2	2	4	2	2	three	normal
f2-0162	measure	2	2	4	1	1	two	normal
f2-0163	measure	2	2	4	1	1	three	normal
f2-0164	measure	2	2	4	1	1	original	normal
f2-0165	measure	2	3	4	0	1	original	normal
f2-0166	measure	2	3	4	0	1	two	normal
f2-0167	measure	2	3	4	0	1	three	normal
f2-0168	measure	2	3	4	2	3	original	normal
f2-0169	measure	2	3	4	2	3	three	normal
f2-0170	measure	2	3	4	2	3	two	normal
f2-0171	measure	2	3	4	1	5	original	normal
f2-0172	measure	2	3	4	1	5	three	normal
f2-0173	measure	2	3	4	1	5	two	normal
f2-0174	measure	2	3	4	2	0	three	normal
f2-0175	measure	2	3	4	2	0	original	normal
f2-0176	measure	2	3	4	2	0	two	normal
f2-0177	measure	2	3	4	0	0	original	normal
f2-0178	measure	2	3	4	0	0	three	normal
f2-0179	measure	2	3	4	0	0	two	normal
f2-0180	measure	2	3	4	2	6	two	normal
f2-0181	measure	2	3	4	2	6	three	normal
f2-0182	measure	2	3	4	2	6	original	normal
f2-0183	measure	2	3	4	1	0	original	normal
f2-0184	measure	2	3	4	1	0	two	normal
f2-0185	measure	2	3	4	1	0	three	normal
f2-0186	measure	2	3	4	0	4	three	normal
f2-0187	measure	2	3	4	0	4	two	normal
f2-0188	measure	2	3	4	0	4	original	normal
f2-0189	measure	2	3	4	1	1	three	normal
f2-0190	measure	2	3	4	1	1	two	normal
f2-0191	measure	2	3	4	1	1	original	normal
f2-0192	measure	2	3	4	1	2	original	normal
f2-0193	measure	2	3	4	1	2	two	normal
f2-0194	measure	2	3	4	1	2	three	normal
f2-0195	measure	2	3	4	2	2	original	normal
f2-0196	measure	2	3	4	2	2	two	normal
f2-0197	measure	2	3	4	2	2	three	normal
f2-0198	measure	2	4	4	2	3	two	normal
f2-0199	measure	2	4	4	2	3	three	normal
f2-0200	measure	2	4	4	2	3	original	normal
f2-0201	measure	2	4	4	1	5	two	normal
f2-0202	measure	2	4	4	1	5	three	normal
f2-0203	measure	2	4	4	1	5	original	normal
f2-0204	measure	2	4	4	2	6	original	normal
f2-0205	measure	2	4	4	2	6	three	normal
f2-0206	measure	2	4	4	2	6	two	normal
f2-0207	measure	2	4	4	0	4	original	normal
f2-0208	measure	2	4	4	0	4	three	normal
f2-0209	measure	2	4	4	0	4	two	normal
f2-0210	measure	2	4	4	0	1	two	normal
f2-0211	measure	2	4	4	0	1	three	normal
f2-0212	measure	2	4	4	0	1	original	normal
f2-0213	measure	2	4	4	1	0	two	normal
f2-0214	measure	2	4	4	1	0	three	normal
f2-0215	measure	2	4	4	1	0	original	normal
f2-0216	measure	2	4	4	2	0	two	normal
f2-0217	measure	2	4	4	2	0	original	normal
f2-0218	measure	2	4	4	2	0	three	normal
f2-0219	measure	2	4	4	0	0	three	normal
f2-0220	measure	2	4	4	0	0	original	normal
f2-0221	measure	2	4	4	0	0	two	normal
f2-0222	measure	2	4	4	1	1	two	normal
f2-0223	measure	2	4	4	1	1	three	normal
f2-0224	measure	2	4	4	1	1	original	normal
f2-0225	measure	2	4	4	2	2	two	normal
f2-0226	measure	2	4	4	2	2	original	normal
f2-0227	measure	2	4	4	2	2	three	normal
f2-0228	measure	2	4	4	1	2	two	normal
f2-0229	measure	2	4	4	1	2	three	normal
f2-0230	measure	2	4	4	1	2	original	normal
f2-0231	measure	2	5	4	1	0	original	normal
f2-0232	measure	2	5	4	1	0	two	normal
f2-0233	measure	2	5	4	1	0	three	normal
f2-0234	measure	2	5	4	0	1	three	normal
f2-0235	measure	2	5	4	0	1	original	normal
f2-0236	measure	2	5	4	0	1	two	normal
f2-0237	measure	2	5	4	0	0	three	normal
f2-0238	measure	2	5	4	0	0	original	normal
f2-0239	measure	2	5	4	0	0	two	normal
f2-0240	measure	2	5	4	1	5	two	normal
f2-0241	measure	2	5	4	1	5	three	normal
f2-0242	measure	2	5	4	1	5	original	normal
f2-0243	measure	2	5	4	1	2	original	normal
f2-0244	measure	2	5	4	1	2	three	normal
f2-0245	measure	2	5	4	1	2	two	normal
f2-0246	measure	2	5	4	2	0	two	normal
f2-0247	measure	2	5	4	2	0	three	normal
f2-0248	measure	2	5	4	2	0	original	normal
f2-0249	measure	2	5	4	2	2	original	normal
f2-0250	measure	2	5	4	2	2	three	normal
f2-0251	measure	2	5	4	2	2	two	normal
f2-0252	measure	2	5	4	1	1	three	normal
f2-0253	measure	2	5	4	1	1	two	normal
f2-0254	measure	2	5	4	1	1	original	normal
f2-0255	measure	2	5	4	2	6	two	normal
f2-0256	measure	2	5	4	2	6	three	normal
f2-0257	measure	2	5	4	2	6	original	normal
f2-0258	measure	2	5	4	2	3	original	normal
f2-0259	measure	2	5	4	2	3	three	normal
f2-0260	measure	2	5	4	2	3	two	normal
f2-0261	measure	2	5	4	0	4	three	normal
f2-0262	measure	2	5	4	0	4	two	normal
f2-0263	measure	2	5	4	0	4	original	normal
f2-0264	measure	2	6	4	1	0	two	normal
f2-0265	measure	2	6	4	1	0	original	normal
f2-0266	measure	2	6	4	1	0	three	normal
f2-0267	measure	2	6	4	1	2	original	normal
f2-0268	measure	2	6	4	1	2	three	normal
f2-0269	measure	2	6	4	1	2	two	normal
f2-0270	measure	2	6	4	1	5	three	normal
f2-0271	measure	2	6	4	1	5	original	normal
f2-0272	measure	2	6	4	1	5	two	normal
f2-0273	measure	2	6	4	2	2	original	normal
f2-0274	measure	2	6	4	2	2	three	normal
f2-0275	measure	2	6	4	2	2	two	normal
f2-0276	measure	2	6	4	0	1	original	normal
f2-0277	measure	2	6	4	0	1	two	normal
f2-0278	measure	2	6	4	0	1	three	normal
f2-0279	measure	2	6	4	1	1	two	normal
f2-0280	measure	2	6	4	1	1	three	normal
f2-0281	measure	2	6	4	1	1	original	normal
f2-0282	measure	2	6	4	2	3	original	normal
f2-0283	measure	2	6	4	2	3	three	normal
f2-0284	measure	2	6	4	2	3	two	normal
f2-0285	measure	2	6	4	0	0	original	normal
f2-0286	measure	2	6	4	0	0	three	normal
f2-0287	measure	2	6	4	0	0	two	normal
f2-0288	measure	2	6	4	0	4	original	normal
f2-0289	measure	2	6	4	0	4	two	normal
f2-0290	measure	2	6	4	0	4	three	normal
f2-0291	measure	2	6	4	2	0	two	normal
f2-0292	measure	2	6	4	2	0	three	normal
f2-0293	measure	2	6	4	2	0	original	normal
f2-0294	measure	2	6	4	2	6	two	normal
f2-0295	measure	2	6	4	2	6	three	normal
f2-0296	measure	2	6	4	2	6	original	normal
f2-0297	measure	2	7	4	0	1	original	normal
f2-0298	measure	2	7	4	0	1	two	normal
f2-0299	measure	2	7	4	0	1	three	normal
f2-0300	measure	2	7	4	0	0	two	normal
f2-0301	measure	2	7	4	0	0	original	normal
f2-0302	measure	2	7	4	0	0	three	normal
f2-0303	measure	2	7	4	2	0	three	normal
f2-0304	measure	2	7	4	2	0	original	normal
f2-0305	measure	2	7	4	2	0	two	normal
f2-0306	measure	2	7	4	0	4	two	normal
f2-0307	measure	2	7	4	0	4	three	normal
f2-0308	measure	2	7	4	0	4	original	normal
f2-0309	measure	2	7	4	2	3	three	normal
f2-0310	measure	2	7	4	2	3	two	normal
f2-0311	measure	2	7	4	2	3	original	normal
f2-0312	measure	2	7	4	2	6	original	normal
f2-0313	measure	2	7	4	2	6	two	normal
f2-0314	measure	2	7	4	2	6	three	normal
f2-0315	measure	2	7	4	1	2	original	normal
f2-0316	measure	2	7	4	1	2	two	normal
f2-0317	measure	2	7	4	1	2	three	normal
f2-0318	measure	2	7	4	1	1	three	normal
f2-0319	measure	2	7	4	1	1	two	normal
f2-0320	measure	2	7	4	1	1	original	normal
f2-0321	measure	2	7	4	1	5	original	normal
f2-0322	measure	2	7	4	1	5	three	normal
f2-0323	measure	2	7	4	1	5	two	normal
f2-0324	measure	2	7	4	1	0	original	normal
f2-0325	measure	2	7	4	1	0	two	normal
f2-0326	measure	2	7	4	1	0	three	normal
f2-0327	measure	2	7	4	2	2	original	normal
f2-0328	measure	2	7	4	2	2	two	normal
f2-0329	measure	2	7	4	2	2	three	normal
f2-0330	measure	2	8	4	2	2	original	normal
f2-0331	measure	2	8	4	2	2	three	normal
f2-0332	measure	2	8	4	2	2	two	normal
f2-0333	measure	2	8	4	2	6	two	normal
f2-0334	measure	2	8	4	2	6	original	normal
f2-0335	measure	2	8	4	2	6	three	normal
f2-0336	measure	2	8	4	1	5	two	normal
f2-0337	measure	2	8	4	1	5	original	normal
f2-0338	measure	2	8	4	1	5	three	normal
f2-0339	measure	2	8	4	1	2	three	normal
f2-0340	measure	2	8	4	1	2	original	normal
f2-0341	measure	2	8	4	1	2	two	normal
f2-0342	measure	2	8	4	2	0	original	normal
f2-0343	measure	2	8	4	2	0	three	normal
f2-0344	measure	2	8	4	2	0	two	normal
f2-0345	measure	2	8	4	0	4	two	normal
f2-0346	measure	2	8	4	0	4	three	normal
f2-0347	measure	2	8	4	0	4	original	normal
f2-0348	measure	2	8	4	0	0	three	normal
f2-0349	measure	2	8	4	0	0	two	normal
f2-0350	measure	2	8	4	0	0	original	normal
f2-0351	measure	2	8	4	1	0	original	normal
f2-0352	measure	2	8	4	1	0	two	normal
f2-0353	measure	2	8	4	1	0	three	normal
f2-0354	measure	2	8	4	1	1	three	normal
f2-0355	measure	2	8	4	1	1	original	normal
f2-0356	measure	2	8	4	1	1	two	normal
f2-0357	measure	2	8	4	2	3	two	normal
f2-0358	measure	2	8	4	2	3	three	normal
f2-0359	measure	2	8	4	2	3	original	normal
f2-0360	measure	2	8	4	0	1	three	normal
f2-0361	measure	2	8	4	0	1	original	normal
f2-0362	measure	2	8	4	0	1	two	normal
f2-0363	measure	2	9	4	0	0	two	normal
f2-0364	measure	2	9	4	0	0	three	normal
f2-0365	measure	2	9	4	0	0	original	normal
f2-0366	measure	2	9	4	2	0	original	normal
f2-0367	measure	2	9	4	2	0	three	normal
f2-0368	measure	2	9	4	2	0	two	normal
f2-0369	measure	2	9	4	2	6	original	normal
f2-0370	measure	2	9	4	2	6	two	normal
f2-0371	measure	2	9	4	2	6	three	normal
f2-0372	measure	2	9	4	1	0	original	normal
f2-0373	measure	2	9	4	1	0	two	normal
f2-0374	measure	2	9	4	1	0	three	normal
f2-0375	measure	2	9	4	1	5	two	normal
f2-0376	measure	2	9	4	1	5	three	normal
f2-0377	measure	2	9	4	1	5	original	normal
f2-0378	measure	2	9	4	0	4	two	normal
f2-0379	measure	2	9	4	0	4	three	normal
f2-0380	measure	2	9	4	0	4	original	normal
f2-0381	measure	2	9	4	2	2	two	normal
f2-0382	measure	2	9	4	2	2	three	normal
f2-0383	measure	2	9	4	2	2	original	normal
f2-0384	measure	2	9	4	2	3	three	normal
f2-0385	measure	2	9	4	2	3	original	normal
f2-0386	measure	2	9	4	2	3	two	normal
f2-0387	measure	2	9	4	0	1	three	normal
f2-0388	measure	2	9	4	0	1	original	normal
f2-0389	measure	2	9	4	0	1	two	normal
f2-0390	measure	2	9	4	1	2	three	normal
f2-0391	measure	2	9	4	1	2	two	normal
f2-0392	measure	2	9	4	1	2	original	normal
f2-0393	measure	2	9	4	1	1	two	normal
f2-0394	measure	2	9	4	1	1	original	normal
f2-0395	measure	2	9	4	1	1	three	normal
