common-two-chain-k0-blind_three-0	1,2	1,2	0,0	0,0	0,0	0,1	table_common-two-chain-k0-blind_three-0.tsv	blind_three-0
common-two-chain-k0-blind_three-1	1,2	1,2	0,0	0,0	0,0	0,1	table_common-two-chain-k0-blind_three-1.tsv	blind_three-1
common-two-chain-k0-blind_three-2	1,2	1,2	0,0	0,0	0,0	0,1	table_common-two-chain-k0-blind_three-2.tsv	blind_three-2
common-two-chain-k0-blind_three-3	1,2	1,2	0,0	0,0	0,0	0,1	table_common-two-chain-k0-blind_three-3.tsv	blind_three-3
common-two-chain-k0-blind_two-0	1,2	1,2	0,0	0,0	0,0	0,1	table_common-two-chain-k0-blind_two-0.tsv	blind_two-0
common-two-chain-k0-blind_two-1	1,2	1,2	0,0	0,0	0,0	0,1	table_common-two-chain-k0-blind_two-1.tsv	blind_two-1
common-two-chain-k0-blind_two-2	1,2	1,2	0,0	0,0	0,0	0,1	table_common-two-chain-k0-blind_two-2.tsv	blind_two-2
common-two-chain-k0-blind_two-3	1,2	1,2	0,0	0,0	0,0	0,1	table_common-two-chain-k0-blind_two-3.tsv	blind_two-3
common-two-chain-k2-blind_three-0	1,2	1,2	0,0	2,2	2,2	0,1	table_common-two-chain-k2-blind_three-0.tsv	blind_three-0
common-two-chain-k2-blind_three-1	1,2	1,2	0,0	2,2	2,2	0,1	table_common-two-chain-k2-blind_three-1.tsv	blind_three-1
common-two-chain-k2-blind_three-2	1,2	1,2	0,0	2,2	2,2	0,1	table_common-two-chain-k2-blind_three-2.tsv	blind_three-2
common-two-chain-k2-blind_three-3	1,2	1,2	0,0	2,2	2,2	0,1	table_common-two-chain-k2-blind_three-3.tsv	blind_three-3
common-two-chain-k2-blind_two-0	1,2	1,2	0,0	2,2	2,2	0,1	table_common-two-chain-k2-blind_two-0.tsv	blind_two-0
common-two-chain-k2-blind_two-1	1,2	1,2	0,0	2,2	2,2	0,1	table_common-two-chain-k2-blind_two-1.tsv	blind_two-1
common-two-chain-k2-blind_two-2	1,2	1,2	0,0	2,2	2,2	0,1	table_common-two-chain-k2-blind_two-2.tsv	blind_two-2
common-two-chain-k2-blind_two-3	1,2	1,2	0,0	2,2	2,2	0,1	table_common-two-chain-k2-blind_two-3.tsv	blind_two-3
equal-two-independent-k0-blind_three-0	1,1	1,1	0,0	0,0	0,0	0,0	table_equal-two-independent-k0-blind_three-0.tsv	blind_three-0
equal-two-independent-k0-blind_three-1	1,1	1,1	0,0	0,0	0,0	0,0	table_equal-two-independent-k0-blind_three-1.tsv	blind_three-1
equal-two-independent-k0-blind_three-2	1,1	1,1	0,0	0,0	0,0	0,0	table_equal-two-independent-k0-blind_three-2.tsv	blind_three-2
equal-two-independent-k0-blind_three-3	1,1	1,1	0,0	0,0	0,0	0,0	table_equal-two-independent-k0-blind_three-3.tsv	blind_three-3
equal-two-independent-k0-blind_two-0	1,1	1,1	0,0	0,0	0,0	0,0	table_equal-two-independent-k0-blind_two-0.tsv	blind_two-0
equal-two-independent-k0-blind_two-1	1,1	1,1	0,0	0,0	0,0	0,0	table_equal-two-independent-k0-blind_two-1.tsv	blind_two-1
equal-two-independent-k0-blind_two-2	1,1	1,1	0,0	0,0	0,0	0,0	table_equal-two-independent-k0-blind_two-2.tsv	blind_two-2
equal-two-independent-k0-blind_two-3	1,1	1,1	0,0	0,0	0,0	0,0	table_equal-two-independent-k0-blind_two-3.tsv	blind_two-3
equal-two-independent-k2-blind_three-0	1,1	1,1	0,0	2,2	2,2	0,0	table_equal-two-independent-k2-blind_three-0.tsv	blind_three-0
equal-two-independent-k2-blind_three-1	1,1	1,1	0,0	2,2	2,2	0,0	table_equal-two-independent-k2-blind_three-1.tsv	blind_three-1
equal-two-independent-k2-blind_three-2	1,1	1,1	0,0	2,2	2,2	0,0	table_equal-two-independent-k2-blind_three-2.tsv	blind_three-2
equal-two-independent-k2-blind_three-3	1,1	1,1	0,0	2,2	2,2	0,0	table_equal-two-independent-k2-blind_three-3.tsv	blind_three-3
equal-two-independent-k2-blind_two-0	1,1	1,1	0,0	2,2	2,2	0,0	table_equal-two-independent-k2-blind_two-0.tsv	blind_two-0
equal-two-independent-k2-blind_two-1	1,1	1,1	0,0	2,2	2,2	0,0	table_equal-two-independent-k2-blind_two-1.tsv	blind_two-1
equal-two-independent-k2-blind_two-2	1,1	1,1	0,0	2,2	2,2	0,0	table_equal-two-independent-k2-blind_two-2.tsv	blind_two-2
equal-two-independent-k2-blind_two-3	1,1	1,1	0,0	2,2	2,2	0,0	table_equal-two-independent-k2-blind_two-3.tsv	blind_two-3
three-independent-k0-blind_three-0	1,2,3	1,2,3	0,0,0	0,0,0	0,0,0	0,0,0	table_three-independent-k0-blind_three-0.tsv	blind_three-0
three-independent-k0-blind_three-1	1,2,3	1,2,3	0,0,0	0,0,0	0,0,0	0,0,0	table_three-independent-k0-blind_three-1.tsv	blind_three-1
three-independent-k0-blind_three-2	1,2,3	1,2,3	0,0,0	0,0,0	0,0,0	0,0,0	table_three-independent-k0-blind_three-2.tsv	blind_three-2
three-independent-k0-blind_three-3	1,2,3	1,2,3	0,0,0	0,0,0	0,0,0	0,0,0	table_three-independent-k0-blind_three-3.tsv	blind_three-3
three-independent-k0-blind_two-0	1,2,3	1,2,3	0,0,0	0,0,0	0,0,0	0,0,0	table_three-independent-k0-blind_two-0.tsv	blind_two-0
three-independent-k0-blind_two-1	1,2,3	1,2,3	0,0,0	0,0,0	0,0,0	0,0,0	table_three-independent-k0-blind_two-1.tsv	blind_two-1
three-independent-k0-blind_two-2	1,2,3	1,2,3	0,0,0	0,0,0	0,0,0	0,0,0	table_three-independent-k0-blind_two-2.tsv	blind_two-2
three-independent-k0-blind_two-3	1,2,3	1,2,3	0,0,0	0,0,0	0,0,0	0,0,0	table_three-independent-k0-blind_two-3.tsv	blind_two-3
three-independent-k2-blind_three-0	1,2,3	1,2,3	0,0,0	2,2,2	2,2,2	0,0,0	table_three-independent-k2-blind_three-0.tsv	blind_three-0
three-independent-k2-blind_three-1	1,2,3	1,2,3	0,0,0	2,2,2	2,2,2	0,0,0	table_three-independent-k2-blind_three-1.tsv	blind_three-1
three-independent-k2-blind_three-2	1,2,3	1,2,3	0,0,0	2,2,2	2,2,2	0,0,0	table_three-independent-k2-blind_three-2.tsv	blind_three-2
three-independent-k2-blind_three-3	1,2,3	1,2,3	0,0,0	2,2,2	2,2,2	0,0,0	table_three-independent-k2-blind_three-3.tsv	blind_three-3
three-independent-k2-blind_two-0	1,2,3	1,2,3	0,0,0	2,2,2	2,2,2	0,0,0	table_three-independent-k2-blind_two-0.tsv	blind_two-0
three-independent-k2-blind_two-1	1,2,3	1,2,3	0,0,0	2,2,2	2,2,2	0,0,0	table_three-independent-k2-blind_two-1.tsv	blind_two-1
three-independent-k2-blind_two-2	1,2,3	1,2,3	0,0,0	2,2,2	2,2,2	0,0,0	table_three-independent-k2-blind_two-2.tsv	blind_two-2
three-independent-k2-blind_two-3	1,2,3	1,2,3	0,0,0	2,2,2	2,2,2	0,0,0	table_three-independent-k2-blind_two-3.tsv	blind_two-3
three-chain-k0-blind_three-0	1,2,3	1,2,3	0,0,0	0,0,0	0,0,0	0,1,2	table_three-chain-k0-blind_three-0.tsv	blind_three-0
three-chain-k0-blind_three-1	1,2,3	1,2,3	0,0,0	0,0,0	0,0,0	0,1,2	table_three-chain-k0-blind_three-1.tsv	blind_three-1
three-chain-k0-blind_three-2	1,2,3	1,2,3	0,0,0	0,0,0	0,0,0	0,1,2	table_three-chain-k0-blind_three-2.tsv	blind_three-2
three-chain-k0-blind_three-3	1,2,3	1,2,3	0,0,0	0,0,0	0,0,0	0,1,2	table_three-chain-k0-blind_three-3.tsv	blind_three-3
three-chain-k0-blind_two-0	1,2,3	1,2,3	0,0,0	0,0,0	0,0,0	0,1,2	table_three-chain-k0-blind_two-0.tsv	blind_two-0
three-chain-k0-blind_two-1	1,2,3	1,2,3	0,0,0	0,0,0	0,0,0	0,1,2	table_three-chain-k0-blind_two-1.tsv	blind_two-1
three-chain-k0-blind_two-2	1,2,3	1,2,3	0,0,0	0,0,0	0,0,0	0,1,2	table_three-chain-k0-blind_two-2.tsv	blind_two-2
three-chain-k0-blind_two-3	1,2,3	1,2,3	0,0,0	0,0,0	0,0,0	0,1,2	table_three-chain-k0-blind_two-3.tsv	blind_two-3
three-chain-k2-blind_three-0	1,2,3	1,2,3	0,0,0	2,2,2	2,2,2	0,1,2	table_three-chain-k2-blind_three-0.tsv	blind_three-0
three-chain-k2-blind_three-1	1,2,3	1,2,3	0,0,0	2,2,2	2,2,2	0,1,2	table_three-chain-k2-blind_three-1.tsv	blind_three-1
three-chain-k2-blind_three-2	1,2,3	1,2,3	0,0,0	2,2,2	2,2,2	0,1,2	table_three-chain-k2-blind_three-2.tsv	blind_three-2
three-chain-k2-blind_three-3	1,2,3	1,2,3	0,0,0	2,2,2	2,2,2	0,1,2	table_three-chain-k2-blind_three-3.tsv	blind_three-3
three-chain-k2-blind_two-0	1,2,3	1,2,3	0,0,0	2,2,2	2,2,2	0,1,2	table_three-chain-k2-blind_two-0.tsv	blind_two-0
three-chain-k2-blind_two-1	1,2,3	1,2,3	0,0,0	2,2,2	2,2,2	0,1,2	table_three-chain-k2-blind_two-1.tsv	blind_two-1
three-chain-k2-blind_two-2	1,2,3	1,2,3	0,0,0	2,2,2	2,2,2	0,1,2	table_three-chain-k2-blind_two-2.tsv	blind_two-2
three-chain-k2-blind_two-3	1,2,3	1,2,3	0,0,0	2,2,2	2,2,2	0,1,2	table_three-chain-k2-blind_two-3.tsv	blind_two-3
five-independent-k0-blind_three-0	1,2,3,4,5	1,2,3,4,5	0,0,0,0,0	0,0,0,0,0	0,0,0,0,0	0,0,0,0,0	table_five-independent-k0-blind_three-0.tsv	blind_three-0
five-independent-k0-blind_three-1	1,2,3,4,5	1,2,3,4,5	0,0,0,0,0	0,0,0,0,0	0,0,0,0,0	0,0,0,0,0	table_five-independent-k0-blind_three-1.tsv	blind_three-1
five-independent-k0-blind_three-2	1,2,3,4,5	1,2,3,4,5	0,0,0,0,0	0,0,0,0,0	0,0,0,0,0	0,0,0,0,0	table_five-independent-k0-blind_three-2.tsv	blind_three-2
five-independent-k0-blind_three-3	1,2,3,4,5	1,2,3,4,5	0,0,0,0,0	0,0,0,0,0	0,0,0,0,0	0,0,0,0,0	table_five-independent-k0-blind_three-3.tsv	blind_three-3
five-independent-k0-blind_two-0	1,2,3,4,5	1,2,3,4,5	0,0,0,0,0	0,0,0,0,0	0,0,0,0,0	0,0,0,0,0	table_five-independent-k0-blind_two-0.tsv	blind_two-0
five-independent-k0-blind_two-1	1,2,3,4,5	1,2,3,4,5	0,0,0,0,0	0,0,0,0,0	0,0,0,0,0	0,0,0,0,0	table_five-independent-k0-blind_two-1.tsv	blind_two-1
five-independent-k0-blind_two-2	1,2,3,4,5	1,2,3,4,5	0,0,0,0,0	0,0,0,0,0	0,0,0,0,0	0,0,0,0,0	table_five-independent-k0-blind_two-2.tsv	blind_two-2
five-independent-k0-blind_two-3	1,2,3,4,5	1,2,3,4,5	0,0,0,0,0	0,0,0,0,0	0,0,0,0,0	0,0,0,0,0	table_five-independent-k0-blind_two-3.tsv	blind_two-3
five-independent-k2-blind_three-0	1,2,3,4,5	1,2,3,4,5	0,0,0,0,0	2,2,2,2,2	2,2,2,2,2	0,0,0,0,0	table_five-independent-k2-blind_three-0.tsv	blind_three-0
five-independent-k2-blind_three-1	1,2,3,4,5	1,2,3,4,5	0,0,0,0,0	2,2,2,2,2	2,2,2,2,2	0,0,0,0,0	table_five-independent-k2-blind_three-1.tsv	blind_three-1
five-independent-k2-blind_three-2	1,2,3,4,5	1,2,3,4,5	0,0,0,0,0	2,2,2,2,2	2,2,2,2,2	0,0,0,0,0	table_five-independent-k2-blind_three-2.tsv	blind_three-2
five-independent-k2-blind_three-3	1,2,3,4,5	1,2,3,4,5	0,0,0,0,0	2,2,2,2,2	2,2,2,2,2	0,0,0,0,0	table_five-independent-k2-blind_three-3.tsv	blind_three-3
five-independent-k2-blind_two-0	1,2,3,4,5	1,2,3,4,5	0,0,0,0,0	2,2,2,2,2	2,2,2,2,2	0,0,0,0,0	table_five-independent-k2-blind_two-0.tsv	blind_two-0
five-independent-k2-blind_two-1	1,2,3,4,5	1,2,3,4,5	0,0,0,0,0	2,2,2,2,2	2,2,2,2,2	0,0,0,0,0	table_five-independent-k2-blind_two-1.tsv	blind_two-1
five-independent-k2-blind_two-2	1,2,3,4,5	1,2,3,4,5	0,0,0,0,0	2,2,2,2,2	2,2,2,2,2	0,0,0,0,0	table_five-independent-k2-blind_two-2.tsv	blind_two-2
five-independent-k2-blind_two-3	1,2,3,4,5	1,2,3,4,5	0,0,0,0,0	2,2,2,2,2	2,2,2,2,2	0,0,0,0,0	table_five-independent-k2-blind_two-3.tsv	blind_two-3
five-chain-k0-blind_three-0	1,2,3,4,5	1,2,3,4,5	0,0,0,0,0	0,0,0,0,0	0,0,0,0,0	0,1,2,4,8	table_five-chain-k0-blind_three-0.tsv	blind_three-0
five-chain-k0-blind_three-1	1,2,3,4,5	1,2,3,4,5	0,0,0,0,0	0,0,0,0,0	0,0,0,0,0	0,1,2,4,8	table_five-chain-k0-blind_three-1.tsv	blind_three-1
five-chain-k0-blind_three-2	1,2,3,4,5	1,2,3,4,5	0,0,0,0,0	0,0,0,0,0	0,0,0,0,0	0,1,2,4,8	table_five-chain-k0-blind_three-2.tsv	blind_three-2
five-chain-k0-blind_three-3	1,2,3,4,5	1,2,3,4,5	0,0,0,0,0	0,0,0,0,0	0,0,0,0,0	0,1,2,4,8	table_five-chain-k0-blind_three-3.tsv	blind_three-3
five-chain-k0-blind_two-0	1,2,3,4,5	1,2,3,4,5	0,0,0,0,0	0,0,0,0,0	0,0,0,0,0	0,1,2,4,8	table_five-chain-k0-blind_two-0.tsv	blind_two-0
five-chain-k0-blind_two-1	1,2,3,4,5	1,2,3,4,5	0,0,0,0,0	0,0,0,0,0	0,0,0,0,0	0,1,2,4,8	table_five-chain-k0-blind_two-1.tsv	blind_two-1
five-chain-k0-blind_two-2	1,2,3,4,5	1,2,3,4,5	0,0,0,0,0	0,0,0,0,0	0,0,0,0,0	0,1,2,4,8	table_five-chain-k0-blind_two-2.tsv	blind_two-2
five-chain-k0-blind_two-3	1,2,3,4,5	1,2,3,4,5	0,0,0,0,0	0,0,0,0,0	0,0,0,0,0	0,1,2,4,8	table_five-chain-k0-blind_two-3.tsv	blind_two-3
five-chain-k2-blind_three-0	1,2,3,4,5	1,2,3,4,5	0,0,0,0,0	2,2,2,2,2	2,2,2,2,2	0,1,2,4,8	table_five-chain-k2-blind_three-0.tsv	blind_three-0
five-chain-k2-blind_three-1	1,2,3,4,5	1,2,3,4,5	0,0,0,0,0	2,2,2,2,2	2,2,2,2,2	0,1,2,4,8	table_five-chain-k2-blind_three-1.tsv	blind_three-1
five-chain-k2-blind_three-2	1,2,3,4,5	1,2,3,4,5	0,0,0,0,0	2,2,2,2,2	2,2,2,2,2	0,1,2,4,8	table_five-chain-k2-blind_three-2.tsv	blind_three-2
five-chain-k2-blind_three-3	1,2,3,4,5	1,2,3,4,5	0,0,0,0,0	2,2,2,2,2	2,2,2,2,2	0,1,2,4,8	table_five-chain-k2-blind_three-3.tsv	blind_three-3
five-chain-k2-blind_two-0	1,2,3,4,5	1,2,3,4,5	0,0,0,0,0	2,2,2,2,2	2,2,2,2,2	0,1,2,4,8	table_five-chain-k2-blind_two-0.tsv	blind_two-0
five-chain-k2-blind_two-1	1,2,3,4,5	1,2,3,4,5	0,0,0,0,0	2,2,2,2,2	2,2,2,2,2	0,1,2,4,8	table_five-chain-k2-blind_two-1.tsv	blind_two-1
five-chain-k2-blind_two-2	1,2,3,4,5	1,2,3,4,5	0,0,0,0,0	2,2,2,2,2	2,2,2,2,2	0,1,2,4,8	table_five-chain-k2-blind_two-2.tsv	blind_two-2
five-chain-k2-blind_two-3	1,2,3,4,5	1,2,3,4,5	0,0,0,0,0	2,2,2,2,2	2,2,2,2,2	0,1,2,4,8	table_five-chain-k2-blind_two-3.tsv	blind_two-3
five-branch-k0-blind_three-0	1,2,3,4,5	1,2,3,4,5	0,0,0,0,0	0,0,0,0,0	0,0,0,0,0	0,1,1,2,4	table_five-branch-k0-blind_three-0.tsv	blind_three-0
five-branch-k0-blind_three-1	1,2,3,4,5	1,2,3,4,5	0,0,0,0,0	0,0,0,0,0	0,0,0,0,0	0,1,1,2,4	table_five-branch-k0-blind_three-1.tsv	blind_three-1
five-branch-k0-blind_three-2	1,2,3,4,5	1,2,3,4,5	0,0,0,0,0	0,0,0,0,0	0,0,0,0,0	0,1,1,2,4	table_five-branch-k0-blind_three-2.tsv	blind_three-2
five-branch-k0-blind_three-3	1,2,3,4,5	1,2,3,4,5	0,0,0,0,0	0,0,0,0,0	0,0,0,0,0	0,1,1,2,4	table_five-branch-k0-blind_three-3.tsv	blind_three-3
five-branch-k0-blind_two-0	1,2,3,4,5	1,2,3,4,5	0,0,0,0,0	0,0,0,0,0	0,0,0,0,0	0,1,1,2,4	table_five-branch-k0-blind_two-0.tsv	blind_two-0
five-branch-k0-blind_two-1	1,2,3,4,5	1,2,3,4,5	0,0,0,0,0	0,0,0,0,0	0,0,0,0,0	0,1,1,2,4	table_five-branch-k0-blind_two-1.tsv	blind_two-1
five-branch-k0-blind_two-2	1,2,3,4,5	1,2,3,4,5	0,0,0,0,0	0,0,0,0,0	0,0,0,0,0	0,1,1,2,4	table_five-branch-k0-blind_two-2.tsv	blind_two-2
five-branch-k0-blind_two-3	1,2,3,4,5	1,2,3,4,5	0,0,0,0,0	0,0,0,0,0	0,0,0,0,0	0,1,1,2,4	table_five-branch-k0-blind_two-3.tsv	blind_two-3
five-branch-k2-blind_three-0	1,2,3,4,5	1,2,3,4,5	0,0,0,0,0	2,2,2,2,2	2,2,2,2,2	0,1,1,2,4	table_five-branch-k2-blind_three-0.tsv	blind_three-0
five-branch-k2-blind_three-1	1,2,3,4,5	1,2,3,4,5	0,0,0,0,0	2,2,2,2,2	2,2,2,2,2	0,1,1,2,4	table_five-branch-k2-blind_three-1.tsv	blind_three-1
five-branch-k2-blind_three-2	1,2,3,4,5	1,2,3,4,5	0,0,0,0,0	2,2,2,2,2	2,2,2,2,2	0,1,1,2,4	table_five-branch-k2-blind_three-2.tsv	blind_three-2
five-branch-k2-blind_three-3	1,2,3,4,5	1,2,3,4,5	0,0,0,0,0	2,2,2,2,2	2,2,2,2,2	0,1,1,2,4	table_five-branch-k2-blind_three-3.tsv	blind_three-3
five-branch-k2-blind_two-0	1,2,3,4,5	1,2,3,4,5	0,0,0,0,0	2,2,2,2,2	2,2,2,2,2	0,1,1,2,4	table_five-branch-k2-blind_two-0.tsv	blind_two-0
five-branch-k2-blind_two-1	1,2,3,4,5	1,2,3,4,5	0,0,0,0,0	2,2,2,2,2	2,2,2,2,2	0,1,1,2,4	table_five-branch-k2-blind_two-1.tsv	blind_two-1
five-branch-k2-blind_two-2	1,2,3,4,5	1,2,3,4,5	0,0,0,0,0	2,2,2,2,2	2,2,2,2,2	0,1,1,2,4	table_five-branch-k2-blind_two-2.tsv	blind_two-2
five-branch-k2-blind_two-3	1,2,3,4,5	1,2,3,4,5	0,0,0,0,0	2,2,2,2,2	2,2,2,2,2	0,1,1,2,4	table_five-branch-k2-blind_two-3.tsv	blind_two-3
five-decreasing-chain-k0-blind_three-0	5,4,3,2,1	5,4,3,2,1	0,0,0,0,0	0,0,0,0,0	0,0,0,0,0	0,1,2,4,8	table_five-decreasing-chain-k0-blind_three-0.tsv	blind_three-0
five-decreasing-chain-k0-blind_three-1	5,4,3,2,1	5,4,3,2,1	0,0,0,0,0	0,0,0,0,0	0,0,0,0,0	0,1,2,4,8	table_five-decreasing-chain-k0-blind_three-1.tsv	blind_three-1
five-decreasing-chain-k0-blind_three-2	5,4,3,2,1	5,4,3,2,1	0,0,0,0,0	0,0,0,0,0	0,0,0,0,0	0,1,2,4,8	table_five-decreasing-chain-k0-blind_three-2.tsv	blind_three-2
five-decreasing-chain-k0-blind_three-3	5,4,3,2,1	5,4,3,2,1	0,0,0,0,0	0,0,0,0,0	0,0,0,0,0	0,1,2,4,8	table_five-decreasing-chain-k0-blind_three-3.tsv	blind_three-3
five-decreasing-chain-k0-blind_two-0	5,4,3,2,1	5,4,3,2,1	0,0,0,0,0	0,0,0,0,0	0,0,0,0,0	0,1,2,4,8	table_five-decreasing-chain-k0-blind_two-0.tsv	blind_two-0
five-decreasing-chain-k0-blind_two-1	5,4,3,2,1	5,4,3,2,1	0,0,0,0,0	0,0,0,0,0	0,0,0,0,0	0,1,2,4,8	table_five-decreasing-chain-k0-blind_two-1.tsv	blind_two-1
five-decreasing-chain-k0-blind_two-2	5,4,3,2,1	5,4,3,2,1	0,0,0,0,0	0,0,0,0,0	0,0,0,0,0	0,1,2,4,8	table_five-decreasing-chain-k0-blind_two-2.tsv	blind_two-2
five-decreasing-chain-k0-blind_two-3	5,4,3,2,1	5,4,3,2,1	0,0,0,0,0	0,0,0,0,0	0,0,0,0,0	0,1,2,4,8	table_five-decreasing-chain-k0-blind_two-3.tsv	blind_two-3
five-decreasing-chain-k2-blind_three-0	5,4,3,2,1	5,4,3,2,1	0,0,0,0,0	2,2,2,2,2	2,2,2,2,2	0,1,2,4,8	table_five-decreasing-chain-k2-blind_three-0.tsv	blind_three-0
five-decreasing-chain-k2-blind_three-1	5,4,3,2,1	5,4,3,2,1	0,0,0,0,0	2,2,2,2,2	2,2,2,2,2	0,1,2,4,8	table_five-decreasing-chain-k2-blind_three-1.tsv	blind_three-1
five-decreasing-chain-k2-blind_three-2	5,4,3,2,1	5,4,3,2,1	0,0,0,0,0	2,2,2,2,2	2,2,2,2,2	0,1,2,4,8	table_five-decreasing-chain-k2-blind_three-2.tsv	blind_three-2
five-decreasing-chain-k2-blind_three-3	5,4,3,2,1	5,4,3,2,1	0,0,0,0,0	2,2,2,2,2	2,2,2,2,2	0,1,2,4,8	table_five-decreasing-chain-k2-blind_three-3.tsv	blind_three-3
five-decreasing-chain-k2-blind_two-0	5,4,3,2,1	5,4,3,2,1	0,0,0,0,0	2,2,2,2,2	2,2,2,2,2	0,1,2,4,8	table_five-decreasing-chain-k2-blind_two-0.tsv	blind_two-0
five-decreasing-chain-k2-blind_two-1	5,4,3,2,1	5,4,3,2,1	0,0,0,0,0	2,2,2,2,2	2,2,2,2,2	0,1,2,4,8	table_five-decreasing-chain-k2-blind_two-1.tsv	blind_two-1
five-decreasing-chain-k2-blind_two-2	5,4,3,2,1	5,4,3,2,1	0,0,0,0,0	2,2,2,2,2	2,2,2,2,2	0,1,2,4,8	table_five-decreasing-chain-k2-blind_two-2.tsv	blind_two-2
five-decreasing-chain-k2-blind_two-3	5,4,3,2,1	5,4,3,2,1	0,0,0,0,0	2,2,2,2,2	2,2,2,2,2	0,1,2,4,8	table_five-decreasing-chain-k2-blind_two-3.tsv	blind_two-3
