uniform/b0/distinct/hybrid/path_00000	selected-uniform-five	hybrid	distinct	0	-	SSSSS	0
uniform/b0/distinct/fixed/path_00000	selected-uniform-five	fixed	distinct	0	0,1,2,3,4	SSSSS	0
uniform/b0/distinct/look_fast/path_00000	selected-uniform-five	look_fast	distinct	0	-	SSSSS	0
uniform/b0/distinct/look_protected/path_00000	selected-uniform-five	look_protected	distinct	0	-	SSSSS	0
uniform/b0/distinct/cached/path_00000	selected-uniform-five	cached	distinct	0	-	MMMMM	0
uniform/b0/colliding/hybrid/path_00000	selected-uniform-five	hybrid	colliding	0	-	SSSSS	0
uniform/b0/colliding/fixed/path_00000	selected-uniform-five	fixed	colliding	0	0,1,2,3,4	SSSSS	0
uniform/b0/colliding/look_fast/path_00000	selected-uniform-five	look_fast	colliding	0	-	SSSSS	0
uniform/b0/colliding/look_protected/path_00000	selected-uniform-five	look_protected	colliding	0	-	SSSSS	0
uniform/b0/colliding/cached/path_00000	selected-uniform-five	cached	colliding	0	-	MMMMM	0
uniform/b1/distinct/hybrid/path_00000	selected-uniform-five	hybrid	distinct	1	-	SSSSS	0
uniform/b1/distinct/hybrid/path_00001	selected-uniform-five	hybrid	distinct	1	-	SSSSFS	0
uniform/b1/distinct/hybrid/path_00002	selected-uniform-five	hybrid	distinct	1	-	SSSFSS	0
uniform/b1/distinct/hybrid/path_00003	selected-uniform-five	hybrid	distinct	1	-	SSFSSS	0
uniform/b1/distinct/hybrid/path_00004	selected-uniform-five	hybrid	distinct	1	-	SFSSSS	0
uniform/b1/distinct/hybrid/path_00005	selected-uniform-five	hybrid	distinct	1	-	FSSSSS	0
uniform/b1/distinct/fixed/path_00000	selected-uniform-five	fixed	distinct	1	0,1,2,3,4	SSSSS	0
uniform/b1/distinct/fixed/path_00001	selected-uniform-five	fixed	distinct	1	0,1,2,3,4	SSSSFS	0
uniform/b1/distinct/fixed/path_00002	selected-uniform-five	fixed	distinct	1	0,1,2,3,4	SSSFSS	0
uniform/b1/distinct/fixed/path_00003	selected-uniform-five	fixed	distinct	1	0,1,2,3,4	SSFSSS	0
uniform/b1/distinct/fixed/path_00004	selected-uniform-five	fixed	distinct	1	0,1,2,3,4	SFSSSS	0
uniform/b1/distinct/fixed/path_00005	selected-uniform-five	fixed	distinct	1	0,1,2,3,4	FSSSSS	0
uniform/b1/distinct/look_fast/path_00000	selected-uniform-five	look_fast	distinct	1	-	SSSSS	0
uniform/b1/distinct/look_fast/path_00001	selected-uniform-five	look_fast	distinct	1	-	SSSSFS	0
uniform/b1/distinct/look_fast/path_00002	selected-uniform-five	look_fast	distinct	1	-	SSSFSS	0
uniform/b1/distinct/look_fast/path_00003	selected-uniform-five	look_fast	distinct	1	-	SSFSSS	0
uniform/b1/distinct/look_fast/path_00004	selected-uniform-five	look_fast	distinct	1	-	SFSSSS	0
uniform/b1/distinct/look_fast/path_00005	selected-uniform-five	look_fast	distinct	1	-	FSSSSS	0
uniform/b1/distinct/look_protected/path_00000	selected-uniform-five	look_protected	distinct	1	-	SSSSS	0
uniform/b1/distinct/look_protected/path_00001	selected-uniform-five	look_protected	distinct	1	-	SSSSFS	0
uniform/b1/distinct/look_protected/path_00002	selected-uniform-five	look_protected	distinct	1	-	SSSFSS	0
uniform/b1/distinct/look_protected/path_00003	selected-uniform-five	look_protected	distinct	1	-	SSFSSS	0
uniform/b1/distinct/look_protected/path_00004	selected-uniform-five	look_protected	distinct	1	-	SFSSSS	0
uniform/b1/distinct/look_protected/path_00005	selected-uniform-five	look_protected	distinct	1	-	FSSSSS	0
uniform/b1/distinct/cached/path_00000	selected-uniform-five	cached	distinct	1	-	MMM	0
uniform/b1/distinct/cached/path_00001	selected-uniform-five	cached	distinct	1	-	MMXM	0
uniform/b1/distinct/cached/path_00002	selected-uniform-five	cached	distinct	1	-	MXMMM	0
uniform/b1/distinct/cached/path_00003	selected-uniform-five	cached	distinct	1	-	XMMMM	0
uniform/b1/colliding/hybrid/path_00000	selected-uniform-five	hybrid	colliding	1	-	SSSSS	0
uniform/b1/colliding/hybrid/path_00001	selected-uniform-five	hybrid	colliding	1	-	SSSSFS	0
uniform/b1/colliding/hybrid/path_00002	selected-uniform-five	hybrid	colliding	1	-	SSSFSS	0
uniform/b1/colliding/hybrid/path_00003	selected-uniform-five	hybrid	colliding	1	-	SSFSSS	0
uniform/b1/colliding/hybrid/path_00004	selected-uniform-five	hybrid	colliding	1	-	SFSSSS	0
uniform/b1/colliding/hybrid/path_00005	selected-uniform-five	hybrid	colliding	1	-	FSSSSS	0
uniform/b1/colliding/fixed/path_00000	selected-uniform-five	fixed	colliding	1	0,1,2,3,4	SSSSS	0
uniform/b1/colliding/fixed/path_00001	selected-uniform-five	fixed	colliding	1	0,1,2,3,4	SSSSFS	0
uniform/b1/colliding/fixed/path_00002	selected-uniform-five	fixed	colliding	1	0,1,2,3,4	SSSFSS	0
uniform/b1/colliding/fixed/path_00003	selected-uniform-five	fixed	colliding	1	0,1,2,3,4	SSFSSS	0
uniform/b1/colliding/fixed/path_00004	selected-uniform-five	fixed	colliding	1	0,1,2,3,4	SFSSSS	0
uniform/b1/colliding/fixed/path_00005	selected-uniform-five	fixed	colliding	1	0,1,2,3,4	FSSSSS	0
uniform/b1/colliding/look_fast/path_00000	selected-uniform-five	look_fast	colliding	1	-	SSSSS	0
uniform/b1/colliding/look_fast/path_00001	selected-uniform-five	look_fast	colliding	1	-	SSSSFS	0
uniform/b1/colliding/look_fast/path_00002	selected-uniform-five	look_fast	colliding	1	-	SSSFSS	0
uniform/b1/colliding/look_fast/path_00003	selected-uniform-five	look_fast	colliding	1	-	SSFSSS	0
uniform/b1/colliding/look_fast/path_00004	selected-uniform-five	look_fast	colliding	1	-	SFSSSS	0
uniform/b1/colliding/look_fast/path_00005	selected-uniform-five	look_fast	colliding	1	-	FSSSSS	0
uniform/b1/colliding/look_protected/path_00000	selected-uniform-five	look_protected	colliding	1	-	SSSSS	0
uniform/b1/colliding/look_protected/path_00001	selected-uniform-five	look_protected	colliding	1	-	SSSSFS	0
uniform/b1/colliding/look_protected/path_00002	selected-uniform-five	look_protected	colliding	1	-	SSSFSS	0
uniform/b1/colliding/look_protected/path_00003	selected-uniform-five	look_protected	colliding	1	-	SSFSSS	0
uniform/b1/colliding/look_protected/path_00004	selected-uniform-five	look_protected	colliding	1	-	SFSSSS	0
uniform/b1/colliding/look_protected/path_00005	selected-uniform-five	look_protected	colliding	1	-	FSSSSS	0
uniform/b1/colliding/cached/path_00000	selected-uniform-five	cached	colliding	1	-	MMM	0
uniform/b1/colliding/cached/path_00001	selected-uniform-five	cached	colliding	1	-	MMXM	0
uniform/b1/colliding/cached/path_00002	selected-uniform-five	cached	colliding	1	-	MXMMM	0
uniform/b1/colliding/cached/path_00003	selected-uniform-five	cached	colliding	1	-	XMMMM	0
uniform/b2/distinct/hybrid/path_00000	selected-uniform-five	hybrid	distinct	2	-	SSS	0
uniform/b2/distinct/hybrid/path_00001	selected-uniform-five	hybrid	distinct	2	-	SSFSS	0
uniform/b2/distinct/hybrid/path_00002	selected-uniform-five	hybrid	distinct	2	-	SSFSFS	0
uniform/b2/distinct/hybrid/path_00003	selected-uniform-five	hybrid	distinct	2	-	SSFFSS	0
uniform/b2/distinct/hybrid/path_00004	selected-uniform-five	hybrid	distinct	2	-	SFSSSS	0
uniform/b2/distinct/hybrid/path_00005	selected-uniform-five	hybrid	distinct	2	-	SFSSSFS	0
uniform/b2/distinct/hybrid/path_00006	selected-uniform-five	hybrid	distinct	2	-	SFSSFSS	0
uniform/b2/distinct/hybrid/path_00007	selected-uniform-five	hybrid	distinct	2	-	SFSFSSS	0
uniform/b2/distinct/hybrid/path_00008	selected-uniform-five	hybrid	distinct	2	-	SFFSSSS	0
uniform/b2/distinct/hybrid/path_00009	selected-uniform-five	hybrid	distinct	2	-	FSSSSS	0
uniform/b2/distinct/hybrid/path_00010	selected-uniform-five	hybrid	distinct	2	-	FSSSSFS	0
uniform/b2/distinct/hybrid/path_00011	selected-uniform-five	hybrid	distinct	2	-	FSSSFSS	0
uniform/b2/distinct/hybrid/path_00012	selected-uniform-five	hybrid	distinct	2	-	FSSFSSS	0
uniform/b2/distinct/hybrid/path_00013	selected-uniform-five	hybrid	distinct	2	-	FSFSSSS	0
uniform/b2/distinct/hybrid/path_00014	selected-uniform-five	hybrid	distinct	2	-	FFSSSSS	0
uniform/b2/distinct/fixed/path_00000	selected-uniform-five	fixed	distinct	2	0,1,2,3,4	SSSS	0
uniform/b2/distinct/fixed/path_00001	selected-uniform-five	fixed	distinct	2	0,1,2,3,4	SSSFSS	0
uniform/b2/distinct/fixed/path_00002	selected-uniform-five	fixed	distinct	2	0,1,2,3,4	SSSFSFS	0
uniform/b2/distinct/fixed/path_00003	selected-uniform-five	fixed	distinct	2	0,1,2,3,4	SSSFFSS	0
uniform/b2/distinct/fixed/path_00004	selected-uniform-five	fixed	distinct	2	0,1,2,3,4	SSFSSS	0
uniform/b2/distinct/fixed/path_00005	selected-uniform-five	fixed	distinct	2	0,1,2,3,4	SSFSSFS	0
uniform/b2/distinct/fixed/path_00006	selected-uniform-five	fixed	distinct	2	0,1,2,3,4	SSFSFSS	0
uniform/b2/distinct/fixed/path_00007	selected-uniform-five	fixed	distinct	2	0,1,2,3,4	SSFFSSS	0
uniform/b2/distinct/fixed/path_00008	selected-uniform-five	fixed	distinct	2	0,1,2,3,4	SFSSSS	0
uniform/b2/distinct/fixed/path_00009	selected-uniform-five	fixed	distinct	2	0,1,2,3,4	SFSSSFS	0
uniform/b2/distinct/fixed/path_00010	selected-uniform-five	fixed	distinct	2	0,1,2,3,4	SFSSFSS	0
uniform/b2/distinct/fixed/path_00011	selected-uniform-five	fixed	distinct	2	0,1,2,3,4	SFSFSSS	0
uniform/b2/distinct/fixed/path_00012	selected-uniform-five	fixed	distinct	2	0,1,2,3,4	SFFSSSS	0
uniform/b2/distinct/fixed/path_00013	selected-uniform-five	fixed	distinct	2	0,1,2,3,4	FSSSSS	0
uniform/b2/distinct/fixed/path_00014	selected-uniform-five	fixed	distinct	2	0,1,2,3,4	FSSSSFS	0
uniform/b2/distinct/fixed/path_00015	selected-uniform-five	fixed	distinct	2	0,1,2,3,4	FSSSFSS	0
uniform/b2/distinct/fixed/path_00016	selected-uniform-five	fixed	distinct	2	0,1,2,3,4	FSSFSSS	0
uniform/b2/distinct/fixed/path_00017	selected-uniform-five	fixed	distinct	2	0,1,2,3,4	FSFSSSS	0
uniform/b2/distinct/fixed/path_00018	selected-uniform-five	fixed	distinct	2	0,1,2,3,4	FFSSSSS	0
uniform/b2/distinct/look_fast/path_00000	selected-uniform-five	look_fast	distinct	2	-	SSSS	0
uniform/b2/distinct/look_fast/path_00001	selected-uniform-five	look_fast	distinct	2	-	SSSFSS	0
uniform/b2/distinct/look_fast/path_00002	selected-uniform-five	look_fast	distinct	2	-	SSSFSFS	0
uniform/b2/distinct/look_fast/path_00003	selected-uniform-five	look_fast	distinct	2	-	SSSFFSS	0
uniform/b2/distinct/look_fast/path_00004	selected-uniform-five	look_fast	distinct	2	-	SSFSSS	0
uniform/b2/distinct/look_fast/path_00005	selected-uniform-five	look_fast	distinct	2	-	SSFSSFS	0
uniform/b2/distinct/look_fast/path_00006	selected-uniform-five	look_fast	distinct	2	-	SSFSFSS	0
uniform/b2/distinct/look_fast/path_00007	selected-uniform-five	look_fast	distinct	2	-	SSFFSSS	0
uniform/b2/distinct/look_fast/path_00008	selected-uniform-five	look_fast	distinct	2	-	SFSSSS	0
uniform/b2/distinct/look_fast/path_00009	selected-uniform-five	look_fast	distinct	2	-	SFSSSFS	0
uniform/b2/distinct/look_fast/path_00010	selected-uniform-five	look_fast	distinct	2	-	SFSSFSS	0
uniform/b2/distinct/look_fast/path_00011	selected-uniform-five	look_fast	distinct	2	-	SFSFSSS	0
uniform/b2/distinct/look_fast/path_00012	selected-uniform-five	look_fast	distinct	2	-	SFFSSSS	0
uniform/b2/distinct/look_fast/path_00013	selected-uniform-five	look_fast	distinct	2	-	FSSSSS	0
uniform/b2/distinct/look_fast/path_00014	selected-uniform-five	look_fast	distinct	2	-	FSSSSFS	0
uniform/b2/distinct/look_fast/path_00015	selected-uniform-five	look_fast	distinct	2	-	FSSSFSS	0
uniform/b2/distinct/look_fast/path_00016	selected-uniform-five	look_fast	distinct	2	-	FSSFSSS	0
uniform/b2/distinct/look_fast/path_00017	selected-uniform-five	look_fast	distinct	2	-	FSFSSSS	0
uniform/b2/distinct/look_fast/path_00018	selected-uniform-five	look_fast	distinct	2	-	FFSSSSS	0
uniform/b2/distinct/look_protected/path_00000	selected-uniform-five	look_protected	distinct	2	-	SSS	0
uniform/b2/distinct/look_protected/path_00001	selected-uniform-five	look_protected	distinct	2	-	SSFSS	0
uniform/b2/distinct/look_protected/path_00002	selected-uniform-five	look_protected	distinct	2	-	SSFSFS	0
uniform/b2/distinct/look_protected/path_00003	selected-uniform-five	look_protected	distinct	2	-	SSFFSS	0
uniform/b2/distinct/look_protected/path_00004	selected-uniform-five	look_protected	distinct	2	-	SFSSSS	0
uniform/b2/distinct/look_protected/path_00005	selected-uniform-five	look_protected	distinct	2	-	SFSSSFS	0
uniform/b2/distinct/look_protected/path_00006	selected-uniform-five	look_protected	distinct	2	-	SFSSFSS	0
uniform/b2/distinct/look_protected/path_00007	selected-uniform-five	look_protected	distinct	2	-	SFSFSSS	0
uniform/b2/distinct/look_protected/path_00008	selected-uniform-five	look_protected	distinct	2	-	SFFSSSS	0
uniform/b2/distinct/look_protected/path_00009	selected-uniform-five	look_protected	distinct	2	-	FSSSSS	0
uniform/b2/distinct/look_protected/path_00010	selected-uniform-five	look_protected	distinct	2	-	FSSSSFS	0
uniform/b2/distinct/look_protected/path_00011	selected-uniform-five	look_protected	distinct	2	-	FSSSFSS	0
uniform/b2/distinct/look_protected/path_00012	selected-uniform-five	look_protected	distinct	2	-	FSSFSSS	0
uniform/b2/distinct/look_protected/path_00013	selected-uniform-five	look_protected	distinct	2	-	FSFSSSS	0
uniform/b2/distinct/look_protected/path_00014	selected-uniform-five	look_protected	distinct	2	-	FFSSSSS	0
uniform/b2/distinct/cached/path_00000	selected-uniform-five	cached	distinct	2	-	MM	0
uniform/b2/distinct/cached/path_00001	selected-uniform-five	cached	distinct	2	-	MXM	0
uniform/b2/distinct/cached/path_00002	selected-uniform-five	cached	distinct	2	-	MXXM	0
uniform/b2/distinct/cached/path_00003	selected-uniform-five	cached	distinct	2	-	XMM	0
uniform/b2/distinct/cached/path_00004	selected-uniform-five	cached	distinct	2	-	XMXM	0
uniform/b2/distinct/cached/path_00005	selected-uniform-five	cached	distinct	2	-	XXMMM	0
uniform/b2/colliding/hybrid/path_00000	selected-uniform-five	hybrid	colliding	2	-	SSS	0
uniform/b2/colliding/hybrid/path_00001	selected-uniform-five	hybrid	colliding	2	-	SSFSS	0
uniform/b2/colliding/hybrid/path_00002	selected-uniform-five	hybrid	colliding	2	-	SSFSFS	0
uniform/b2/colliding/hybrid/path_00003	selected-uniform-five	hybrid	colliding	2	-	SSFFSS	0
uniform/b2/colliding/hybrid/path_00004	selected-uniform-five	hybrid	colliding	2	-	SFSSSS	0
uniform/b2/colliding/hybrid/path_00005	selected-uniform-five	hybrid	colliding	2	-	SFSSSFS	0
uniform/b2/colliding/hybrid/path_00006	selected-uniform-five	hybrid	colliding	2	-	SFSSFSS	0
uniform/b2/colliding/hybrid/path_00007	selected-uniform-five	hybrid	colliding	2	-	SFSFSSS	0
uniform/b2/colliding/hybrid/path_00008	selected-uniform-five	hybrid	colliding	2	-	SFFSSSS	0
uniform/b2/colliding/hybrid/path_00009	selected-uniform-five	hybrid	colliding	2	-	FSSSSS	0
uniform/b2/colliding/hybrid/path_00010	selected-uniform-five	hybrid	colliding	2	-	FSSSSFS	0
uniform/b2/colliding/hybrid/path_00011	selected-uniform-five	hybrid	colliding	2	-	FSSSFSS	0
uniform/b2/colliding/hybrid/path_00012	selected-uniform-five	hybrid	colliding	2	-	FSSFSSS	0
uniform/b2/colliding/hybrid/path_00013	selected-uniform-five	hybrid	colliding	2	-	FSFSSSS	0
uniform/b2/colliding/hybrid/path_00014	selected-uniform-five	hybrid	colliding	2	-	FFSSSSS	0
uniform/b2/colliding/fixed/path_00000	selected-uniform-five	fixed	colliding	2	0,1,2,3,4	SSSS	0
uniform/b2/colliding/fixed/path_00001	selected-uniform-five	fixed	colliding	2	0,1,2,3,4	SSSFSS	0
uniform/b2/colliding/fixed/path_00002	selected-uniform-five	fixed	colliding	2	0,1,2,3,4	SSSFSFS	0
uniform/b2/colliding/fixed/path_00003	selected-uniform-five	fixed	colliding	2	0,1,2,3,4	SSSFFSS	0
uniform/b2/colliding/fixed/path_00004	selected-uniform-five	fixed	colliding	2	0,1,2,3,4	SSFSSS	0
uniform/b2/colliding/fixed/path_00005	selected-uniform-five	fixed	colliding	2	0,1,2,3,4	SSFSSFS	0
uniform/b2/colliding/fixed/path_00006	selected-uniform-five	fixed	colliding	2	0,1,2,3,4	SSFSFSS	0
uniform/b2/colliding/fixed/path_00007	selected-uniform-five	fixed	colliding	2	0,1,2,3,4	SSFFSSS	0
uniform/b2/colliding/fixed/path_00008	selected-uniform-five	fixed	colliding	2	0,1,2,3,4	SFSSSS	0
uniform/b2/colliding/fixed/path_00009	selected-uniform-five	fixed	colliding	2	0,1,2,3,4	SFSSSFS	0
uniform/b2/colliding/fixed/path_00010	selected-uniform-five	fixed	colliding	2	0,1,2,3,4	SFSSFSS	0
uniform/b2/colliding/fixed/path_00011	selected-uniform-five	fixed	colliding	2	0,1,2,3,4	SFSFSSS	0
uniform/b2/colliding/fixed/path_00012	selected-uniform-five	fixed	colliding	2	0,1,2,3,4	SFFSSSS	0
uniform/b2/colliding/fixed/path_00013	selected-uniform-five	fixed	colliding	2	0,1,2,3,4	FSSSSS	0
uniform/b2/colliding/fixed/path_00014	selected-uniform-five	fixed	colliding	2	0,1,2,3,4	FSSSSFS	0
uniform/b2/colliding/fixed/path_00015	selected-uniform-five	fixed	colliding	2	0,1,2,3,4	FSSSFSS	0
uniform/b2/colliding/fixed/path_00016	selected-uniform-five	fixed	colliding	2	0,1,2,3,4	FSSFSSS	0
uniform/b2/colliding/fixed/path_00017	selected-uniform-five	fixed	colliding	2	0,1,2,3,4	FSFSSSS	0
uniform/b2/colliding/fixed/path_00018	selected-uniform-five	fixed	colliding	2	0,1,2,3,4	FFSSSSS	0
uniform/b2/colliding/look_fast/path_00000	selected-uniform-five	look_fast	colliding	2	-	SSSS	0
uniform/b2/colliding/look_fast/path_00001	selected-uniform-five	look_fast	colliding	2	-	SSSFSS	0
uniform/b2/colliding/look_fast/path_00002	selected-uniform-five	look_fast	colliding	2	-	SSSFSFS	0
uniform/b2/colliding/look_fast/path_00003	selected-uniform-five	look_fast	colliding	2	-	SSSFFSS	0
uniform/b2/colliding/look_fast/path_00004	selected-uniform-five	look_fast	colliding	2	-	SSFSSS	0
uniform/b2/colliding/look_fast/path_00005	selected-uniform-five	look_fast	colliding	2	-	SSFSSFS	0
uniform/b2/colliding/look_fast/path_00006	selected-uniform-five	look_fast	colliding	2	-	SSFSFSS	0
uniform/b2/colliding/look_fast/path_00007	selected-uniform-five	look_fast	colliding	2	-	SSFFSSS	0
uniform/b2/colliding/look_fast/path_00008	selected-uniform-five	look_fast	colliding	2	-	SFSSSS	0
uniform/b2/colliding/look_fast/path_00009	selected-uniform-five	look_fast	colliding	2	-	SFSSSFS	0
uniform/b2/colliding/look_fast/path_00010	selected-uniform-five	look_fast	colliding	2	-	SFSSFSS	0
uniform/b2/colliding/look_fast/path_00011	selected-uniform-five	look_fast	colliding	2	-	SFSFSSS	0
uniform/b2/colliding/look_fast/path_00012	selected-uniform-five	look_fast	colliding	2	-	SFFSSSS	0
uniform/b2/colliding/look_fast/path_00013	selected-uniform-five	look_fast	colliding	2	-	FSSSSS	0
uniform/b2/colliding/look_fast/path_00014	selected-uniform-five	look_fast	colliding	2	-	FSSSSFS	0
uniform/b2/colliding/look_fast/path_00015	selected-uniform-five	look_fast	colliding	2	-	FSSSFSS	0
uniform/b2/colliding/look_fast/path_00016	selected-uniform-five	look_fast	colliding	2	-	FSSFSSS	0
uniform/b2/colliding/look_fast/path_00017	selected-uniform-five	look_fast	colliding	2	-	FSFSSSS	0
uniform/b2/colliding/look_fast/path_00018	selected-uniform-five	look_fast	colliding	2	-	FFSSSSS	0
uniform/b2/colliding/look_protected/path_00000	selected-uniform-five	look_protected	colliding	2	-	SSS	0
uniform/b2/colliding/look_protected/path_00001	selected-uniform-five	look_protected	colliding	2	-	SSFSS	0
uniform/b2/colliding/look_protected/path_00002	selected-uniform-five	look_protected	colliding	2	-	SSFSFS	0
uniform/b2/colliding/look_protected/path_00003	selected-uniform-five	look_protected	colliding	2	-	SSFFSS	0
uniform/b2/colliding/look_protected/path_00004	selected-uniform-five	look_protected	colliding	2	-	SFSSSS	0
uniform/b2/colliding/look_protected/path_00005	selected-uniform-five	look_protected	colliding	2	-	SFSSSFS	0
uniform/b2/colliding/look_protected/path_00006	selected-uniform-five	look_protected	colliding	2	-	SFSSFSS	0
uniform/b2/colliding/look_protected/path_00007	selected-uniform-five	look_protected	colliding	2	-	SFSFSSS	0
uniform/b2/colliding/look_protected/path_00008	selected-uniform-five	look_protected	colliding	2	-	SFFSSSS	0
uniform/b2/colliding/look_protected/path_00009	selected-uniform-five	look_protected	colliding	2	-	FSSSSS	0
uniform/b2/colliding/look_protected/path_00010	selected-uniform-five	look_protected	colliding	2	-	FSSSSFS	0
uniform/b2/colliding/look_protected/path_00011	selected-uniform-five	look_protected	colliding	2	-	FSSSFSS	0
uniform/b2/colliding/look_protected/path_00012	selected-uniform-five	look_protected	colliding	2	-	FSSFSSS	0
uniform/b2/colliding/look_protected/path_00013	selected-uniform-five	look_protected	colliding	2	-	FSFSSSS	0
uniform/b2/colliding/look_protected/path_00014	selected-uniform-five	look_protected	colliding	2	-	FFSSSSS	0
uniform/b2/colliding/cached/path_00000	selected-uniform-five	cached	colliding	2	-	MM	0
uniform/b2/colliding/cached/path_00001	selected-uniform-five	cached	colliding	2	-	MXM	0
uniform/b2/colliding/cached/path_00002	selected-uniform-five	cached	colliding	2	-	MXXM	0
uniform/b2/colliding/cached/path_00003	selected-uniform-five	cached	colliding	2	-	XMM	0
uniform/b2/colliding/cached/path_00004	selected-uniform-five	cached	colliding	2	-	XMXM	0
uniform/b2/colliding/cached/path_00005	selected-uniform-five	cached	colliding	2	-	XXMMM	0
uniform/b3/distinct/hybrid/path_00000	selected-uniform-five	hybrid	distinct	3	-	SS	0
uniform/b3/distinct/hybrid/path_00001	selected-uniform-five	hybrid	distinct	3	-	SFSS	0
uniform/b3/distinct/hybrid/path_00002	selected-uniform-five	hybrid	distinct	3	-	SFSFSS	0
uniform/b3/distinct/hybrid/path_00003	selected-uniform-five	hybrid	distinct	3	-	SFSFSFS	0
uniform/b3/distinct/hybrid/path_00004	selected-uniform-five	hybrid	distinct	3	-	SFSFFSS	0
uniform/b3/distinct/hybrid/path_00005	selected-uniform-five	hybrid	distinct	3	-	SFFSSSS	0
uniform/b3/distinct/hybrid/path_00006	selected-uniform-five	hybrid	distinct	3	-	SFFSSSFS	0
uniform/b3/distinct/hybrid/path_00007	selected-uniform-five	hybrid	distinct	3	-	SFFSSFSS	0
uniform/b3/distinct/hybrid/path_00008	selected-uniform-five	hybrid	distinct	3	-	SFFSFSSS	0
uniform/b3/distinct/hybrid/path_00009	selected-uniform-five	hybrid	distinct	3	-	SFFFSSSS	0
uniform/b3/distinct/hybrid/path_00010	selected-uniform-five	hybrid	distinct	3	-	FSSS	0
uniform/b3/distinct/hybrid/path_00011	selected-uniform-five	hybrid	distinct	3	-	FSSFSS	0
uniform/b3/distinct/hybrid/path_00012	selected-uniform-five	hybrid	distinct	3	-	FSSFSFS	0
uniform/b3/distinct/hybrid/path_00013	selected-uniform-five	hybrid	distinct	3	-	FSSFFSS	0
uniform/b3/distinct/hybrid/path_00014	selected-uniform-five	hybrid	distinct	3	-	FSFSSSS	0
uniform/b3/distinct/hybrid/path_00015	selected-uniform-five	hybrid	distinct	3	-	FSFSSSFS	0
uniform/b3/distinct/hybrid/path_00016	selected-uniform-five	hybrid	distinct	3	-	FSFSSFSS	0
uniform/b3/distinct/hybrid/path_00017	selected-uniform-five	hybrid	distinct	3	-	FSFSFSSS	0
uniform/b3/distinct/hybrid/path_00018	selected-uniform-five	hybrid	distinct	3	-	FSFFSSSS	0
uniform/b3/distinct/hybrid/path_00019	selected-uniform-five	hybrid	distinct	3	-	FFSSSSS	0
uniform/b3/distinct/hybrid/path_00020	selected-uniform-five	hybrid	distinct	3	-	FFSSSSFS	0
uniform/b3/distinct/hybrid/path_00021	selected-uniform-five	hybrid	distinct	3	-	FFSSSFSS	0
uniform/b3/distinct/hybrid/path_00022	selected-uniform-five	hybrid	distinct	3	-	FFSSFSSS	0
uniform/b3/distinct/hybrid/path_00023	selected-uniform-five	hybrid	distinct	3	-	FFSFSSSS	0
uniform/b3/distinct/hybrid/path_00024	selected-uniform-five	hybrid	distinct	3	-	FFFSSSSS	0
uniform/b3/distinct/fixed/path_00000	selected-uniform-five	fixed	distinct	3	2,4,0,1,3	SS	0
uniform/b3/distinct/fixed/path_00001	selected-uniform-five	fixed	distinct	3	2,4,0,1,3	SFSS	0
uniform/b3/distinct/fixed/path_00002	selected-uniform-five	fixed	distinct	3	2,4,0,1,3	SFSFSS	0
uniform/b3/distinct/fixed/path_00003	selected-uniform-five	fixed	distinct	3	2,4,0,1,3	SFSFSFS	0
uniform/b3/distinct/fixed/path_00004	selected-uniform-five	fixed	distinct	3	2,4,0,1,3	SFSFFSS	0
uniform/b3/distinct/fixed/path_00005	selected-uniform-five	fixed	distinct	3	2,4,0,1,3	SFFSSSS	0
uniform/b3/distinct/fixed/path_00006	selected-uniform-five	fixed	distinct	3	2,4,0,1,3	SFFSSSFS	0
uniform/b3/distinct/fixed/path_00007	selected-uniform-five	fixed	distinct	3	2,4,0,1,3	SFFSSFSS	0
uniform/b3/distinct/fixed/path_00008	selected-uniform-five	fixed	distinct	3	2,4,0,1,3	SFFSFSSS	0
uniform/b3/distinct/fixed/path_00009	selected-uniform-five	fixed	distinct	3	2,4,0,1,3	SFFFSSSS	0
uniform/b3/distinct/fixed/path_00010	selected-uniform-five	fixed	distinct	3	2,4,0,1,3	FSSS	0
uniform/b3/distinct/fixed/path_00011	selected-uniform-five	fixed	distinct	3	2,4,0,1,3	FSSFSS	0
uniform/b3/distinct/fixed/path_00012	selected-uniform-five	fixed	distinct	3	2,4,0,1,3	FSSFSFS	0
uniform/b3/distinct/fixed/path_00013	selected-uniform-five	fixed	distinct	3	2,4,0,1,3	FSSFFSS	0
uniform/b3/distinct/fixed/path_00014	selected-uniform-five	fixed	distinct	3	2,4,0,1,3	FSFSSSS	0
uniform/b3/distinct/fixed/path_00015	selected-uniform-five	fixed	distinct	3	2,4,0,1,3	FSFSSSFS	0
uniform/b3/distinct/fixed/path_00016	selected-uniform-five	fixed	distinct	3	2,4,0,1,3	FSFSSFSS	0
uniform/b3/distinct/fixed/path_00017	selected-uniform-five	fixed	distinct	3	2,4,0,1,3	FSFSFSSS	0
uniform/b3/distinct/fixed/path_00018	selected-uniform-five	fixed	distinct	3	2,4,0,1,3	FSFFSSSS	0
uniform/b3/distinct/fixed/path_00019	selected-uniform-five	fixed	distinct	3	2,4,0,1,3	FFSSSSS	0
uniform/b3/distinct/fixed/path_00020	selected-uniform-five	fixed	distinct	3	2,4,0,1,3	FFSSSSFS	0
uniform/b3/distinct/fixed/path_00021	selected-uniform-five	fixed	distinct	3	2,4,0,1,3	FFSSSFSS	0
uniform/b3/distinct/fixed/path_00022	selected-uniform-five	fixed	distinct	3	2,4,0,1,3	FFSSFSSS	0
uniform/b3/distinct/fixed/path_00023	selected-uniform-five	fixed	distinct	3	2,4,0,1,3	FFSFSSSS	0
uniform/b3/distinct/fixed/path_00024	selected-uniform-five	fixed	distinct	3	2,4,0,1,3	FFFSSSSS	0
uniform/b3/distinct/look_fast/path_00000	selected-uniform-five	look_fast	distinct	3	-	SSS	0
uniform/b3/distinct/look_fast/path_00001	selected-uniform-five	look_fast	distinct	3	-	SSFS	0
uniform/b3/distinct/look_fast/path_00002	selected-uniform-five	look_fast	distinct	3	-	SSFFSS	0
uniform/b3/distinct/look_fast/path_00003	selected-uniform-five	look_fast	distinct	3	-	SSFFSFS	0
uniform/b3/distinct/look_fast/path_00004	selected-uniform-five	look_fast	distinct	3	-	SSFFFSS	0
uniform/b3/distinct/look_fast/path_00005	selected-uniform-five	look_fast	distinct	3	-	SFSSS	0
uniform/b3/distinct/look_fast/path_00006	selected-uniform-five	look_fast	distinct	3	-	SFSSFSS	0
uniform/b3/distinct/look_fast/path_00007	selected-uniform-five	look_fast	distinct	3	-	SFSSFSFS	0
uniform/b3/distinct/look_fast/path_00008	selected-uniform-five	look_fast	distinct	3	-	SFSSFFSS	0
uniform/b3/distinct/look_fast/path_00009	selected-uniform-five	look_fast	distinct	3	-	SFSFSSS	0
uniform/b3/distinct/look_fast/path_00010	selected-uniform-five	look_fast	distinct	3	-	SFSFSSFS	0
uniform/b3/distinct/look_fast/path_00011	selected-uniform-five	look_fast	distinct	3	-	SFSFSFSS	0
uniform/b3/distinct/look_fast/path_00012	selected-uniform-five	look_fast	distinct	3	-	SFSFFSSS	0
uniform/b3/distinct/look_fast/path_00013	selected-uniform-five	look_fast	distinct	3	-	SFFSSSS	0
uniform/b3/distinct/look_fast/path_00014	selected-uniform-five	look_fast	distinct	3	-	SFFSSSFS	0
uniform/b3/distinct/look_fast/path_00015	selected-uniform-five	look_fast	distinct	3	-	SFFSSFSS	0
uniform/b3/distinct/look_fast/path_00016	selected-uniform-five	look_fast	distinct	3	-	SFFSFSSS	0
uniform/b3/distinct/look_fast/path_00017	selected-uniform-five	look_fast	distinct	3	-	SFFFSSSS	0
uniform/b3/distinct/look_fast/path_00018	selected-uniform-five	look_fast	distinct	3	-	FSSSS	0
uniform/b3/distinct/look_fast/path_00019	selected-uniform-five	look_fast	distinct	3	-	FSSSFSS	0
uniform/b3/distinct/look_fast/path_00020	selected-uniform-five	look_fast	distinct	3	-	FSSSFSFS	0
uniform/b3/distinct/look_fast/path_00021	selected-uniform-five	look_fast	distinct	3	-	FSSSFFSS	0
uniform/b3/distinct/look_fast/path_00022	selected-uniform-five	look_fast	distinct	3	-	FSSFSSS	0
uniform/b3/distinct/look_fast/path_00023	selected-uniform-five	look_fast	distinct	3	-	FSSFSSFS	0
uniform/b3/distinct/look_fast/path_00024	selected-uniform-five	look_fast	distinct	3	-	FSSFSFSS	0
uniform/b3/distinct/look_fast/path_00025	selected-uniform-five	look_fast	distinct	3	-	FSSFFSSS	0
uniform/b3/distinct/look_fast/path_00026	selected-uniform-five	look_fast	distinct	3	-	FSFSSSS	0
uniform/b3/distinct/look_fast/path_00027	selected-uniform-five	look_fast	distinct	3	-	FSFSSSFS	0
uniform/b3/distinct/look_fast/path_00028	selected-uniform-five	look_fast	distinct	3	-	FSFSSFSS	0
uniform/b3/distinct/look_fast/path_00029	selected-uniform-five	look_fast	distinct	3	-	FSFSFSSS	0
uniform/b3/distinct/look_fast/path_00030	selected-uniform-five	look_fast	distinct	3	-	FSFFSSSS	0
uniform/b3/distinct/look_fast/path_00031	selected-uniform-five	look_fast	distinct	3	-	FFSSSSS	0
uniform/b3/distinct/look_fast/path_00032	selected-uniform-five	look_fast	distinct	3	-	FFSSSSFS	0
uniform/b3/distinct/look_fast/path_00033	selected-uniform-five	look_fast	distinct	3	-	FFSSSFSS	0
uniform/b3/distinct/look_fast/path_00034	selected-uniform-five	look_fast	distinct	3	-	FFSSFSSS	0
uniform/b3/distinct/look_fast/path_00035	selected-uniform-five	look_fast	distinct	3	-	FFSFSSSS	0
uniform/b3/distinct/look_fast/path_00036	selected-uniform-five	look_fast	distinct	3	-	FFFSSSSS	0
uniform/b3/distinct/look_protected/path_00000	selected-uniform-five	look_protected	distinct	3	-	SS	0
uniform/b3/distinct/look_protected/path_00001	selected-uniform-five	look_protected	distinct	3	-	SFSS	0
uniform/b3/distinct/look_protected/path_00002	selected-uniform-five	look_protected	distinct	3	-	SFSFSS	0
uniform/b3/distinct/look_protected/path_00003	selected-uniform-five	look_protected	distinct	3	-	SFSFSFS	0
uniform/b3/distinct/look_protected/path_00004	selected-uniform-five	look_protected	distinct	3	-	SFSFFSS	0
uniform/b3/distinct/look_protected/path_00005	selected-uniform-five	look_protected	distinct	3	-	SFFSSSS	0
uniform/b3/distinct/look_protected/path_00006	selected-uniform-five	look_protected	distinct	3	-	SFFSSSFS	0
uniform/b3/distinct/look_protected/path_00007	selected-uniform-five	look_protected	distinct	3	-	SFFSSFSS	0
uniform/b3/distinct/look_protected/path_00008	selected-uniform-five	look_protected	distinct	3	-	SFFSFSSS	0
uniform/b3/distinct/look_protected/path_00009	selected-uniform-five	look_protected	distinct	3	-	SFFFSSSS	0
uniform/b3/distinct/look_protected/path_00010	selected-uniform-five	look_protected	distinct	3	-	FSSS	0
uniform/b3/distinct/look_protected/path_00011	selected-uniform-five	look_protected	distinct	3	-	FSSFSS	0
uniform/b3/distinct/look_protected/path_00012	selected-uniform-five	look_protected	distinct	3	-	FSSFSFS	0
uniform/b3/distinct/look_protected/path_00013	selected-uniform-five	look_protected	distinct	3	-	FSSFFSS	0
uniform/b3/distinct/look_protected/path_00014	selected-uniform-five	look_protected	distinct	3	-	FSFSSSS	0
uniform/b3/distinct/look_protected/path_00015	selected-uniform-five	look_protected	distinct	3	-	FSFSSSFS	0
uniform/b3/distinct/look_protected/path_00016	selected-uniform-five	look_protected	distinct	3	-	FSFSSFSS	0
uniform/b3/distinct/look_protected/path_00017	selected-uniform-five	look_protected	distinct	3	-	FSFSFSSS	0
uniform/b3/distinct/look_protected/path_00018	selected-uniform-five	look_protected	distinct	3	-	FSFFSSSS	0
uniform/b3/distinct/look_protected/path_00019	selected-uniform-five	look_protected	distinct	3	-	FFSSSSS	0
uniform/b3/distinct/look_protected/path_00020	selected-uniform-five	look_protected	distinct	3	-	FFSSSSFS	0
uniform/b3/distinct/look_protected/path_00021	selected-uniform-five	look_protected	distinct	3	-	FFSSSFSS	0
uniform/b3/distinct/look_protected/path_00022	selected-uniform-five	look_protected	distinct	3	-	FFSSFSSS	0
uniform/b3/distinct/look_protected/path_00023	selected-uniform-five	look_protected	distinct	3	-	FFSFSSSS	0
uniform/b3/distinct/look_protected/path_00024	selected-uniform-five	look_protected	distinct	3	-	FFFSSSSS	0
uniform/b3/distinct/cached/path_00000	selected-uniform-five	cached	distinct	3	-	M	0
uniform/b3/distinct/cached/path_00001	selected-uniform-five	cached	distinct	3	-	XM	0
uniform/b3/distinct/cached/path_00002	selected-uniform-five	cached	distinct	3	-	XXM	0
uniform/b3/distinct/cached/path_00003	selected-uniform-five	cached	distinct	3	-	XXXM	0
uniform/b3/colliding/hybrid/path_00000	selected-uniform-five	hybrid	colliding	3	-	SS	0
uniform/b3/colliding/hybrid/path_00001	selected-uniform-five	hybrid	colliding	3	-	SFSS	0
uniform/b3/colliding/hybrid/path_00002	selected-uniform-five	hybrid	colliding	3	-	SFSFSS	0
uniform/b3/colliding/hybrid/path_00003	selected-uniform-five	hybrid	colliding	3	-	SFSFSFS	0
uniform/b3/colliding/hybrid/path_00004	selected-uniform-five	hybrid	colliding	3	-	SFSFFSS	0
uniform/b3/colliding/hybrid/path_00005	selected-uniform-five	hybrid	colliding	3	-	SFFSSSS	0
uniform/b3/colliding/hybrid/path_00006	selected-uniform-five	hybrid	colliding	3	-	SFFSSSFS	0
uniform/b3/colliding/hybrid/path_00007	selected-uniform-five	hybrid	colliding	3	-	SFFSSFSS	0
uniform/b3/colliding/hybrid/path_00008	selected-uniform-five	hybrid	colliding	3	-	SFFSFSSS	0
uniform/b3/colliding/hybrid/path_00009	selected-uniform-five	hybrid	colliding	3	-	SFFFSSSS	0
uniform/b3/colliding/hybrid/path_00010	selected-uniform-five	hybrid	colliding	3	-	FSSS	0
uniform/b3/colliding/hybrid/path_00011	selected-uniform-five	hybrid	colliding	3	-	FSSFSS	0
uniform/b3/colliding/hybrid/path_00012	selected-uniform-five	hybrid	colliding	3	-	FSSFSFS	0
uniform/b3/colliding/hybrid/path_00013	selected-uniform-five	hybrid	colliding	3	-	FSSFFSS	0
uniform/b3/colliding/hybrid/path_00014	selected-uniform-five	hybrid	colliding	3	-	FSFSSSS	0
uniform/b3/colliding/hybrid/path_00015	selected-uniform-five	hybrid	colliding	3	-	FSFSSSFS	0
uniform/b3/colliding/hybrid/path_00016	selected-uniform-five	hybrid	colliding	3	-	FSFSSFSS	0
uniform/b3/colliding/hybrid/path_00017	selected-uniform-five	hybrid	colliding	3	-	FSFSFSSS	0
uniform/b3/colliding/hybrid/path_00018	selected-uniform-five	hybrid	colliding	3	-	FSFFSSSS	0
uniform/b3/colliding/hybrid/path_00019	selected-uniform-five	hybrid	colliding	3	-	FFSSSSS	0
uniform/b3/colliding/hybrid/path_00020	selected-uniform-five	hybrid	colliding	3	-	FFSSSSFS	0
uniform/b3/colliding/hybrid/path_00021	selected-uniform-five	hybrid	colliding	3	-	FFSSSFSS	0
uniform/b3/colliding/hybrid/path_00022	selected-uniform-five	hybrid	colliding	3	-	FFSSFSSS	0
uniform/b3/colliding/hybrid/path_00023	selected-uniform-five	hybrid	colliding	3	-	FFSFSSSS	0
uniform/b3/colliding/hybrid/path_00024	selected-uniform-five	hybrid	colliding	3	-	FFFSSSSS	0
uniform/b3/colliding/fixed/path_00000	selected-uniform-five	fixed	colliding	3	2,4,0,1,3	SS	0
uniform/b3/colliding/fixed/path_00001	selected-uniform-five	fixed	colliding	3	2,4,0,1,3	SFSS	0
uniform/b3/colliding/fixed/path_00002	selected-uniform-five	fixed	colliding	3	2,4,0,1,3	SFSFSS	0
uniform/b3/colliding/fixed/path_00003	selected-uniform-five	fixed	colliding	3	2,4,0,1,3	SFSFSFS	0
uniform/b3/colliding/fixed/path_00004	selected-uniform-five	fixed	colliding	3	2,4,0,1,3	SFSFFSS	0
uniform/b3/colliding/fixed/path_00005	selected-uniform-five	fixed	colliding	3	2,4,0,1,3	SFFSSSS	0
uniform/b3/colliding/fixed/path_00006	selected-uniform-five	fixed	colliding	3	2,4,0,1,3	SFFSSSFS	0
uniform/b3/colliding/fixed/path_00007	selected-uniform-five	fixed	colliding	3	2,4,0,1,3	SFFSSFSS	0
uniform/b3/colliding/fixed/path_00008	selected-uniform-five	fixed	colliding	3	2,4,0,1,3	SFFSFSSS	0
uniform/b3/colliding/fixed/path_00009	selected-uniform-five	fixed	colliding	3	2,4,0,1,3	SFFFSSSS	0
uniform/b3/colliding/fixed/path_00010	selected-uniform-five	fixed	colliding	3	2,4,0,1,3	FSSS	0
uniform/b3/colliding/fixed/path_00011	selected-uniform-five	fixed	colliding	3	2,4,0,1,3	FSSFSS	0
uniform/b3/colliding/fixed/path_00012	selected-uniform-five	fixed	colliding	3	2,4,0,1,3	FSSFSFS	0
uniform/b3/colliding/fixed/path_00013	selected-uniform-five	fixed	colliding	3	2,4,0,1,3	FSSFFSS	0
uniform/b3/colliding/fixed/path_00014	selected-uniform-five	fixed	colliding	3	2,4,0,1,3	FSFSSSS	0
uniform/b3/colliding/fixed/path_00015	selected-uniform-five	fixed	colliding	3	2,4,0,1,3	FSFSSSFS	0
uniform/b3/colliding/fixed/path_00016	selected-uniform-five	fixed	colliding	3	2,4,0,1,3	FSFSSFSS	0
uniform/b3/colliding/fixed/path_00017	selected-uniform-five	fixed	colliding	3	2,4,0,1,3	FSFSFSSS	0
uniform/b3/colliding/fixed/path_00018	selected-uniform-five	fixed	colliding	3	2,4,0,1,3	FSFFSSSS	0
uniform/b3/colliding/fixed/path_00019	selected-uniform-five	fixed	colliding	3	2,4,0,1,3	FFSSSSS	0
uniform/b3/colliding/fixed/path_00020	selected-uniform-five	fixed	colliding	3	2,4,0,1,3	FFSSSSFS	0
uniform/b3/colliding/fixed/path_00021	selected-uniform-five	fixed	colliding	3	2,4,0,1,3	FFSSSFSS	0
uniform/b3/colliding/fixed/path_00022	selected-uniform-five	fixed	colliding	3	2,4,0,1,3	FFSSFSSS	0
uniform/b3/colliding/fixed/path_00023	selected-uniform-five	fixed	colliding	3	2,4,0,1,3	FFSFSSSS	0
uniform/b3/colliding/fixed/path_00024	selected-uniform-five	fixed	colliding	3	2,4,0,1,3	FFFSSSSS	0
uniform/b3/colliding/look_fast/path_00000	selected-uniform-five	look_fast	colliding	3	-	SSS	0
uniform/b3/colliding/look_fast/path_00001	selected-uniform-five	look_fast	colliding	3	-	SSFS	0
uniform/b3/colliding/look_fast/path_00002	selected-uniform-five	look_fast	colliding	3	-	SSFFSS	0
uniform/b3/colliding/look_fast/path_00003	selected-uniform-five	look_fast	colliding	3	-	SSFFSFS	0
uniform/b3/colliding/look_fast/path_00004	selected-uniform-five	look_fast	colliding	3	-	SSFFFSS	0
uniform/b3/colliding/look_fast/path_00005	selected-uniform-five	look_fast	colliding	3	-	SFSSS	0
uniform/b3/colliding/look_fast/path_00006	selected-uniform-five	look_fast	colliding	3	-	SFSSFSS	0
uniform/b3/colliding/look_fast/path_00007	selected-uniform-five	look_fast	colliding	3	-	SFSSFSFS	0
uniform/b3/colliding/look_fast/path_00008	selected-uniform-five	look_fast	colliding	3	-	SFSSFFSS	0
uniform/b3/colliding/look_fast/path_00009	selected-uniform-five	look_fast	colliding	3	-	SFSFSSS	0
uniform/b3/colliding/look_fast/path_00010	selected-uniform-five	look_fast	colliding	3	-	SFSFSSFS	0
uniform/b3/colliding/look_fast/path_00011	selected-uniform-five	look_fast	colliding	3	-	SFSFSFSS	0
uniform/b3/colliding/look_fast/path_00012	selected-uniform-five	look_fast	colliding	3	-	SFSFFSSS	0
uniform/b3/colliding/look_fast/path_00013	selected-uniform-five	look_fast	colliding	3	-	SFFSSSS	0
uniform/b3/colliding/look_fast/path_00014	selected-uniform-five	look_fast	colliding	3	-	SFFSSSFS	0
uniform/b3/colliding/look_fast/path_00015	selected-uniform-five	look_fast	colliding	3	-	SFFSSFSS	0
uniform/b3/colliding/look_fast/path_00016	selected-uniform-five	look_fast	colliding	3	-	SFFSFSSS	0
uniform/b3/colliding/look_fast/path_00017	selected-uniform-five	look_fast	colliding	3	-	SFFFSSSS	0
uniform/b3/colliding/look_fast/path_00018	selected-uniform-five	look_fast	colliding	3	-	FSSSS	0
uniform/b3/colliding/look_fast/path_00019	selected-uniform-five	look_fast	colliding	3	-	FSSSFSS	0
uniform/b3/colliding/look_fast/path_00020	selected-uniform-five	look_fast	colliding	3	-	FSSSFSFS	0
uniform/b3/colliding/look_fast/path_00021	selected-uniform-five	look_fast	colliding	3	-	FSSSFFSS	0
uniform/b3/colliding/look_fast/path_00022	selected-uniform-five	look_fast	colliding	3	-	FSSFSSS	0
uniform/b3/colliding/look_fast/path_00023	selected-uniform-five	look_fast	colliding	3	-	FSSFSSFS	0
uniform/b3/colliding/look_fast/path_00024	selected-uniform-five	look_fast	colliding	3	-	FSSFSFSS	0
uniform/b3/colliding/look_fast/path_00025	selected-uniform-five	look_fast	colliding	3	-	FSSFFSSS	0
uniform/b3/colliding/look_fast/path_00026	selected-uniform-five	look_fast	colliding	3	-	FSFSSSS	0
uniform/b3/colliding/look_fast/path_00027	selected-uniform-five	look_fast	colliding	3	-	FSFSSSFS	0
uniform/b3/colliding/look_fast/path_00028	selected-uniform-five	look_fast	colliding	3	-	FSFSSFSS	0
uniform/b3/colliding/look_fast/path_00029	selected-uniform-five	look_fast	colliding	3	-	FSFSFSSS	0
uniform/b3/colliding/look_fast/path_00030	selected-uniform-five	look_fast	colliding	3	-	FSFFSSSS	0
uniform/b3/colliding/look_fast/path_00031	selected-uniform-five	look_fast	colliding	3	-	FFSSSSS	0
uniform/b3/colliding/look_fast/path_00032	selected-uniform-five	look_fast	colliding	3	-	FFSSSSFS	0
uniform/b3/colliding/look_fast/path_00033	selected-uniform-five	look_fast	colliding	3	-	FFSSSFSS	0
uniform/b3/colliding/look_fast/path_00034	selected-uniform-five	look_fast	colliding	3	-	FFSSFSSS	0
uniform/b3/colliding/look_fast/path_00035	selected-uniform-five	look_fast	colliding	3	-	FFSFSSSS	0
uniform/b3/colliding/look_fast/path_00036	selected-uniform-five	look_fast	colliding	3	-	FFFSSSSS	0
uniform/b3/colliding/look_protected/path_00000	selected-uniform-five	look_protected	colliding	3	-	SS	0
uniform/b3/colliding/look_protected/path_00001	selected-uniform-five	look_protected	colliding	3	-	SFSS	0
uniform/b3/colliding/look_protected/path_00002	selected-uniform-five	look_protected	colliding	3	-	SFSFSS	0
uniform/b3/colliding/look_protected/path_00003	selected-uniform-five	look_protected	colliding	3	-	SFSFSFS	0
uniform/b3/colliding/look_protected/path_00004	selected-uniform-five	look_protected	colliding	3	-	SFSFFSS	0
uniform/b3/colliding/look_protected/path_00005	selected-uniform-five	look_protected	colliding	3	-	SFFSSSS	0
uniform/b3/colliding/look_protected/path_00006	selected-uniform-five	look_protected	colliding	3	-	SFFSSSFS	0
uniform/b3/colliding/look_protected/path_00007	selected-uniform-five	look_protected	colliding	3	-	SFFSSFSS	0
uniform/b3/colliding/look_protected/path_00008	selected-uniform-five	look_protected	colliding	3	-	SFFSFSSS	0
uniform/b3/colliding/look_protected/path_00009	selected-uniform-five	look_protected	colliding	3	-	SFFFSSSS	0
uniform/b3/colliding/look_protected/path_00010	selected-uniform-five	look_protected	colliding	3	-	FSSS	0
uniform/b3/colliding/look_protected/path_00011	selected-uniform-five	look_protected	colliding	3	-	FSSFSS	0
uniform/b3/colliding/look_protected/path_00012	selected-uniform-five	look_protected	colliding	3	-	FSSFSFS	0
uniform/b3/colliding/look_protected/path_00013	selected-uniform-five	look_protected	colliding	3	-	FSSFFSS	0
uniform/b3/colliding/look_protected/path_00014	selected-uniform-five	look_protected	colliding	3	-	FSFSSSS	0
uniform/b3/colliding/look_protected/path_00015	selected-uniform-five	look_protected	colliding	3	-	FSFSSSFS	0
uniform/b3/colliding/look_protected/path_00016	selected-uniform-five	look_protected	colliding	3	-	FSFSSFSS	0
uniform/b3/colliding/look_protected/path_00017	selected-uniform-five	look_protected	colliding	3	-	FSFSFSSS	0
uniform/b3/colliding/look_protected/path_00018	selected-uniform-five	look_protected	colliding	3	-	FSFFSSSS	0
uniform/b3/colliding/look_protected/path_00019	selected-uniform-five	look_protected	colliding	3	-	FFSSSSS	0
uniform/b3/colliding/look_protected/path_00020	selected-uniform-five	look_protected	colliding	3	-	FFSSSSFS	0
uniform/b3/colliding/look_protected/path_00021	selected-uniform-five	look_protected	colliding	3	-	FFSSSFSS	0
uniform/b3/colliding/look_protected/path_00022	selected-uniform-five	look_protected	colliding	3	-	FFSSFSSS	0
uniform/b3/colliding/look_protected/path_00023	selected-uniform-five	look_protected	colliding	3	-	FFSFSSSS	0
uniform/b3/colliding/look_protected/path_00024	selected-uniform-five	look_protected	colliding	3	-	FFFSSSSS	0
uniform/b3/colliding/cached/path_00000	selected-uniform-five	cached	colliding	3	-	M	0
uniform/b3/colliding/cached/path_00001	selected-uniform-five	cached	colliding	3	-	XM	0
uniform/b3/colliding/cached/path_00002	selected-uniform-five	cached	colliding	3	-	XXM	0
uniform/b3/colliding/cached/path_00003	selected-uniform-five	cached	colliding	3	-	XXXM	0
uniform/b4/distinct/hybrid/path_00000	selected-uniform-five	hybrid	distinct	4	-	SS	0
uniform/b4/distinct/hybrid/path_00001	selected-uniform-five	hybrid	distinct	4	-	SFSS	0
uniform/b4/distinct/hybrid/path_00002	selected-uniform-five	hybrid	distinct	4	-	SFSFS	0
uniform/b4/distinct/hybrid/path_00003	selected-uniform-five	hybrid	distinct	4	-	SFSFFSS	0
uniform/b4/distinct/hybrid/path_00004	selected-uniform-five	hybrid	distinct	4	-	SFSFFSFS	0
uniform/b4/distinct/hybrid/path_00005	selected-uniform-five	hybrid	distinct	4	-	SFSFFFSS	0
uniform/b4/distinct/hybrid/path_00006	selected-uniform-five	hybrid	distinct	4	-	SFFSS	0
uniform/b4/distinct/hybrid/path_00007	selected-uniform-five	hybrid	distinct	4	-	SFFSFSS	0
uniform/b4/distinct/hybrid/path_00008	selected-uniform-five	hybrid	distinct	4	-	SFFSFSFS	0
uniform/b4/distinct/hybrid/path_00009	selected-uniform-five	hybrid	distinct	4	-	SFFSFFSS	0
uniform/b4/distinct/hybrid/path_00010	selected-uniform-five	hybrid	distinct	4	-	SFFFSSS	0
uniform/b4/distinct/hybrid/path_00011	selected-uniform-five	hybrid	distinct	4	-	SFFFSSFS	0
uniform/b4/distinct/hybrid/path_00012	selected-uniform-five	hybrid	distinct	4	-	SFFFSFSS	0
uniform/b4/distinct/hybrid/path_00013	selected-uniform-five	hybrid	distinct	4	-	SFFFFSSS	0
uniform/b4/distinct/hybrid/path_00014	selected-uniform-five	hybrid	distinct	4	-	FSS	0
uniform/b4/distinct/hybrid/path_00015	selected-uniform-five	hybrid	distinct	4	-	FSFSS	0
uniform/b4/distinct/hybrid/path_00016	selected-uniform-five	hybrid	distinct	4	-	FSFSFSS	0
uniform/b4/distinct/hybrid/path_00017	selected-uniform-five	hybrid	distinct	4	-	FSFSFSFS	0
uniform/b4/distinct/hybrid/path_00018	selected-uniform-five	hybrid	distinct	4	-	FSFSFFSS	0
uniform/b4/distinct/hybrid/path_00019	selected-uniform-five	hybrid	distinct	4	-	FSFFSSSS	0
uniform/b4/distinct/hybrid/path_00020	selected-uniform-five	hybrid	distinct	4	-	FSFFSSSFS	0
uniform/b4/distinct/hybrid/path_00021	selected-uniform-five	hybrid	distinct	4	-	FSFFSSFSS	0
uniform/b4/distinct/hybrid/path_00022	selected-uniform-five	hybrid	distinct	4	-	FSFFSFSSS	0
uniform/b4/distinct/hybrid/path_00023	selected-uniform-five	hybrid	distinct	4	-	FSFFFSSSS	0
uniform/b4/distinct/hybrid/path_00024	selected-uniform-five	hybrid	distinct	4	-	FFSSS	0
uniform/b4/distinct/hybrid/path_00025	selected-uniform-five	hybrid	distinct	4	-	FFSSFSS	0
uniform/b4/distinct/hybrid/path_00026	selected-uniform-five	hybrid	distinct	4	-	FFSSFSFS	0
uniform/b4/distinct/hybrid/path_00027	selected-uniform-five	hybrid	distinct	4	-	FFSSFFSS	0
uniform/b4/distinct/hybrid/path_00028	selected-uniform-five	hybrid	distinct	4	-	FFSFSSSS	0
uniform/b4/distinct/hybrid/path_00029	selected-uniform-five	hybrid	distinct	4	-	FFSFSSSFS	0
uniform/b4/distinct/hybrid/path_00030	selected-uniform-five	hybrid	distinct	4	-	FFSFSSFSS	0
uniform/b4/distinct/hybrid/path_00031	selected-uniform-five	hybrid	distinct	4	-	FFSFSFSSS	0
uniform/b4/distinct/hybrid/path_00032	selected-uniform-five	hybrid	distinct	4	-	FFSFFSSSS	0
uniform/b4/distinct/hybrid/path_00033	selected-uniform-five	hybrid	distinct	4	-	FFFSSSSS	0
uniform/b4/distinct/hybrid/path_00034	selected-uniform-five	hybrid	distinct	4	-	FFFSSSSFS	0
uniform/b4/distinct/hybrid/path_00035	selected-uniform-five	hybrid	distinct	4	-	FFFSSSFSS	0
uniform/b4/distinct/hybrid/path_00036	selected-uniform-five	hybrid	distinct	4	-	FFFSSFSSS	0
uniform/b4/distinct/hybrid/path_00037	selected-uniform-five	hybrid	distinct	4	-	FFFSFSSSS	0
uniform/b4/distinct/hybrid/path_00038	selected-uniform-five	hybrid	distinct	4	-	FFFFSSSSS	0
uniform/b4/distinct/fixed/path_00000	selected-uniform-five	fixed	distinct	4	2,0,1,3,4	SS	0
uniform/b4/distinct/fixed/path_00001	selected-uniform-five	fixed	distinct	4	2,0,1,3,4	SFSS	0
uniform/b4/distinct/fixed/path_00002	selected-uniform-five	fixed	distinct	4	2,0,1,3,4	SFSFS	0
uniform/b4/distinct/fixed/path_00003	selected-uniform-five	fixed	distinct	4	2,0,1,3,4	SFSFFSS	0
uniform/b4/distinct/fixed/path_00004	selected-uniform-five	fixed	distinct	4	2,0,1,3,4	SFSFFSFS	0
uniform/b4/distinct/fixed/path_00005	selected-uniform-five	fixed	distinct	4	2,0,1,3,4	SFSFFFSS	0
uniform/b4/distinct/fixed/path_00006	selected-uniform-five	fixed	distinct	4	2,0,1,3,4	SFFSS	0
uniform/b4/distinct/fixed/path_00007	selected-uniform-five	fixed	distinct	4	2,0,1,3,4	SFFSFSS	0
uniform/b4/distinct/fixed/path_00008	selected-uniform-five	fixed	distinct	4	2,0,1,3,4	SFFSFSFS	0
uniform/b4/distinct/fixed/path_00009	selected-uniform-five	fixed	distinct	4	2,0,1,3,4	SFFSFFSS	0
uniform/b4/distinct/fixed/path_00010	selected-uniform-five	fixed	distinct	4	2,0,1,3,4	SFFFSSS	0
uniform/b4/distinct/fixed/path_00011	selected-uniform-five	fixed	distinct	4	2,0,1,3,4	SFFFSSFS	0
uniform/b4/distinct/fixed/path_00012	selected-uniform-five	fixed	distinct	4	2,0,1,3,4	SFFFSFSS	0
uniform/b4/distinct/fixed/path_00013	selected-uniform-five	fixed	distinct	4	2,0,1,3,4	SFFFFSSS	0
uniform/b4/distinct/fixed/path_00014	selected-uniform-five	fixed	distinct	4	2,0,1,3,4	FSSS	0
uniform/b4/distinct/fixed/path_00015	selected-uniform-five	fixed	distinct	4	2,0,1,3,4	FSSFS	0
uniform/b4/distinct/fixed/path_00016	selected-uniform-five	fixed	distinct	4	2,0,1,3,4	FSSFFSS	0
uniform/b4/distinct/fixed/path_00017	selected-uniform-five	fixed	distinct	4	2,0,1,3,4	FSSFFSFS	0
uniform/b4/distinct/fixed/path_00018	selected-uniform-five	fixed	distinct	4	2,0,1,3,4	FSSFFFSS	0
uniform/b4/distinct/fixed/path_00019	selected-uniform-five	fixed	distinct	4	2,0,1,3,4	FSFSS	0
uniform/b4/distinct/fixed/path_00020	selected-uniform-five	fixed	distinct	4	2,0,1,3,4	FSFSFSS	0
uniform/b4/distinct/fixed/path_00021	selected-uniform-five	fixed	distinct	4	2,0,1,3,4	FSFSFSFS	0
uniform/b4/distinct/fixed/path_00022	selected-uniform-five	fixed	distinct	4	2,0,1,3,4	FSFSFFSS	0
uniform/b4/distinct/fixed/path_00023	selected-uniform-five	fixed	distinct	4	2,0,1,3,4	FSFFSSS	0
uniform/b4/distinct/fixed/path_00024	selected-uniform-five	fixed	distinct	4	2,0,1,3,4	FSFFSSFS	0
uniform/b4/distinct/fixed/path_00025	selected-uniform-five	fixed	distinct	4	2,0,1,3,4	FSFFSFSS	0
uniform/b4/distinct/fixed/path_00026	selected-uniform-five	fixed	distinct	4	2,0,1,3,4	FSFFFSSS	0
uniform/b4/distinct/fixed/path_00027	selected-uniform-five	fixed	distinct	4	2,0,1,3,4	FFSSSS	0
uniform/b4/distinct/fixed/path_00028	selected-uniform-five	fixed	distinct	4	2,0,1,3,4	FFSSSFSS	0
uniform/b4/distinct/fixed/path_00029	selected-uniform-five	fixed	distinct	4	2,0,1,3,4	FFSSSFSFS	0
uniform/b4/distinct/fixed/path_00030	selected-uniform-five	fixed	distinct	4	2,0,1,3,4	FFSSSFFSS	0
uniform/b4/distinct/fixed/path_00031	selected-uniform-five	fixed	distinct	4	2,0,1,3,4	FFSSFSSS	0
uniform/b4/distinct/fixed/path_00032	selected-uniform-five	fixed	distinct	4	2,0,1,3,4	FFSSFSSFS	0
uniform/b4/distinct/fixed/path_00033	selected-uniform-five	fixed	distinct	4	2,0,1,3,4	FFSSFSFSS	0
uniform/b4/distinct/fixed/path_00034	selected-uniform-five	fixed	distinct	4	2,0,1,3,4	FFSSFFSSS	0
uniform/b4/distinct/fixed/path_00035	selected-uniform-five	fixed	distinct	4	2,0,1,3,4	FFSFSSSS	0
uniform/b4/distinct/fixed/path_00036	selected-uniform-five	fixed	distinct	4	2,0,1,3,4	FFSFSSSFS	0
uniform/b4/distinct/fixed/path_00037	selected-uniform-five	fixed	distinct	4	2,0,1,3,4	FFSFSSFSS	0
uniform/b4/distinct/fixed/path_00038	selected-uniform-five	fixed	distinct	4	2,0,1,3,4	FFSFSFSSS	0
uniform/b4/distinct/fixed/path_00039	selected-uniform-five	fixed	distinct	4	2,0,1,3,4	FFSFFSSSS	0
uniform/b4/distinct/fixed/path_00040	selected-uniform-five	fixed	distinct	4	2,0,1,3,4	FFFSSSSS	0
uniform/b4/distinct/fixed/path_00041	selected-uniform-five	fixed	distinct	4	2,0,1,3,4	FFFSSSSFS	0
uniform/b4/distinct/fixed/path_00042	selected-uniform-five	fixed	distinct	4	2,0,1,3,4	FFFSSSFSS	0
uniform/b4/distinct/fixed/path_00043	selected-uniform-five	fixed	distinct	4	2,0,1,3,4	FFFSSFSSS	0
uniform/b4/distinct/fixed/path_00044	selected-uniform-five	fixed	distinct	4	2,0,1,3,4	FFFSFSSSS	0
uniform/b4/distinct/fixed/path_00045	selected-uniform-five	fixed	distinct	4	2,0,1,3,4	FFFFSSSSS	0
uniform/b4/distinct/look_fast/path_00000	selected-uniform-five	look_fast	distinct	4	-	S	0
uniform/b4/distinct/look_fast/path_00001	selected-uniform-five	look_fast	distinct	4	-	FSSS	0
uniform/b4/distinct/look_fast/path_00002	selected-uniform-five	look_fast	distinct	4	-	FSSFS	0
uniform/b4/distinct/look_fast/path_00003	selected-uniform-five	look_fast	distinct	4	-	FSSFFSS	0
uniform/b4/distinct/look_fast/path_00004	selected-uniform-five	look_fast	distinct	4	-	FSSFFSFS	0
uniform/b4/distinct/look_fast/path_00005	selected-uniform-five	look_fast	distinct	4	-	FSSFFFSS	0
uniform/b4/distinct/look_fast/path_00006	selected-uniform-five	look_fast	distinct	4	-	FSFSSS	0
uniform/b4/distinct/look_fast/path_00007	selected-uniform-five	look_fast	distinct	4	-	FSFSSFSS	0
uniform/b4/distinct/look_fast/path_00008	selected-uniform-five	look_fast	distinct	4	-	FSFSSFSFS	0
uniform/b4/distinct/look_fast/path_00009	selected-uniform-five	look_fast	distinct	4	-	FSFSSFFSS	0
uniform/b4/distinct/look_fast/path_00010	selected-uniform-five	look_fast	distinct	4	-	FSFSFSSS	0
uniform/b4/distinct/look_fast/path_00011	selected-uniform-five	look_fast	distinct	4	-	FSFSFSSFS	0
uniform/b4/distinct/look_fast/path_00012	selected-uniform-five	look_fast	distinct	4	-	FSFSFSFSS	0
uniform/b4/distinct/look_fast/path_00013	selected-uniform-five	look_fast	distinct	4	-	FSFSFFSSS	0
uniform/b4/distinct/look_fast/path_00014	selected-uniform-five	look_fast	distinct	4	-	FSFFSSSS	0
uniform/b4/distinct/look_fast/path_00015	selected-uniform-five	look_fast	distinct	4	-	FSFFSSSFS	0
uniform/b4/distinct/look_fast/path_00016	selected-uniform-five	look_fast	distinct	4	-	FSFFSSFSS	0
uniform/b4/distinct/look_fast/path_00017	selected-uniform-five	look_fast	distinct	4	-	FSFFSFSSS	0
uniform/b4/distinct/look_fast/path_00018	selected-uniform-five	look_fast	distinct	4	-	FSFFFSSSS	0
uniform/b4/distinct/look_fast/path_00019	selected-uniform-five	look_fast	distinct	4	-	FFSSSS	0
uniform/b4/distinct/look_fast/path_00020	selected-uniform-five	look_fast	distinct	4	-	FFSSSFSS	0
uniform/b4/distinct/look_fast/path_00021	selected-uniform-five	look_fast	distinct	4	-	FFSSSFSFS	0
uniform/b4/distinct/look_fast/path_00022	selected-uniform-five	look_fast	distinct	4	-	FFSSSFFSS	0
uniform/b4/distinct/look_fast/path_00023	selected-uniform-five	look_fast	distinct	4	-	FFSSFSSS	0
uniform/b4/distinct/look_fast/path_00024	selected-uniform-five	look_fast	distinct	4	-	FFSSFSSFS	0
uniform/b4/distinct/look_fast/path_00025	selected-uniform-five	look_fast	distinct	4	-	FFSSFSFSS	0
uniform/b4/distinct/look_fast/path_00026	selected-uniform-five	look_fast	distinct	4	-	FFSSFFSSS	0
uniform/b4/distinct/look_fast/path_00027	selected-uniform-five	look_fast	distinct	4	-	FFSFSSSS	0
uniform/b4/distinct/look_fast/path_00028	selected-uniform-five	look_fast	distinct	4	-	FFSFSSSFS	0
uniform/b4/distinct/look_fast/path_00029	selected-uniform-five	look_fast	distinct	4	-	FFSFSSFSS	0
uniform/b4/distinct/look_fast/path_00030	selected-uniform-five	look_fast	distinct	4	-	FFSFSFSSS	0
uniform/b4/distinct/look_fast/path_00031	selected-uniform-five	look_fast	distinct	4	-	FFSFFSSSS	0
uniform/b4/distinct/look_fast/path_00032	selected-uniform-five	look_fast	distinct	4	-	FFFSSSSS	0
uniform/b4/distinct/look_fast/path_00033	selected-uniform-five	look_fast	distinct	4	-	FFFSSSSFS	0
uniform/b4/distinct/look_fast/path_00034	selected-uniform-five	look_fast	distinct	4	-	FFFSSSFSS	0
uniform/b4/distinct/look_fast/path_00035	selected-uniform-five	look_fast	distinct	4	-	FFFSSFSSS	0
uniform/b4/distinct/look_fast/path_00036	selected-uniform-five	look_fast	distinct	4	-	FFFSFSSSS	0
uniform/b4/distinct/look_fast/path_00037	selected-uniform-five	look_fast	distinct	4	-	FFFFSSSSS	0
uniform/b4/distinct/look_protected/path_00000	selected-uniform-five	look_protected	distinct	4	-	S	0
uniform/b4/distinct/look_protected/path_00001	selected-uniform-five	look_protected	distinct	4	-	FSS	0
uniform/b4/distinct/look_protected/path_00002	selected-uniform-five	look_protected	distinct	4	-	FSFSS	0
uniform/b4/distinct/look_protected/path_00003	selected-uniform-five	look_protected	distinct	4	-	FSFSFSS	0
uniform/b4/distinct/look_protected/path_00004	selected-uniform-five	look_protected	distinct	4	-	FSFSFSFS	0
uniform/b4/distinct/look_protected/path_00005	selected-uniform-five	look_protected	distinct	4	-	FSFSFFSS	0
uniform/b4/distinct/look_protected/path_00006	selected-uniform-five	look_protected	distinct	4	-	FSFFSSSS	0
uniform/b4/distinct/look_protected/path_00007	selected-uniform-five	look_protected	distinct	4	-	FSFFSSSFS	0
uniform/b4/distinct/look_protected/path_00008	selected-uniform-five	look_protected	distinct	4	-	FSFFSSFSS	0
uniform/b4/distinct/look_protected/path_00009	selected-uniform-five	look_protected	distinct	4	-	FSFFSFSSS	0
uniform/b4/distinct/look_protected/path_00010	selected-uniform-five	look_protected	distinct	4	-	FSFFFSSSS	0
uniform/b4/distinct/look_protected/path_00011	selected-uniform-five	look_protected	distinct	4	-	FFSSS	0
uniform/b4/distinct/look_protected/path_00012	selected-uniform-five	look_protected	distinct	4	-	FFSSFSS	0
uniform/b4/distinct/look_protected/path_00013	selected-uniform-five	look_protected	distinct	4	-	FFSSFSFS	0
uniform/b4/distinct/look_protected/path_00014	selected-uniform-five	look_protected	distinct	4	-	FFSSFFSS	0
uniform/b4/distinct/look_protected/path_00015	selected-uniform-five	look_protected	distinct	4	-	FFSFSSSS	0
uniform/b4/distinct/look_protected/path_00016	selected-uniform-five	look_protected	distinct	4	-	FFSFSSSFS	0
uniform/b4/distinct/look_protected/path_00017	selected-uniform-five	look_protected	distinct	4	-	FFSFSSFSS	0
uniform/b4/distinct/look_protected/path_00018	selected-uniform-five	look_protected	distinct	4	-	FFSFSFSSS	0
uniform/b4/distinct/look_protected/path_00019	selected-uniform-five	look_protected	distinct	4	-	FFSFFSSSS	0
uniform/b4/distinct/look_protected/path_00020	selected-uniform-five	look_protected	distinct	4	-	FFFSSSSS	0
uniform/b4/distinct/look_protected/path_00021	selected-uniform-five	look_protected	distinct	4	-	FFFSSSSFS	0
uniform/b4/distinct/look_protected/path_00022	selected-uniform-five	look_protected	distinct	4	-	FFFSSSFSS	0
uniform/b4/distinct/look_protected/path_00023	selected-uniform-five	look_protected	distinct	4	-	FFFSSFSSS	0
uniform/b4/distinct/look_protected/path_00024	selected-uniform-five	look_protected	distinct	4	-	FFFSFSSSS	0
uniform/b4/distinct/look_protected/path_00025	selected-uniform-five	look_protected	distinct	4	-	FFFFSSSSS	0
uniform/b4/distinct/cached/path_00000	selected-uniform-five	cached	distinct	4	-	-	0
uniform/b4/colliding/hybrid/path_00000	selected-uniform-five	hybrid	colliding	4	-	SS	0
uniform/b4/colliding/hybrid/path_00001	selected-uniform-five	hybrid	colliding	4	-	SFSS	0
uniform/b4/colliding/hybrid/path_00002	selected-uniform-five	hybrid	colliding	4	-	SFSFS	0
uniform/b4/colliding/hybrid/path_00003	selected-uniform-five	hybrid	colliding	4	-	SFSFFSS	0
uniform/b4/colliding/hybrid/path_00004	selected-uniform-five	hybrid	colliding	4	-	SFSFFSFS	0
uniform/b4/colliding/hybrid/path_00005	selected-uniform-five	hybrid	colliding	4	-	SFSFFFSS	0
uniform/b4/colliding/hybrid/path_00006	selected-uniform-five	hybrid	colliding	4	-	SFFSS	0
uniform/b4/colliding/hybrid/path_00007	selected-uniform-five	hybrid	colliding	4	-	SFFSFSS	0
uniform/b4/colliding/hybrid/path_00008	selected-uniform-five	hybrid	colliding	4	-	SFFSFSFS	0
uniform/b4/colliding/hybrid/path_00009	selected-uniform-five	hybrid	colliding	4	-	SFFSFFSS	0
uniform/b4/colliding/hybrid/path_00010	selected-uniform-five	hybrid	colliding	4	-	SFFFSSS	0
uniform/b4/colliding/hybrid/path_00011	selected-uniform-five	hybrid	colliding	4	-	SFFFSSFS	0
uniform/b4/colliding/hybrid/path_00012	selected-uniform-five	hybrid	colliding	4	-	SFFFSFSS	0
uniform/b4/colliding/hybrid/path_00013	selected-uniform-five	hybrid	colliding	4	-	SFFFFSSS	0
uniform/b4/colliding/hybrid/path_00014	selected-uniform-five	hybrid	colliding	4	-	FSS	0
uniform/b4/colliding/hybrid/path_00015	selected-uniform-five	hybrid	colliding	4	-	FSFSS	0
uniform/b4/colliding/hybrid/path_00016	selected-uniform-five	hybrid	colliding	4	-	FSFSFSS	0
uniform/b4/colliding/hybrid/path_00017	selected-uniform-five	hybrid	colliding	4	-	FSFSFSFS	0
uniform/b4/colliding/hybrid/path_00018	selected-uniform-five	hybrid	colliding	4	-	FSFSFFSS	0
uniform/b4/colliding/hybrid/path_00019	selected-uniform-five	hybrid	colliding	4	-	FSFFSSSS	0
uniform/b4/colliding/hybrid/path_00020	selected-uniform-five	hybrid	colliding	4	-	FSFFSSSFS	0
uniform/b4/colliding/hybrid/path_00021	selected-uniform-five	hybrid	colliding	4	-	FSFFSSFSS	0
uniform/b4/colliding/hybrid/path_00022	selected-uniform-five	hybrid	colliding	4	-	FSFFSFSSS	0
uniform/b4/colliding/hybrid/path_00023	selected-uniform-five	hybrid	colliding	4	-	FSFFFSSSS	0
uniform/b4/colliding/hybrid/path_00024	selected-uniform-five	hybrid	colliding	4	-	FFSSS	0
uniform/b4/colliding/hybrid/path_00025	selected-uniform-five	hybrid	colliding	4	-	FFSSFSS	0
uniform/b4/colliding/hybrid/path_00026	selected-uniform-five	hybrid	colliding	4	-	FFSSFSFS	0
uniform/b4/colliding/hybrid/path_00027	selected-uniform-five	hybrid	colliding	4	-	FFSSFFSS	0
uniform/b4/colliding/hybrid/path_00028	selected-uniform-five	hybrid	colliding	4	-	FFSFSSSS	0
uniform/b4/colliding/hybrid/path_00029	selected-uniform-five	hybrid	colliding	4	-	FFSFSSSFS	0
uniform/b4/colliding/hybrid/path_00030	selected-uniform-five	hybrid	colliding	4	-	FFSFSSFSS	0
uniform/b4/colliding/hybrid/path_00031	selected-uniform-five	hybrid	colliding	4	-	FFSFSFSSS	0
uniform/b4/colliding/hybrid/path_00032	selected-uniform-five	hybrid	colliding	4	-	FFSFFSSSS	0
uniform/b4/colliding/hybrid/path_00033	selected-uniform-five	hybrid	colliding	4	-	FFFSSSSS	0
uniform/b4/colliding/hybrid/path_00034	selected-uniform-five	hybrid	colliding	4	-	FFFSSSSFS	0
uniform/b4/colliding/hybrid/path_00035	selected-uniform-five	hybrid	colliding	4	-	FFFSSSFSS	0
uniform/b4/colliding/hybrid/path_00036	selected-uniform-five	hybrid	colliding	4	-	FFFSSFSSS	0
uniform/b4/colliding/hybrid/path_00037	selected-uniform-five	hybrid	colliding	4	-	FFFSFSSSS	0
uniform/b4/colliding/hybrid/path_00038	selected-uniform-five	hybrid	colliding	4	-	FFFFSSSSS	0
uniform/b4/colliding/fixed/path_00000	selected-uniform-five	fixed	colliding	4	2,0,1,3,4	SS	0
uniform/b4/colliding/fixed/path_00001	selected-uniform-five	fixed	colliding	4	2,0,1,3,4	SFSS	0
uniform/b4/colliding/fixed/path_00002	selected-uniform-five	fixed	colliding	4	2,0,1,3,4	SFSFS	0
uniform/b4/colliding/fixed/path_00003	selected-uniform-five	fixed	colliding	4	2,0,1,3,4	SFSFFSS	0
uniform/b4/colliding/fixed/path_00004	selected-uniform-five	fixed	colliding	4	2,0,1,3,4	SFSFFSFS	0
uniform/b4/colliding/fixed/path_00005	selected-uniform-five	fixed	colliding	4	2,0,1,3,4	SFSFFFSS	0
uniform/b4/colliding/fixed/path_00006	selected-uniform-five	fixed	colliding	4	2,0,1,3,4	SFFSS	0
uniform/b4/colliding/fixed/path_00007	selected-uniform-five	fixed	colliding	4	2,0,1,3,4	SFFSFSS	0
uniform/b4/colliding/fixed/path_00008	selected-uniform-five	fixed	colliding	4	2,0,1,3,4	SFFSFSFS	0
uniform/b4/colliding/fixed/path_00009	selected-uniform-five	fixed	colliding	4	2,0,1,3,4	SFFSFFSS	0
uniform/b4/colliding/fixed/path_00010	selected-uniform-five	fixed	colliding	4	2,0,1,3,4	SFFFSSS	0
uniform/b4/colliding/fixed/path_00011	selected-uniform-five	fixed	colliding	4	2,0,1,3,4	SFFFSSFS	0
uniform/b4/colliding/fixed/path_00012	selected-uniform-five	fixed	colliding	4	2,0,1,3,4	SFFFSFSS	0
uniform/b4/colliding/fixed/path_00013	selected-uniform-five	fixed	colliding	4	2,0,1,3,4	SFFFFSSS	0
uniform/b4/colliding/fixed/path_00014	selected-uniform-five	fixed	colliding	4	2,0,1,3,4	FSSS	0
uniform/b4/colliding/fixed/path_00015	selected-uniform-five	fixed	colliding	4	2,0,1,3,4	FSSFS	0
uniform/b4/colliding/fixed/path_00016	selected-uniform-five	fixed	colliding	4	2,0,1,3,4	FSSFFSS	0
uniform/b4/colliding/fixed/path_00017	selected-uniform-five	fixed	colliding	4	2,0,1,3,4	FSSFFSFS	0
uniform/b4/colliding/fixed/path_00018	selected-uniform-five	fixed	colliding	4	2,0,1,3,4	FSSFFFSS	0
uniform/b4/colliding/fixed/path_00019	selected-uniform-five	fixed	colliding	4	2,0,1,3,4	FSFSS	0
uniform/b4/colliding/fixed/path_00020	selected-uniform-five	fixed	colliding	4	2,0,1,3,4	FSFSFSS	0
uniform/b4/colliding/fixed/path_00021	selected-uniform-five	fixed	colliding	4	2,0,1,3,4	FSFSFSFS	0
uniform/b4/colliding/fixed/path_00022	selected-uniform-five	fixed	colliding	4	2,0,1,3,4	FSFSFFSS	0
uniform/b4/colliding/fixed/path_00023	selected-uniform-five	fixed	colliding	4	2,0,1,3,4	FSFFSSS	0
uniform/b4/colliding/fixed/path_00024	selected-uniform-five	fixed	colliding	4	2,0,1,3,4	FSFFSSFS	0
uniform/b4/colliding/fixed/path_00025	selected-uniform-five	fixed	colliding	4	2,0,1,3,4	FSFFSFSS	0
uniform/b4/colliding/fixed/path_00026	selected-uniform-five	fixed	colliding	4	2,0,1,3,4	FSFFFSSS	0
uniform/b4/colliding/fixed/path_00027	selected-uniform-five	fixed	colliding	4	2,0,1,3,4	FFSSSS	0
uniform/b4/colliding/fixed/path_00028	selected-uniform-five	fixed	colliding	4	2,0,1,3,4	FFSSSFSS	0
uniform/b4/colliding/fixed/path_00029	selected-uniform-five	fixed	colliding	4	2,0,1,3,4	FFSSSFSFS	0
uniform/b4/colliding/fixed/path_00030	selected-uniform-five	fixed	colliding	4	2,0,1,3,4	FFSSSFFSS	0
uniform/b4/colliding/fixed/path_00031	selected-uniform-five	fixed	colliding	4	2,0,1,3,4	FFSSFSSS	0
uniform/b4/colliding/fixed/path_00032	selected-uniform-five	fixed	colliding	4	2,0,1,3,4	FFSSFSSFS	0
uniform/b4/colliding/fixed/path_00033	selected-uniform-five	fixed	colliding	4	2,0,1,3,4	FFSSFSFSS	0
uniform/b4/colliding/fixed/path_00034	selected-uniform-five	fixed	colliding	4	2,0,1,3,4	FFSSFFSSS	0
uniform/b4/colliding/fixed/path_00035	selected-uniform-five	fixed	colliding	4	2,0,1,3,4	FFSFSSSS	0
uniform/b4/colliding/fixed/path_00036	selected-uniform-five	fixed	colliding	4	2,0,1,3,4	FFSFSSSFS	0
uniform/b4/colliding/fixed/path_00037	selected-uniform-five	fixed	colliding	4	2,0,1,3,4	FFSFSSFSS	0
uniform/b4/colliding/fixed/path_00038	selected-uniform-five	fixed	colliding	4	2,0,1,3,4	FFSFSFSSS	0
uniform/b4/colliding/fixed/path_00039	selected-uniform-five	fixed	colliding	4	2,0,1,3,4	FFSFFSSSS	0
uniform/b4/colliding/fixed/path_00040	selected-uniform-five	fixed	colliding	4	2,0,1,3,4	FFFSSSSS	0
uniform/b4/colliding/fixed/path_00041	selected-uniform-five	fixed	colliding	4	2,0,1,3,4	FFFSSSSFS	0
uniform/b4/colliding/fixed/path_00042	selected-uniform-five	fixed	colliding	4	2,0,1,3,4	FFFSSSFSS	0
uniform/b4/colliding/fixed/path_00043	selected-uniform-five	fixed	colliding	4	2,0,1,3,4	FFFSSFSSS	0
uniform/b4/colliding/fixed/path_00044	selected-uniform-five	fixed	colliding	4	2,0,1,3,4	FFFSFSSSS	0
uniform/b4/colliding/fixed/path_00045	selected-uniform-five	fixed	colliding	4	2,0,1,3,4	FFFFSSSSS	0
uniform/b4/colliding/look_fast/path_00000	selected-uniform-five	look_fast	colliding	4	-	S	0
uniform/b4/colliding/look_fast/path_00001	selected-uniform-five	look_fast	colliding	4	-	FSSS	0
uniform/b4/colliding/look_fast/path_00002	selected-uniform-five	look_fast	colliding	4	-	FSSFS	0
uniform/b4/colliding/look_fast/path_00003	selected-uniform-five	look_fast	colliding	4	-	FSSFFSS	0
uniform/b4/colliding/look_fast/path_00004	selected-uniform-five	look_fast	colliding	4	-	FSSFFSFS	0
uniform/b4/colliding/look_fast/path_00005	selected-uniform-five	look_fast	colliding	4	-	FSSFFFSS	0
uniform/b4/colliding/look_fast/path_00006	selected-uniform-five	look_fast	colliding	4	-	FSFSSS	0
uniform/b4/colliding/look_fast/path_00007	selected-uniform-five	look_fast	colliding	4	-	FSFSSFSS	0
uniform/b4/colliding/look_fast/path_00008	selected-uniform-five	look_fast	colliding	4	-	FSFSSFSFS	0
uniform/b4/colliding/look_fast/path_00009	selected-uniform-five	look_fast	colliding	4	-	FSFSSFFSS	0
uniform/b4/colliding/look_fast/path_00010	selected-uniform-five	look_fast	colliding	4	-	FSFSFSSS	0
uniform/b4/colliding/look_fast/path_00011	selected-uniform-five	look_fast	colliding	4	-	FSFSFSSFS	0
uniform/b4/colliding/look_fast/path_00012	selected-uniform-five	look_fast	colliding	4	-	FSFSFSFSS	0
uniform/b4/colliding/look_fast/path_00013	selected-uniform-five	look_fast	colliding	4	-	FSFSFFSSS	0
uniform/b4/colliding/look_fast/path_00014	selected-uniform-five	look_fast	colliding	4	-	FSFFSSSS	0
uniform/b4/colliding/look_fast/path_00015	selected-uniform-five	look_fast	colliding	4	-	FSFFSSSFS	0
uniform/b4/colliding/look_fast/path_00016	selected-uniform-five	look_fast	colliding	4	-	FSFFSSFSS	0
uniform/b4/colliding/look_fast/path_00017	selected-uniform-five	look_fast	colliding	4	-	FSFFSFSSS	0
uniform/b4/colliding/look_fast/path_00018	selected-uniform-five	look_fast	colliding	4	-	FSFFFSSSS	0
uniform/b4/colliding/look_fast/path_00019	selected-uniform-five	look_fast	colliding	4	-	FFSSSS	0
uniform/b4/colliding/look_fast/path_00020	selected-uniform-five	look_fast	colliding	4	-	FFSSSFSS	0
uniform/b4/colliding/look_fast/path_00021	selected-uniform-five	look_fast	colliding	4	-	FFSSSFSFS	0
uniform/b4/colliding/look_fast/path_00022	selected-uniform-five	look_fast	colliding	4	-	FFSSSFFSS	0
uniform/b4/colliding/look_fast/path_00023	selected-uniform-five	look_fast	colliding	4	-	FFSSFSSS	0
uniform/b4/colliding/look_fast/path_00024	selected-uniform-five	look_fast	colliding	4	-	FFSSFSSFS	0
uniform/b4/colliding/look_fast/path_00025	selected-uniform-five	look_fast	colliding	4	-	FFSSFSFSS	0
uniform/b4/colliding/look_fast/path_00026	selected-uniform-five	look_fast	colliding	4	-	FFSSFFSSS	0
uniform/b4/colliding/look_fast/path_00027	selected-uniform-five	look_fast	colliding	4	-	FFSFSSSS	0
uniform/b4/colliding/look_fast/path_00028	selected-uniform-five	look_fast	colliding	4	-	FFSFSSSFS	0
uniform/b4/colliding/look_fast/path_00029	selected-uniform-five	look_fast	colliding	4	-	FFSFSSFSS	0
uniform/b4/colliding/look_fast/path_00030	selected-uniform-five	look_fast	colliding	4	-	FFSFSFSSS	0
uniform/b4/colliding/look_fast/path_00031	selected-uniform-five	look_fast	colliding	4	-	FFSFFSSSS	0
uniform/b4/colliding/look_fast/path_00032	selected-uniform-five	look_fast	colliding	4	-	FFFSSSSS	0
uniform/b4/colliding/look_fast/path_00033	selected-uniform-five	look_fast	colliding	4	-	FFFSSSSFS	0
uniform/b4/colliding/look_fast/path_00034	selected-uniform-five	look_fast	colliding	4	-	FFFSSSFSS	0
uniform/b4/colliding/look_fast/path_00035	selected-uniform-five	look_fast	colliding	4	-	FFFSSFSSS	0
uniform/b4/colliding/look_fast/path_00036	selected-uniform-five	look_fast	colliding	4	-	FFFSFSSSS	0
uniform/b4/colliding/look_fast/path_00037	selected-uniform-five	look_fast	colliding	4	-	FFFFSSSSS	0
uniform/b4/colliding/look_protected/path_00000	selected-uniform-five	look_protected	colliding	4	-	S	0
uniform/b4/colliding/look_protected/path_00001	selected-uniform-five	look_protected	colliding	4	-	FSS	0
uniform/b4/colliding/look_protected/path_00002	selected-uniform-five	look_protected	colliding	4	-	FSFSS	0
uniform/b4/colliding/look_protected/path_00003	selected-uniform-five	look_protected	colliding	4	-	FSFSFSS	0
uniform/b4/colliding/look_protected/path_00004	selected-uniform-five	look_protected	colliding	4	-	FSFSFSFS	0
uniform/b4/colliding/look_protected/path_00005	selected-uniform-five	look_protected	colliding	4	-	FSFSFFSS	0
uniform/b4/colliding/look_protected/path_00006	selected-uniform-five	look_protected	colliding	4	-	FSFFSSSS	0
uniform/b4/colliding/look_protected/path_00007	selected-uniform-five	look_protected	colliding	4	-	FSFFSSSFS	0
uniform/b4/colliding/look_protected/path_00008	selected-uniform-five	look_protected	colliding	4	-	FSFFSSFSS	0
uniform/b4/colliding/look_protected/path_00009	selected-uniform-five	look_protected	colliding	4	-	FSFFSFSSS	0
uniform/b4/colliding/look_protected/path_00010	selected-uniform-five	look_protected	colliding	4	-	FSFFFSSSS	0
uniform/b4/colliding/look_protected/path_00011	selected-uniform-five	look_protected	colliding	4	-	FFSSS	0
uniform/b4/colliding/look_protected/path_00012	selected-uniform-five	look_protected	colliding	4	-	FFSSFSS	0
uniform/b4/colliding/look_protected/path_00013	selected-uniform-five	look_protected	colliding	4	-	FFSSFSFS	0
uniform/b4/colliding/look_protected/path_00014	selected-uniform-five	look_protected	colliding	4	-	FFSSFFSS	0
uniform/b4/colliding/look_protected/path_00015	selected-uniform-five	look_protected	colliding	4	-	FFSFSSSS	0
uniform/b4/colliding/look_protected/path_00016	selected-uniform-five	look_protected	colliding	4	-	FFSFSSSFS	0
uniform/b4/colliding/look_protected/path_00017	selected-uniform-five	look_protected	colliding	4	-	FFSFSSFSS	0
uniform/b4/colliding/look_protected/path_00018	selected-uniform-five	look_protected	colliding	4	-	FFSFSFSSS	0
uniform/b4/colliding/look_protected/path_00019	selected-uniform-five	look_protected	colliding	4	-	FFSFFSSSS	0
uniform/b4/colliding/look_protected/path_00020	selected-uniform-five	look_protected	colliding	4	-	FFFSSSSS	0
uniform/b4/colliding/look_protected/path_00021	selected-uniform-five	look_protected	colliding	4	-	FFFSSSSFS	0
uniform/b4/colliding/look_protected/path_00022	selected-uniform-five	look_protected	colliding	4	-	FFFSSSFSS	0
uniform/b4/colliding/look_protected/path_00023	selected-uniform-five	look_protected	colliding	4	-	FFFSSFSSS	0
uniform/b4/colliding/look_protected/path_00024	selected-uniform-five	look_protected	colliding	4	-	FFFSFSSSS	0
uniform/b4/colliding/look_protected/path_00025	selected-uniform-five	look_protected	colliding	4	-	FFFFSSSSS	0
uniform/b4/colliding/cached/path_00000	selected-uniform-five	cached	colliding	4	-	-	0
