f2-0000	warmup	2	-2	64	1	0	two	normal
f2-0001	warmup	2	-2	64	1	0	three	normal
f2-0002	warmup	2	-2	64	1	0	original	normal
f2-0003	warmup	2	-2	1	1	1	original	normal
f2-0004	warmup	2	-2	1	1	1	two	normal
f2-0005	warmup	2	-2	1	1	1	three	normal
f2-0006	warmup	2	-2	256	1	1	two	normal
f2-0007	warmup	2	-2	256	1	1	three	normal
f2-0008	warmup	2	-2	256	1	1	original	normal
f2-0009	warmup	2	-2	64	0	0	original	normal
f2-0010	warmup	2	-2	64	0	0	two	normal
f2-0011	warmup	2	-2	64	0	0	three	normal
f2-0012	warmup	2	-2	1	2	0	three	normal
f2-0013	warmup	2	-2	1	2	0	two	normal
f2-0014	warmup	2	-2	1	2	0	original	normal
f2-0015	warmup	2	-2	256	1	5	two	normal
f2-0016	warmup	2	-2	256	1	5	original	normal
f2-0017	warmup	2	-2	256	1	5	three	normal
f2-0018	warmup	2	-2	1	2	3	three	normal
f2-0019	warmup	2	-2	1	2	3	two	normal
f2-0020	warmup	2	-2	1	2	3	original	normal
f2-0021	warmup	2	-2	256	2	2	original	normal
f2-0022	warmup	2	-2	256	2	2	two	normal
f2-0023	warmup	2	-2	256	2	2	three	normal
f2-0024	warmup	2	-2	64	1	2	two	normal
f2-0025	warmup	2	-2	64	1	2	three	normal
f2-0026	warmup	2	-2	64	1	2	original	normal
f2-0027	warmup	2	-2	256	2	6	original	normal
f2-0028	warmup	2	-2	256	2	6	three	normal
f2-0029	warmup	2	-2	256	2	6	two	normal
f2-0030	warmup	2	-2	8	2	6	three	normal
f2-0031	warmup	2	-2	8	2	6	original	normal
f2-0032	warmup	2	-2	8	2	6	two	normal
f2-0033	warmup	2	-2	256	2	0	original	normal
f2-0034	warmup	2	-2	256	2	0	two	normal
f2-0035	warmup	2	-2	256	2	0	three	normal
f2-0036	warmup	2	-2	64	2	2	three	normal
f2-0037	warmup	2	-2	64	2	2	original	normal
f2-0038	warmup	2	-2	64	2	2	two	normal
f2-0039	warmup	2	-2	256	1	0	three	normal
f2-0040	warmup	2	-2	256	1	0	original	normal
f2-0041	warmup	2	-2	256	1	0	two	normal
f2-0042	warmup	2	-2	1	1	5	three	normal
f2-0043	warmup	2	-2	1	1	5	original	normal
f2-0044	warmup	2	-2	1	1	5	two	normal
f2-0045	warmup	2	-2	1	0	1	two	normal
f2-0046	warmup	2	-2	1	0	1	original	normal
f2-0047	warmup	2	-2	1	0	1	three	normal
f2-0048	warmup	2	-2	8	1	0	three	normal
f2-0049	warmup	2	-2	8	1	0	original	normal
f2-0050	warmup	2	-2	8	1	0	two	normal
f2-0051	warmup	2	-2	1	2	6	original	normal
f2-0052	warmup	2	-2	1	2	6	two	normal
f2-0053	warmup	2	-2	1	2	6	three	normal
f2-0054	warmup	2	-2	256	2	3	original	normal
f2-0055	warmup	2	-2	256	2	3	two	normal
f2-0056	warmup	2	-2	256	2	3	three	normal
f2-0057	warmup	2	-2	8	2	2	original	normal
f2-0058	warmup	2	-2	8	2	2	two	normal
f2-0059	warmup	2	-2	8	2	2	three	normal
f2-0060	warmup	2	-2	8	1	1	original	normal
f2-0061	warmup	2	-2	8	1	1	three	normal
f2-0062	warmup	2	-2	8	1	1	two	normal
f2-0063	warmup	2	-2	64	2	0	two	normal
f2-0064	warmup	2	-2	64	2	0	three	normal
f2-0065	warmup	2	-2	64	2	0	original	normal
f2-0066	warmup	2	-2	256	0	4	three	normal
f2-0067	warmup	2	-2	256	0	4	two	normal
f2-0068	warmup	2	-2	256	0	4	original	normal
f2-0069	warmup	2	-2	256	0	1	three	normal
f2-0070	warmup	2	-2	256	0	1	original	normal
f2-0071	warmup	2	-2	256	0	1	two	normal
f2-0072	warmup	2	-2	8	2	0	two	normal
f2-0073	warmup	2	-2	8	2	0	original	normal
f2-0074	warmup	2	-2	8	2	0	three	normal
f2-0075	warmup	2	-2	1	1	0	original	normal
f2-0076	warmup	2	-2	1	1	0	three	normal
f2-0077	warmup	2	-2	1	1	0	two	normal
f2-0078	warmup	2	-2	8	0	1	two	normal
f2-0079	warmup	2	-2	8	0	1	original	normal
f2-0080	warmup	2	-2	8	0	1	three	normal
f2-0081	warmup	2	-2	8	0	4	three	normal
f2-0082	warmup	2	-2	8	0	4	two	normal
f2-0083	warmup	2	-2	8	0	4	original	normal
f2-0084	warmup	2	-2	1	0	4	two	normal
f2-0085	warmup	2	-2	1	0	4	original	normal
f2-0086	warmup	2	-2	1	0	4	three	normal
f2-0087	warmup	2	-2	256	0	0	two	normal
f2-0088	warmup	2	-2	256	0	0	original	normal
f2-0089	warmup	2	-2	256	0	0	three	normal
f2-0090	warmup	2	-2	64	0	4	three	normal
f2-0091	warmup	2	-2	64	0	4	original	normal
f2-0092	warmup	2	-2	64	0	4	two	normal
f2-0093	warmup	2	-2	8	1	5	three	normal
f2-0094	warmup	2	-2	8	1	5	original	normal
f2-0095	warmup	2	-2	8	1	5	two	normal
f2-0096	warmup	2	-2	1	2	2	two	normal
f2-0097	warmup	2	-2	1	2	2	original	normal
f2-0098	warmup	2	-2	1	2	2	three	normal
f2-0099	warmup	2	-2	8	1	2	three	normal
f2-0100	warmup	2	-2	8	1	2	original	normal
f2-0101	warmup	2	-2	8	1	2	two	normal
f2-0102	warmup	2	-2	64	2	3	three	normal
f2-0103	warmup	2	-2	64	2	3	two	normal
f2-0104	warmup	2	-2	64	2	3	original	normal
f2-0105	warmup	2	-2	8	2	3	three	normal
f2-0106	warmup	2	-2	8	2	3	two	normal
f2-0107	warmup	2	-2	8	2	3	original	normal
f2-0108	warmup	2	-2	64	1	1	three	normal
f2-0109	warmup	2	-2	64	1	1	two	normal
f2-0110	warmup	2	-2	64	1	1	original	normal
f2-0111	warmup	2	-2	64	2	6	original	normal
f2-0112	warmup	2	-2	64	2	6	three	normal
f2-0113	warmup	2	-2	64	2	6	two	normal
f2-0114	warmup	2	-2	8	0	0	two	normal
f2-0115	warmup	2	-2	8	0	0	three	normal
f2-0116	warmup	2	-2	8	0	0	original	normal
f2-0117	warmup	2	-2	1	1	2	two	normal
f2-0118	warmup	2	-2	1	1	2	original	normal
f2-0119	warmup	2	-2	1	1	2	three	normal
f2-0120	warmup	2	-2	64	1	5	three	normal
f2-0121	warmup	2	-2	64	1	5	two	normal
f2-0122	warmup	2	-2	64	1	5	original	normal
f2-0123	warmup	2	-2	1	0	0	three	normal
f2-0124	warmup	2	-2	1	0	0	original	normal
f2-0125	warmup	2	-2	1	0	0	two	normal
f2-0126	warmup	2	-2	64	0	1	original	normal
f2-0127	warmup	2	-2	64	0	1	three	normal
f2-0128	warmup	2	-2	64	0	1	two	normal
f2-0129	warmup	2	-2	256	1	2	two	normal
f2-0130	warmup	2	-2	256	1	2	three	normal
f2-0131	warmup	2	-2	256	1	2	original	normal
f2-0132	warmup	2	-1	8	1	1	three	normal
f2-0133	warmup	2	-1	8	1	1	original	normal
f2-0134	warmup	2	-1	8	1	1	two	normal
f2-0135	warmup	2	-1	8	1	0	original	normal
f2-0136	warmup	2	-1	8	1	0	two	normal
f2-0137	warmup	2	-1	8	1	0	three	normal
f2-0138	warmup	2	-1	256	1	1	original	normal
f2-0139	warmup	2	-1	256	1	1	three	normal
f2-0140	warmup	2	-1	256	1	1	two	normal
f2-0141	warmup	2	-1	64	2	6	original	normal
f2-0142	warmup	2	-1	64	2	6	three	normal
f2-0143	warmup	2	-1	64	2	6	two	normal
f2-0144	warmup	2	-1	64	1	2	three	normal
f2-0145	warmup	2	-1	64	1	2	original	normal
f2-0146	warmup	2	-1	64	1	2	two	normal
f2-0147	warmup	2	-1	64	1	0	original	normal
f2-0148	warmup	2	-1	64	1	0	three	normal
f2-0149	warmup	2	-1	64	1	0	two	normal
f2-0150	warmup	2	-1	1	2	0	two	normal
f2-0151	warmup	2	-1	1	2	0	three	normal
f2-0152	warmup	2	-1	1	2	0	original	normal
f2-0153	warmup	2	-1	64	0	4	original	normal
f2-0154	warmup	2	-1	64	0	4	two	normal
f2-0155	warmup	2	-1	64	0	4	three	normal
f2-0156	warmup	2	-1	1	2	2	three	normal
f2-0157	warmup	2	-1	1	2	2	two	normal
f2-0158	warmup	2	-1	1	2	2	original	normal
f2-0159	warmup	2	-1	256	0	4	three	normal
f2-0160	warmup	2	-1	256	0	4	two	normal
f2-0161	warmup	2	-1	256	0	4	original	normal
f2-0162	warmup	2	-1	1	0	0	original	normal
f2-0163	warmup	2	-1	1	0	0	two	normal
f2-0164	warmup	2	-1	1	0	0	three	normal
f2-0165	warmup	2	-1	1	1	2	original	normal
f2-0166	warmup	2	-1	1	1	2	two	normal
f2-0167	warmup	2	-1	1	1	2	three	normal
f2-0168	warmup	2	-1	8	0	4	original	normal
f2-0169	warmup	2	-1	8	0	4	three	normal
f2-0170	warmup	2	-1	8	0	4	two	normal
f2-0171	warmup	2	-1	256	0	0	two	normal
f2-0172	warmup	2	-1	256	0	0	original	normal
f2-0173	warmup	2	-1	256	0	0	three	normal
f2-0174	warmup	2	-1	1	2	6	three	normal
f2-0175	warmup	2	-1	1	2	6	two	normal
f2-0176	warmup	2	-1	1	2	6	original	normal
f2-0177	warmup	2	-1	8	2	0	three	normal
f2-0178	warmup	2	-1	8	2	0	two	normal
f2-0179	warmup	2	-1	8	2	0	original	normal
f2-0180	warmup	2	-1	1	2	3	two	normal
f2-0181	warmup	2	-1	1	2	3	original	normal
f2-0182	warmup	2	-1	1	2	3	three	normal
f2-0183	warmup	2	-1	8	1	2	two	normal
f2-0184	warmup	2	-1	8	1	2	three	normal
f2-0185	warmup	2	-1	8	1	2	original	normal
f2-0186	warmup	2	-1	256	2	2	two	normal
f2-0187	warmup	2	-1	256	2	2	three	normal
f2-0188	warmup	2	-1	256	2	2	original	normal
f2-0189	warmup	2	-1	1	1	1	original	normal
f2-0190	warmup	2	-1	1	1	1	three	normal
f2-0191	warmup	2	-1	1	1	1	two	normal
f2-0192	warmup	2	-1	256	1	2	original	normal
f2-0193	warmup	2	-1	256	1	2	three	normal
f2-0194	warmup	2	-1	256	1	2	two	normal
f2-0195	warmup	2	-1	1	0	4	two	normal
f2-0196	warmup	2	-1	1	0	4	three	normal
f2-0197	warmup	2	-1	1	0	4	original	normal
f2-0198	warmup	2	-1	64	2	2	two	normal
f2-0199	warmup	2	-1	64	2	2	three	normal
f2-0200	warmup	2	-1	64	2	2	original	normal
f2-0201	warmup	2	-1	64	1	1	two	normal
f2-0202	warmup	2	-1	64	1	1	original	normal
f2-0203	warmup	2	-1	64	1	1	three	normal
f2-0204	warmup	2	-1	8	0	0	three	normal
f2-0205	warmup	2	-1	8	0	0	original	normal
f2-0206	warmup	2	-1	8	0	0	two	normal
f2-0207	warmup	2	-1	64	2	0	two	normal
f2-0208	warmup	2	-1	64	2	0	three	normal
f2-0209	warmup	2	-1	64	2	0	original	normal
f2-0210	warmup	2	-1	8	1	5	two	normal
f2-0211	warmup	2	-1	8	1	5	original	normal
f2-0212	warmup	2	-1	8	1	5	three	normal
f2-0213	warmup	2	-1	8	0	1	two	normal
f2-0214	warmup	2	-1	8	0	1	three	normal
f2-0215	warmup	2	-1	8	0	1	original	normal
f2-0216	warmup	2	-1	256	1	5	two	normal
f2-0217	warmup	2	-1	256	1	5	three	normal
f2-0218	warmup	2	-1	256	1	5	original	normal
f2-0219	warmup	2	-1	256	2	0	original	normal
f2-0220	warmup	2	-1	256	2	0	three	normal
f2-0221	warmup	2	-1	256	2	0	two	normal
f2-0222	warmup	2	-1	1	0	1	original	normal
f2-0223	warmup	2	-1	1	0	1	two	normal
f2-0224	warmup	2	-1	1	0	1	three	normal
f2-0225	warmup	2	-1	64	1	5	three	normal
f2-0226	warmup	2	-1	64	1	5	two	normal
f2-0227	warmup	2	-1	64	1	5	original	normal
f2-0228	warmup	2	-1	1	1	0	original	normal
f2-0229	warmup	2	-1	1	1	0	two	normal
f2-0230	warmup	2	-1	1	1	0	three	normal
f2-0231	warmup	2	-1	256	2	6	three	normal
f2-0232	warmup	2	-1	256	2	6	original	normal
f2-0233	warmup	2	-1	256	2	6	two	normal
f2-0234	warmup	2	-1	8	2	3	three	normal
f2-0235	warmup	2	-1	8	2	3	original	normal
f2-0236	warmup	2	-1	8	2	3	two	normal
f2-0237	warmup	2	-1	256	1	0	two	normal
f2-0238	warmup	2	-1	256	1	0	three	normal
f2-0239	warmup	2	-1	256	1	0	original	normal
f2-0240	warmup	2	-1	64	0	0	original	normal
f2-0241	warmup	2	-1	64	0	0	three	normal
f2-0242	warmup	2	-1	64	0	0	two	normal
f2-0243	warmup	2	-1	256	2	3	two	normal
f2-0244	warmup	2	-1	256	2	3	three	normal
f2-0245	warmup	2	-1	256	2	3	original	normal
f2-0246	warmup	2	-1	64	2	3	original	normal
f2-0247	warmup	2	-1	64	2	3	three	normal
f2-0248	warmup	2	-1	64	2	3	two	normal
f2-0249	warmup	2	-1	8	2	6	three	normal
f2-0250	warmup	2	-1	8	2	6	two	normal
f2-0251	warmup	2	-1	8	2	6	original	normal
f2-0252	warmup	2	-1	256	0	1	two	normal
f2-0253	warmup	2	-1	256	0	1	three	normal
f2-0254	warmup	2	-1	256	0	1	original	normal
f2-0255	warmup	2	-1	8	2	2	original	normal
f2-0256	warmup	2	-1	8	2	2	three	normal
f2-0257	warmup	2	-1	8	2	2	two	normal
f2-0258	warmup	2	-1	1	1	5	three	normal
f2-0259	warmup	2	-1	1	1	5	two	normal
f2-0260	warmup	2	-1	1	1	5	original	normal
f2-0261	warmup	2	-1	64	0	1	original	normal
f2-0262	warmup	2	-1	64	0	1	two	normal
f2-0263	warmup	2	-1	64	0	1	three	normal
f2-0264	measure	2	0	8	1	1	original	normal
f2-0265	measure	2	0	8	1	1	two	normal
f2-0266	measure	2	0	8	1	1	three	normal
f2-0267	measure	2	0	8	2	3	three	normal
f2-0268	measure	2	0	8	2	3	original	normal
f2-0269	measure	2	0	8	2	3	two	normal
f2-0270	measure	2	0	64	2	3	original	normal
f2-0271	measure	2	0	64	2	3	two	normal
f2-0272	measure	2	0	64	2	3	three	normal
f2-0273	measure	2	0	256	1	0	two	normal
f2-0274	measure	2	0	256	1	0	original	normal
f2-0275	measure	2	0	256	1	0	three	normal
f2-0276	measure	2	0	64	1	5	three	normal
f2-0277	measure	2	0	64	1	5	original	normal
f2-0278	measure	2	0	64	1	5	two	normal
f2-0279	measure	2	0	8	2	0	two	normal
f2-0280	measure	2	0	8	2	0	three	normal
f2-0281	measure	2	0	8	2	0	original	normal
f2-0282	measure	2	0	1	1	2	three	normal
f2-0283	measure	2	0	1	1	2	two	normal
f2-0284	measure	2	0	1	1	2	original	normal
f2-0285	measure	2	0	1	2	3	original	normal
f2-0286	measure	2	0	1	2	3	two	normal
f2-0287	measure	2	0	1	2	3	three	normal
f2-0288	measure	2	0	64	0	1	original	normal
f2-0289	measure	2	0	64	0	1	two	normal
f2-0290	measure	2	0	64	0	1	three	normal
f2-0291	measure	2	0	1	0	4	three	normal
f2-0292	measure	2	0	1	0	4	two	normal
f2-0293	measure	2	0	1	0	4	original	normal
f2-0294	measure	2	0	8	1	2	original	normal
f2-0295	measure	2	0	8	1	2	three	normal
f2-0296	measure	2	0	8	1	2	two	normal
f2-0297	measure	2	0	8	0	0	original	normal
f2-0298	measure	2	0	8	0	0	two	normal
f2-0299	measure	2	0	8	0	0	three	normal
f2-0300	measure	2	0	8	1	0	original	normal
f2-0301	measure	2	0	8	1	0	two	normal
f2-0302	measure	2	0	8	1	0	three	normal
f2-0303	measure	2	0	1	1	5	three	normal
f2-0304	measure	2	0	1	1	5	two	normal
f2-0305	measure	2	0	1	1	5	original	normal
f2-0306	measure	2	0	1	1	1	two	normal
f2-0307	measure	2	0	1	1	1	original	normal
f2-0308	measure	2	0	1	1	1	three	normal
f2-0309	measure	2	0	8	2	6	three	normal
f2-0310	measure	2	0	8	2	6	two	normal
f2-0311	measure	2	0	8	2	6	original	normal
f2-0312	measure	2	0	1	2	0	original	normal
f2-0313	measure	2	0	1	2	0	three	normal
f2-0314	measure	2	0	1	2	0	two	normal
f2-0315	measure	2	0	8	1	5	three	normal
f2-0316	measure	2	0	8	1	5	two	normal
f2-0317	measure	2	0	8	1	5	original	normal
f2-0318	measure	2	0	256	1	5	original	normal
f2-0319	measure	2	0	256	1	5	three	normal
f2-0320	measure	2	0	256	1	5	two	normal
f2-0321	measure	2	0	256	1	1	two	normal
f2-0322	measure	2	0	256	1	1	original	normal
f2-0323	measure	2	0	256	1	1	three	normal
f2-0324	measure	2	0	256	0	4	two	normal
f2-0325	measure	2	0	256	0	4	original	normal
f2-0326	measure	2	0	256	0	4	three	normal
f2-0327	measure	2	0	64	2	0	three	normal
f2-0328	measure	2	0	64	2	0	original	normal
f2-0329	measure	2	0	64	2	0	two	normal
f2-0330	measure	2	0	64	1	0	original	normal
f2-0331	measure	2	0	64	1	0	three	normal
f2-0332	measure	2	0	64	1	0	two	normal
f2-0333	measure	2	0	1	0	0	two	normal
f2-0334	measure	2	0	1	0	0	three	normal
f2-0335	measure	2	0	1	0	0	original	normal
f2-0336	measure	2	0	256	2	2	three	normal
f2-0337	measure	2	0	256	2	2	two	normal
f2-0338	measure	2	0	256	2	2	original	normal
f2-0339	measure	2	0	64	2	2	original	normal
f2-0340	measure	2	0	64	2	2	two	normal
f2-0341	measure	2	0	64	2	2	three	normal
f2-0342	measure	2	0	8	0	1	three	normal
f2-0343	measure	2	0	8	0	1	original	normal
f2-0344	measure	2	0	8	0	1	two	normal
f2-0345	measure	2	0	256	2	0	two	normal
f2-0346	measure	2	0	256	2	0	three	normal
f2-0347	measure	2	0	256	2	0	original	normal
f2-0348	measure	2	0	64	0	0	three	normal
f2-0349	measure	2	0	64	0	0	original	normal
f2-0350	measure	2	0	64	0	0	two	normal
f2-0351	measure	2	0	64	0	4	original	normal
f2-0352	measure	2	0	64	0	4	three	normal
f2-0353	measure	2	0	64	0	4	two	normal
f2-0354	measure	2	0	64	1	1	two	normal
f2-0355	measure	2	0	64	1	1	original	normal
f2-0356	measure	2	0	64	1	1	three	normal
f2-0357	measure	2	0	64	1	2	three	normal
f2-0358	measure	2	0	64	1	2	original	normal
f2-0359	measure	2	0	64	1	2	two	normal
f2-0360	measure	2	0	8	0	4	three	normal
f2-0361	measure	2	0	8	0	4	original	normal
f2-0362	measure	2	0	8	0	4	two	normal
f2-0363	measure	2	0	8	2	2	original	normal
f2-0364	measure	2	0	8	2	2	three	normal
f2-0365	measure	2	0	8	2	2	two	normal
f2-0366	measure	2	0	64	2	6	original	normal
f2-0367	measure	2	0	64	2	6	two	normal
f2-0368	measure	2	0	64	2	6	three	normal
f2-0369	measure	2	0	256	2	3	two	normal
f2-0370	measure	2	0	256	2	3	three	normal
f2-0371	measure	2	0	256	2	3	original	normal
f2-0372	measure	2	0	256	0	1	original	normal
f2-0373	measure	2	0	256	0	1	three	normal
f2-0374	measure	2	0	256	0	1	two	normal
f2-0375	measure	2	0	1	2	6	original	normal
f2-0376	measure	2	0	1	2	6	two	normal
f2-0377	measure	2	0	1	2	6	three	normal
f2-0378	measure	2	0	256	0	0	original	normal
f2-0379	measure	2	0	256	0	0	two	normal
f2-0380	measure	2	0	256	0	0	three	normal
f2-0381	measure	2	0	1	0	1	two	normal
f2-0382	measure	2	0	1	0	1	three	normal
f2-0383	measure	2	0	1	0	1	original	normal
f2-0384	measure	2	0	1	1	0	two	normal
f2-0385	measure	2	0	1	1	0	three	normal
f2-0386	measure	2	0	1	1	0	original	normal
f2-0387	measure	2	0	1	2	2	two	normal
f2-0388	measure	2	0	1	2	2	three	normal
f2-0389	measure	2	0	1	2	2	original	normal
f2-0390	measure	2	0	256	2	6	three	normal
f2-0391	measure	2	0	256	2	6	original	normal
f2-0392	measure	2	0	256	2	6	two	normal
f2-0393	measure	2	0	256	1	2	three	normal
f2-0394	measure	2	0	256	1	2	original	normal
f2-0395	measure	2	0	256	1	2	two	normal
f2-0396	measure	2	1	256	1	0	three	normal
f2-0397	measure	2	1	256	1	0	original	normal
f2-0398	measure	2	1	256	1	0	two	normal
f2-0399	measure	2	1	1	2	6	two	normal
f2-0400	measure	2	1	1	2	6	original	normal
f2-0401	measure	2	1	1	2	6	three	normal
f2-0402	measure	2	1	64	2	3	two	normal
f2-0403	measure	2	1	64	2	3	original	normal
f2-0404	measure	2	1	64	2	3	three	normal
f2-0405	measure	2	1	1	0	0	original	normal
f2-0406	measure	2	1	1	0	0	three	normal
f2-0407	measure	2	1	1	0	0	two	normal
f2-0408	measure	2	1	1	0	4	three	normal
f2-0409	measure	2	1	1	0	4	original	normal
f2-0410	measure	2	1	1	0	4	two	normal
f2-0411	measure	2	1	256	2	3	three	normal
f2-0412	measure	2	1	256	2	3	original	normal
f2-0413	measure	2	1	256	2	3	two	normal
f2-0414	measure	2	1	256	0	1	original	normal
f2-0415	measure	2	1	256	0	1	two	normal
f2-0416	measure	2	1	256	0	1	three	normal
f2-0417	measure	2	1	256	1	2	three	normal
f2-0418	measure	2	1	256	1	2	two	normal
f2-0419	measure	2	1	256	1	2	original	normal
f2-0420	measure	2	1	1	0	1	two	normal
f2-0421	measure	2	1	1	0	1	three	normal
f2-0422	measure	2	1	1	0	1	original	normal
f2-0423	measure	2	1	8	2	6	two	normal
f2-0424	measure	2	1	8	2	6	original	normal
f2-0425	measure	2	1	8	2	6	three	normal
f2-0426	measure	2	1	8	1	1	two	normal
f2-0427	measure	2	1	8	1	1	original	normal
f2-0428	measure	2	1	8	1	1	three	normal
f2-0429	measure	2	1	64	0	1	original	normal
f2-0430	measure	2	1	64	0	1	three	normal
f2-0431	measure	2	1	64	0	1	two	normal
f2-0432	measure	2	1	64	1	1	original	normal
f2-0433	measure	2	1	64	1	1	two	normal
f2-0434	measure	2	1	64	1	1	three	normal
f2-0435	measure	2	1	64	2	2	original	normal
f2-0436	measure	2	1	64	2	2	two	normal
f2-0437	measure	2	1	64	2	2	three	normal
f2-0438	measure	2	1	1	2	0	original	normal
f2-0439	measure	2	1	1	2	0	two	normal
f2-0440	measure	2	1	1	2	0	three	normal
f2-0441	measure	2	1	64	2	6	original	normal
f2-0442	measure	2	1	64	2	6	two	normal
f2-0443	measure	2	1	64	2	6	three	normal
f2-0444	measure	2	1	8	1	5	original	normal
f2-0445	measure	2	1	8	1	5	three	normal
f2-0446	measure	2	1	8	1	5	two	normal
f2-0447	measure	2	1	64	1	2	two	normal
f2-0448	measure	2	1	64	1	2	three	normal
f2-0449	measure	2	1	64	1	2	original	normal
f2-0450	measure	2	1	8	0	1	three	normal
f2-0451	measure	2	1	8	0	1	two	normal
f2-0452	measure	2	1	8	0	1	original	normal
f2-0453	measure	2	1	1	2	2	two	normal
f2-0454	measure	2	1	1	2	2	three	normal
f2-0455	measure	2	1	1	2	2	original	normal
f2-0456	measure	2	1	64	0	4	original	normal
f2-0457	measure	2	1	64	0	4	two	normal
f2-0458	measure	2	1	64	0	4	three	normal
f2-0459	measure	2	1	8	1	2	two	normal
f2-0460	measure	2	1	8	1	2	original	normal
f2-0461	measure	2	1	8	1	2	three	normal
f2-0462	measure	2	1	1	2	3	original	normal
f2-0463	measure	2	1	1	2	3	three	normal
f2-0464	measure	2	1	1	2	3	two	normal
f2-0465	measure	2	1	64	0	0	original	normal
f2-0466	measure	2	1	64	0	0	two	normal
f2-0467	measure	2	1	64	0	0	three	normal
f2-0468	measure	2	1	8	0	4	three	normal
f2-0469	measure	2	1	8	0	4	two	normal
f2-0470	measure	2	1	8	0	4	original	normal
f2-0471	measure	2	1	64	1	5	three	normal
f2-0472	measure	2	1	64	1	5	original	normal
f2-0473	measure	2	1	64	1	5	two	normal
f2-0474	measure	2	1	64	2	0	original	normal
f2-0475	measure	2	1	64	2	0	two	normal
f2-0476	measure	2	1	64	2	0	three	normal
f2-0477	measure	2	1	8	2	2	two	normal
f2-0478	measure	2	1	8	2	2	three	normal
f2-0479	measure	2	1	8	2	2	original	normal
f2-0480	measure	2	1	1	1	1	three	normal
f2-0481	measure	2	1	1	1	1	two	normal
f2-0482	measure	2	1	1	1	1	original	normal
f2-0483	measure	2	1	8	2	3	two	normal
f2-0484	measure	2	1	8	2	3	original	normal
f2-0485	measure	2	1	8	2	3	three	normal
f2-0486	measure	2	1	256	0	0	original	normal
f2-0487	measure	2	1	256	0	0	three	normal
f2-0488	measure	2	1	256	0	0	two	normal
f2-0489	measure	2	1	256	2	0	three	normal
f2-0490	measure	2	1	256	2	0	original	normal
f2-0491	measure	2	1	256	2	0	two	normal
f2-0492	measure	2	1	256	2	6	original	normal
f2-0493	measure	2	1	256	2	6	two	normal
f2-0494	measure	2	1	256	2	6	three	normal
f2-0495	measure	2	1	8	2	0	two	normal
f2-0496	measure	2	1	8	2	0	original	normal
f2-0497	measure	2	1	8	2	0	three	normal
f2-0498	measure	2	1	256	1	5	three	normal
f2-0499	measure	2	1	256	1	5	two	normal
f2-0500	measure	2	1	256	1	5	original	normal
f2-0501	measure	2	1	1	1	5	three	normal
f2-0502	measure	2	1	1	1	5	original	normal
f2-0503	measure	2	1	1	1	5	two	normal
f2-0504	measure	2	1	1	1	2	original	normal
f2-0505	measure	2	1	1	1	2	three	normal
f2-0506	measure	2	1	1	1	2	two	normal
f2-0507	measure	2	1	1	1	0	original	normal
f2-0508	measure	2	1	1	1	0	three	normal
f2-0509	measure	2	1	1	1	0	two	normal
f2-0510	measure	2	1	256	1	1	three	normal
f2-0511	measure	2	1	256	1	1	original	normal
f2-0512	measure	2	1	256	1	1	two	normal
f2-0513	measure	2	1	8	0	0	two	normal
f2-0514	measure	2	1	8	0	0	three	normal
f2-0515	measure	2	1	8	0	0	original	normal
f2-0516	measure	2	1	256	0	4	three	normal
f2-0517	measure	2	1	256	0	4	two	normal
f2-0518	measure	2	1	256	0	4	original	normal
f2-0519	measure	2	1	64	1	0	three	normal
f2-0520	measure	2	1	64	1	0	two	normal
f2-0521	measure	2	1	64	1	0	original	normal
f2-0522	measure	2	1	256	2	2	three	normal
f2-0523	measure	2	1	256	2	2	original	normal
f2-0524	measure	2	1	256	2	2	two	normal
f2-0525	measure	2	1	8	1	0	three	normal
f2-0526	measure	2	1	8	1	0	two	normal
f2-0527	measure	2	1	8	1	0	original	normal
f2-0528	measure	2	2	1	0	4	three	normal
f2-0529	measure	2	2	1	0	4	two	normal
f2-0530	measure	2	2	1	0	4	original	normal
f2-0531	measure	2	2	1	1	1	original	normal
f2-0532	measure	2	2	1	1	1	three	normal
f2-0533	measure	2	2	1	1	1	two	normal
f2-0534	measure	2	2	256	2	2	original	normal
f2-0535	measure	2	2	256	2	2	two	normal
f2-0536	measure	2	2	256	2	2	three	normal
f2-0537	measure	2	2	64	2	0	three	normal
f2-0538	measure	2	2	64	2	0	two	normal
f2-0539	measure	2	2	64	2	0	original	normal
f2-0540	measure	2	2	8	2	2	two	normal
f2-0541	measure	2	2	8	2	2	original	normal
f2-0542	measure	2	2	8	2	2	three	normal
f2-0543	measure	2	2	8	2	3	original	normal
f2-0544	measure	2	2	8	2	3	three	normal
f2-0545	measure	2	2	8	2	3	two	normal
f2-0546	measure	2	2	64	0	0	three	normal
f2-0547	measure	2	2	64	0	0	two	normal
f2-0548	measure	2	2	64	0	0	original	normal
f2-0549	measure	2	2	8	0	1	original	normal
f2-0550	measure	2	2	8	0	1	two	normal
f2-0551	measure	2	2	8	0	1	three	normal
f2-0552	measure	2	2	8	1	2	two	normal
f2-0553	measure	2	2	8	1	2	original	normal
f2-0554	measure	2	2	8	1	2	three	normal
f2-0555	measure	2	2	64	0	4	original	normal
f2-0556	measure	2	2	64	0	4	three	normal
f2-0557	measure	2	2	64	0	4	two	normal
f2-0558	measure	2	2	1	2	6	original	normal
f2-0559	measure	2	2	1	2	6	three	normal
f2-0560	measure	2	2	1	2	6	two	normal
f2-0561	measure	2	2	1	1	2	original	normal
f2-0562	measure	2	2	1	1	2	three	normal
f2-0563	measure	2	2	1	1	2	two	normal
f2-0564	measure	2	2	1	2	2	two	normal
f2-0565	measure	2	2	1	2	2	original	normal
f2-0566	measure	2	2	1	2	2	three	normal
f2-0567	measure	2	2	256	0	0	original	normal
f2-0568	measure	2	2	256	0	0	two	normal
f2-0569	measure	2	2	256	0	0	three	normal
f2-0570	measure	2	2	256	1	2	original	normal
f2-0571	measure	2	2	256	1	2	three	normal
f2-0572	measure	2	2	256	1	2	two	normal
f2-0573	measure	2	2	64	2	3	original	normal
f2-0574	measure	2	2	64	2	3	two	normal
f2-0575	measure	2	2	64	2	3	three	normal
f2-0576	measure	2	2	1	2	0	original	normal
f2-0577	measure	2	2	1	2	0	two	normal
f2-0578	measure	2	2	1	2	0	three	normal
f2-0579	measure	2	2	256	1	1	original	normal
f2-0580	measure	2	2	256	1	1	three	normal
f2-0581	measure	2	2	256	1	1	two	normal
f2-0582	measure	2	2	256	0	4	two	normal
f2-0583	measure	2	2	256	0	4	original	normal
f2-0584	measure	2	2	256	0	4	three	normal
f2-0585	measure	2	2	256	2	0	two	normal
f2-0586	measure	2	2	256	2	0	three	normal
f2-0587	measure	2	2	256	2	0	original	normal
f2-0588	measure	2	2	8	0	4	three	normal
f2-0589	measure	2	2	8	0	4	original	normal
f2-0590	measure	2	2	8	0	4	two	normal
f2-0591	measure	2	2	64	2	2	two	normal
f2-0592	measure	2	2	64	2	2	original	normal
f2-0593	measure	2	2	64	2	2	three	normal
f2-0594	measure	2	2	64	2	6	two	normal
f2-0595	measure	2	2	64	2	6	original	normal
f2-0596	measure	2	2	64	2	6	three	normal
f2-0597	measure	2	2	256	2	6	two	normal
f2-0598	measure	2	2	256	2	6	three	normal
f2-0599	measure	2	2	256	2	6	original	normal
f2-0600	measure	2	2	256	1	5	two	normal
f2-0601	measure	2	2	256	1	5	original	normal
f2-0602	measure	2	2	256	1	5	three	normal
f2-0603	measure	2	2	256	2	3	two	normal
f2-0604	measure	2	2	256	2	3	original	normal
f2-0605	measure	2	2	256	2	3	three	normal
f2-0606	measure	2	2	256	1	0	original	normal
f2-0607	measure	2	2	256	1	0	three	normal
f2-0608	measure	2	2	256	1	0	two	normal
f2-0609	measure	2	2	64	1	5	original	normal
f2-0610	measure	2	2	64	1	5	three	normal
f2-0611	measure	2	2	64	1	5	two	normal
f2-0612	measure	2	2	256	0	1	three	normal
f2-0613	measure	2	2	256	0	1	two	normal
f2-0614	measure	2	2	256	0	1	original	normal
f2-0615	measure	2	2	64	1	2	original	normal
f2-0616	measure	2	2	64	1	2	three	normal
f2-0617	measure	2	2	64	1	2	two	normal
f2-0618	measure	2	2	1	1	5	three	normal
f2-0619	measure	2	2	1	1	5	original	normal
f2-0620	measure	2	2	1	1	5	two	normal
f2-0621	measure	2	2	64	1	0	original	normal
f2-0622	measure	2	2	64	1	0	three	normal
f2-0623	measure	2	2	64	1	0	two	normal
f2-0624	measure	2	2	8	2	6	three	normal
f2-0625	measure	2	2	8	2	6	original	normal
f2-0626	measure	2	2	8	2	6	two	normal
f2-0627	measure	2	2	8	1	1	two	normal
f2-0628	measure	2	2	8	1	1	three	normal
f2-0629	measure	2	2	8	1	1	original	normal
f2-0630	measure	2	2	1	0	0	original	normal
f2-0631	measure	2	2	1	0	0	three	normal
f2-0632	measure	2	2	1	0	0	two	normal
f2-0633	measure	2	2	8	2	0	three	normal
f2-0634	measure	2	2	8	2	0	original	normal
f2-0635	measure	2	2	8	2	0	two	normal
f2-0636	measure	2	2	64	0	1	two	normal
f2-0637	measure	2	2	64	0	1	three	normal
f2-0638	measure	2	2	64	0	1	original	normal
f2-0639	measure	2	2	1	0	1	original	normal
f2-0640	measure	2	2	1	0	1	two	normal
f2-0641	measure	2	2	1	0	1	three	normal
f2-0642	measure	2	2	8	0	0	original	normal
f2-0643	measure	2	2	8	0	0	three	normal
f2-0644	measure	2	2	8	0	0	two	normal
f2-0645	measure	2	2	8	1	5	two	normal
f2-0646	measure	2	2	8	1	5	three	normal
f2-0647	measure	2	2	8	1	5	original	normal
f2-0648	measure	2	2	1	2	3	three	normal
f2-0649	measure	2	2	1	2	3	two	normal
f2-0650	measure	2	2	1	2	3	original	normal
f2-0651	measure	2	2	1	1	0	original	normal
f2-0652	measure	2	2	1	1	0	two	normal
f2-0653	measure	2	2	1	1	0	three	normal
f2-0654	measure	2	2	8	1	0	two	normal
f2-0655	measure	2	2	8	1	0	original	normal
f2-0656	measure	2	2	8	1	0	three	normal
f2-0657	measure	2	2	64	1	1	original	normal
f2-0658	measure	2	2	64	1	1	two	normal
f2-0659	measure	2	2	64	1	1	three	normal
f2-0660	measure	2	3	256	2	6	three	normal
f2-0661	measure	2	3	256	2	6	two	normal
f2-0662	measure	2	3	256	2	6	original	normal
f2-0663	measure	2	3	64	2	3	original	normal
f2-0664	measure	2	3	64	2	3	two	normal
f2-0665	measure	2	3	64	2	3	three	normal
f2-0666	measure	2	3	1	2	2	original	normal
f2-0667	measure	2	3	1	2	2	three	normal
f2-0668	measure	2	3	1	2	2	two	normal
f2-0669	measure	2	3	64	0	4	original	normal
f2-0670	measure	2	3	64	0	4	two	normal
f2-0671	measure	2	3	64	0	4	three	normal
f2-0672	measure	2	3	8	2	3	three	normal
f2-0673	measure	2	3	8	2	3	original	normal
f2-0674	measure	2	3	8	2	3	two	normal
f2-0675	measure	2	3	1	0	1	original	normal
f2-0676	measure	2	3	1	0	1	two	normal
f2-0677	measure	2	3	1	0	1	three	normal
f2-0678	measure	2	3	1	1	1	three	normal
f2-0679	measure	2	3	1	1	1	original	normal
f2-0680	measure	2	3	1	1	1	two	normal
f2-0681	measure	2	3	256	1	2	three	normal
f2-0682	measure	2	3	256	1	2	original	normal
f2-0683	measure	2	3	256	1	2	two	normal
f2-0684	measure	2	3	8	1	5	original	normal
f2-0685	measure	2	3	8	1	5	two	normal
f2-0686	measure	2	3	8	1	5	three	normal
f2-0687	measure	2	3	1	2	0	three	normal
f2-0688	measure	2	3	1	2	0	two	normal
f2-0689	measure	2	3	1	2	0	original	normal
f2-0690	measure	2	3	1	2	6	two	normal
f2-0691	measure	2	3	1	2	6	three	normal
f2-0692	measure	2	3	1	2	6	original	normal
f2-0693	measure	2	3	256	1	0	two	normal
f2-0694	measure	2	3	256	1	0	original	normal
f2-0695	measure	2	3	256	1	0	three	normal
f2-0696	measure	2	3	256	0	4	original	normal
f2-0697	measure	2	3	256	0	4	two	normal
f2-0698	measure	2	3	256	0	4	three	normal
f2-0699	measure	2	3	64	2	0	original	normal
f2-0700	measure	2	3	64	2	0	three	normal
f2-0701	measure	2	3	64	2	0	two	normal
f2-0702	measure	2	3	64	1	0	original	normal
f2-0703	measure	2	3	64	1	0	two	normal
f2-0704	measure	2	3	64	1	0	three	normal
f2-0705	measure	2	3	1	0	0	original	normal
f2-0706	measure	2	3	1	0	0	two	normal
f2-0707	measure	2	3	1	0	0	three	normal
f2-0708	measure	2	3	8	1	2	two	normal
f2-0709	measure	2	3	8	1	2	original	normal
f2-0710	measure	2	3	8	1	2	three	normal
f2-0711	measure	2	3	64	2	6	three	normal
f2-0712	measure	2	3	64	2	6	two	normal
f2-0713	measure	2	3	64	2	6	original	normal
f2-0714	measure	2	3	1	1	5	two	normal
f2-0715	measure	2	3	1	1	5	three	normal
f2-0716	measure	2	3	1	1	5	original	normal
f2-0717	measure	2	3	8	1	0	original	normal
f2-0718	measure	2	3	8	1	0	three	normal
f2-0719	measure	2	3	8	1	0	two	normal
f2-0720	measure	2	3	64	0	0	three	normal
f2-0721	measure	2	3	64	0	0	original	normal
f2-0722	measure	2	3	64	0	0	two	normal
f2-0723	measure	2	3	64	0	1	two	normal
f2-0724	measure	2	3	64	0	1	three	normal
f2-0725	measure	2	3	64	0	1	original	normal
f2-0726	measure	2	3	256	0	1	two	normal
f2-0727	measure	2	3	256	0	1	original	normal
f2-0728	measure	2	3	256	0	1	three	normal
f2-0729	measure	2	3	8	0	0	original	normal
f2-0730	measure	2	3	8	0	0	three	normal
f2-0731	measure	2	3	8	0	0	two	normal
f2-0732	measure	2	3	64	1	2	original	normal
f2-0733	measure	2	3	64	1	2	three	normal
f2-0734	measure	2	3	64	1	2	two	normal
f2-0735	measure	2	3	8	2	6	two	normal
f2-0736	measure	2	3	8	2	6	original	normal
f2-0737	measure	2	3	8	2	6	three	normal
f2-0738	measure	2	3	256	1	1	original	normal
f2-0739	measure	2	3	256	1	1	two	normal
f2-0740	measure	2	3	256	1	1	three	normal
f2-0741	measure	2	3	1	1	2	original	normal
f2-0742	measure	2	3	1	1	2	three	normal
f2-0743	measure	2	3	1	1	2	two	normal
f2-0744	measure	2	3	256	2	2	three	normal
f2-0745	measure	2	3	256	2	2	two	normal
f2-0746	measure	2	3	256	2	2	original	normal
f2-0747	measure	2	3	256	0	0	three	normal
f2-0748	measure	2	3	256	0	0	original	normal
f2-0749	measure	2	3	256	0	0	two	normal
f2-0750	measure	2	3	256	1	5	original	normal
f2-0751	measure	2	3	256	1	5	three	normal
f2-0752	measure	2	3	256	1	5	two	normal
f2-0753	measure	2	3	1	1	0	three	normal
f2-0754	measure	2	3	1	1	0	two	normal
f2-0755	measure	2	3	1	1	0	original	normal
f2-0756	measure	2	3	64	1	1	three	normal
f2-0757	measure	2	3	64	1	1	original	normal
f2-0758	measure	2	3	64	1	1	two	normal
f2-0759	measure	2	3	8	0	4	three	normal
f2-0760	measure	2	3	8	0	4	original	normal
f2-0761	measure	2	3	8	0	4	two	normal
f2-0762	measure	2	3	8	2	2	three	normal
f2-0763	measure	2	3	8	2	2	original	normal
f2-0764	measure	2	3	8	2	2	two	normal
f2-0765	measure	2	3	1	0	4	two	normal
f2-0766	measure	2	3	1	0	4	three	normal
f2-0767	measure	2	3	1	0	4	original	normal
f2-0768	measure	2	3	64	1	5	three	normal
f2-0769	measure	2	3	64	1	5	two	normal
f2-0770	measure	2	3	64	1	5	original	normal
f2-0771	measure	2	3	8	0	1	original	normal
f2-0772	measure	2	3	8	0	1	two	normal
f2-0773	measure	2	3	8	0	1	three	normal
f2-0774	measure	2	3	256	2	3	two	normal
f2-0775	measure	2	3	256	2	3	original	normal
f2-0776	measure	2	3	256	2	3	three	normal
f2-0777	measure	2	3	64	2	2	three	normal
f2-0778	measure	2	3	64	2	2	two	normal
f2-0779	measure	2	3	64	2	2	original	normal
f2-0780	measure	2	3	8	2	0	three	normal
f2-0781	measure	2	3	8	2	0	two	normal
f2-0782	measure	2	3	8	2	0	original	normal
f2-0783	measure	2	3	1	2	3	original	normal
f2-0784	measure	2	3	1	2	3	two	normal
f2-0785	measure	2	3	1	2	3	three	normal
f2-0786	measure	2	3	8	1	1	two	normal
f2-0787	measure	2	3	8	1	1	original	normal
f2-0788	measure	2	3	8	1	1	three	normal
f2-0789	measure	2	3	256	2	0	two	normal
f2-0790	measure	2	3	256	2	0	original	normal
f2-0791	measure	2	3	256	2	0	three	normal
f2-0792	measure	2	4	256	1	0	two	normal
f2-0793	measure	2	4	256	1	0	original	normal
f2-0794	measure	2	4	256	1	0	three	normal
f2-0795	measure	2	4	1	2	0	three	normal
f2-0796	measure	2	4	1	2	0	two	normal
f2-0797	measure	2	4	1	2	0	original	normal
f2-0798	measure	2	4	64	2	6	three	normal
f2-0799	measure	2	4	64	2	6	original	normal
f2-0800	measure	2	4	64	2	6	two	normal
f2-0801	measure	2	4	8	0	4	original	normal
f2-0802	measure	2	4	8	0	4	three	normal
f2-0803	measure	2	4	8	0	4	two	normal
f2-0804	measure	2	4	8	1	0	two	normal
f2-0805	measure	2	4	8	1	0	three	normal
f2-0806	measure	2	4	8	1	0	original	normal
f2-0807	measure	2	4	8	2	3	two	normal
f2-0808	measure	2	4	8	2	3	original	normal
f2-0809	measure	2	4	8	2	3	three	normal
f2-0810	measure	2	4	256	2	6	three	normal
f2-0811	measure	2	4	256	2	6	original	normal
f2-0812	measure	2	4	256	2	6	two	normal
f2-0813	measure	2	4	64	1	5	two	normal
f2-0814	measure	2	4	64	1	5	original	normal
f2-0815	measure	2	4	64	1	5	three	normal
f2-0816	measure	2	4	64	1	2	three	normal
f2-0817	measure	2	4	64	1	2	two	normal
f2-0818	measure	2	4	64	1	2	original	normal
f2-0819	measure	2	4	1	0	0	original	normal
f2-0820	measure	2	4	1	0	0	two	normal
f2-0821	measure	2	4	1	0	0	three	normal
f2-0822	measure	2	4	256	0	1	three	normal
f2-0823	measure	2	4	256	0	1	original	normal
f2-0824	measure	2	4	256	0	1	two	normal
f2-0825	measure	2	4	256	0	4	original	normal
f2-0826	measure	2	4	256	0	4	three	normal
f2-0827	measure	2	4	256	0	4	two	normal
f2-0828	measure	2	4	8	2	6	two	normal
f2-0829	measure	2	4	8	2	6	three	normal
f2-0830	measure	2	4	8	2	6	original	normal
f2-0831	measure	2	4	1	0	4	two	normal
f2-0832	measure	2	4	1	0	4	three	normal
f2-0833	measure	2	4	1	0	4	original	normal
f2-0834	measure	2	4	8	1	2	three	normal
f2-0835	measure	2	4	8	1	2	two	normal
f2-0836	measure	2	4	8	1	2	original	normal
f2-0837	measure	2	4	8	0	1	three	normal
f2-0838	measure	2	4	8	0	1	original	normal
f2-0839	measure	2	4	8	0	1	two	normal
f2-0840	measure	2	4	64	0	4	three	normal
f2-0841	measure	2	4	64	0	4	two	normal
f2-0842	measure	2	4	64	0	4	original	normal
f2-0843	measure	2	4	256	1	2	two	normal
f2-0844	measure	2	4	256	1	2	original	normal
f2-0845	measure	2	4	256	1	2	three	normal
f2-0846	measure	2	4	256	2	0	original	normal
f2-0847	measure	2	4	256	2	0	two	normal
f2-0848	measure	2	4	256	2	0	three	normal
f2-0849	measure	2	4	256	2	3	original	normal
f2-0850	measure	2	4	256	2	3	three	normal
f2-0851	measure	2	4	256	2	3	two	normal
f2-0852	measure	2	4	64	2	2	original	normal
f2-0853	measure	2	4	64	2	2	two	normal
f2-0854	measure	2	4	64	2	2	three	normal
f2-0855	measure	2	4	256	1	5	two	normal
f2-0856	measure	2	4	256	1	5	original	normal
f2-0857	measure	2	4	256	1	5	three	normal
f2-0858	measure	2	4	1	1	0	two	normal
f2-0859	measure	2	4	1	1	0	original	normal
f2-0860	measure	2	4	1	1	0	three	normal
f2-0861	measure	2	4	64	2	0	three	normal
f2-0862	measure	2	4	64	2	0	original	normal
f2-0863	measure	2	4	64	2	0	two	normal
f2-0864	measure	2	4	8	0	0	original	normal
f2-0865	measure	2	4	8	0	0	two	normal
f2-0866	measure	2	4	8	0	0	three	normal
f2-0867	measure	2	4	1	2	2	original	normal
f2-0868	measure	2	4	1	2	2	three	normal
f2-0869	measure	2	4	1	2	2	two	normal
f2-0870	measure	2	4	8	1	5	three	normal
f2-0871	measure	2	4	8	1	5	two	normal
f2-0872	measure	2	4	8	1	5	original	normal
f2-0873	measure	2	4	1	2	3	three	normal
f2-0874	measure	2	4	1	2	3	original	normal
f2-0875	measure	2	4	1	2	3	two	normal
f2-0876	measure	2	4	1	0	1	two	normal
f2-0877	measure	2	4	1	0	1	three	normal
f2-0878	measure	2	4	1	0	1	original	normal
f2-0879	measure	2	4	8	2	2	two	normal
f2-0880	measure	2	4	8	2	2	three	normal
f2-0881	measure	2	4	8	2	2	original	normal
f2-0882	measure	2	4	1	1	1	original	normal
f2-0883	measure	2	4	1	1	1	three	normal
f2-0884	measure	2	4	1	1	1	two	normal
f2-0885	measure	2	4	1	1	5	three	normal
f2-0886	measure	2	4	1	1	5	original	normal
f2-0887	measure	2	4	1	1	5	two	normal
f2-0888	measure	2	4	8	1	1	three	normal
f2-0889	measure	2	4	8	1	1	original	normal
f2-0890	measure	2	4	8	1	1	two	normal
f2-0891	measure	2	4	256	2	2	original	normal
f2-0892	measure	2	4	256	2	2	two	normal
f2-0893	measure	2	4	256	2	2	three	normal
f2-0894	measure	2	4	64	2	3	original	normal
f2-0895	measure	2	4	64	2	3	three	normal
f2-0896	measure	2	4	64	2	3	two	normal
f2-0897	measure	2	4	64	1	0	three	normal
f2-0898	measure	2	4	64	1	0	original	normal
f2-0899	measure	2	4	64	1	0	two	normal
f2-0900	measure	2	4	256	0	0	two	normal
f2-0901	measure	2	4	256	0	0	three	normal
f2-0902	measure	2	4	256	0	0	original	normal
f2-0903	measure	2	4	1	1	2	original	normal
f2-0904	measure	2	4	1	1	2	two	normal
f2-0905	measure	2	4	1	1	2	three	normal
f2-0906	measure	2	4	64	1	1	two	normal
f2-0907	measure	2	4	64	1	1	three	normal
f2-0908	measure	2	4	64	1	1	original	normal
f2-0909	measure	2	4	1	2	6	two	normal
f2-0910	measure	2	4	1	2	6	three	normal
f2-0911	measure	2	4	1	2	6	original	normal
f2-0912	measure	2	4	256	1	1	two	normal
f2-0913	measure	2	4	256	1	1	three	normal
f2-0914	measure	2	4	256	1	1	original	normal
f2-0915	measure	2	4	64	0	0	three	normal
f2-0916	measure	2	4	64	0	0	two	normal
f2-0917	measure	2	4	64	0	0	original	normal
f2-0918	measure	2	4	64	0	1	original	normal
f2-0919	measure	2	4	64	0	1	three	normal
f2-0920	measure	2	4	64	0	1	two	normal
f2-0921	measure	2	4	8	2	0	two	normal
f2-0922	measure	2	4	8	2	0	original	normal
f2-0923	measure	2	4	8	2	0	three	normal
f2-0924	measure	2	5	256	2	6	original	normal
f2-0925	measure	2	5	256	2	6	three	normal
f2-0926	measure	2	5	256	2	6	two	normal
f2-0927	measure	2	5	8	0	0	three	normal
f2-0928	measure	2	5	8	0	0	two	normal
f2-0929	measure	2	5	8	0	0	original	normal
f2-0930	measure	2	5	256	0	1	three	normal
f2-0931	measure	2	5	256	0	1	original	normal
f2-0932	measure	2	5	256	0	1	two	normal
f2-0933	measure	2	5	8	1	0	three	normal
f2-0934	measure	2	5	8	1	0	original	normal
f2-0935	measure	2	5	8	1	0	two	normal
f2-0936	measure	2	5	8	2	6	three	normal
f2-0937	measure	2	5	8	2	6	original	normal
f2-0938	measure	2	5	8	2	6	two	normal
f2-0939	measure	2	5	1	2	2	original	normal
f2-0940	measure	2	5	1	2	2	two	normal
f2-0941	measure	2	5	1	2	2	three	normal
f2-0942	measure	2	5	64	2	3	three	normal
f2-0943	measure	2	5	64	2	3	two	normal
f2-0944	measure	2	5	64	2	3	original	normal
f2-0945	measure	2	5	1	0	1	three	normal
f2-0946	measure	2	5	1	0	1	original	normal
f2-0947	measure	2	5	1	0	1	two	normal
f2-0948	measure	2	5	256	0	4	original	normal
f2-0949	measure	2	5	256	0	4	three	normal
f2-0950	measure	2	5	256	0	4	two	normal
f2-0951	measure	2	5	256	2	3	three	normal
f2-0952	measure	2	5	256	2	3	two	normal
f2-0953	measure	2	5	256	2	3	original	normal
f2-0954	measure	2	5	1	2	3	two	normal
f2-0955	measure	2	5	1	2	3	three	normal
f2-0956	measure	2	5	1	2	3	original	normal
f2-0957	measure	2	5	256	1	5	two	normal
f2-0958	measure	2	5	256	1	5	three	normal
f2-0959	measure	2	5	256	1	5	original	normal
f2-0960	measure	2	5	256	1	0	original	normal
f2-0961	measure	2	5	256	1	0	three	normal
f2-0962	measure	2	5	256	1	0	two	normal
f2-0963	measure	2	5	1	1	5	two	normal
f2-0964	measure	2	5	1	1	5	original	normal
f2-0965	measure	2	5	1	1	5	three	normal
f2-0966	measure	2	5	64	1	5	three	normal
f2-0967	measure	2	5	64	1	5	two	normal
f2-0968	measure	2	5	64	1	5	original	normal
f2-0969	measure	2	5	256	0	0	three	normal
f2-0970	measure	2	5	256	0	0	original	normal
f2-0971	measure	2	5	256	0	0	two	normal
f2-0972	measure	2	5	8	0	1	three	normal
f2-0973	measure	2	5	8	0	1	original	normal
f2-0974	measure	2	5	8	0	1	two	normal
f2-0975	measure	2	5	8	1	1	three	normal
f2-0976	measure	2	5	8	1	1	original	normal
f2-0977	measure	2	5	8	1	1	two	normal
f2-0978	measure	2	5	256	1	2	two	normal
f2-0979	measure	2	5	256	1	2	three	normal
f2-0980	measure	2	5	256	1	2	original	normal
f2-0981	measure	2	5	8	0	4	three	normal
f2-0982	measure	2	5	8	0	4	original	normal
f2-0983	measure	2	5	8	0	4	two	normal
f2-0984	measure	2	5	1	1	0	original	normal
f2-0985	measure	2	5	1	1	0	three	normal
f2-0986	measure	2	5	1	1	0	two	normal
f2-0987	measure	2	5	1	2	6	three	normal
f2-0988	measure	2	5	1	2	6	original	normal
f2-0989	measure	2	5	1	2	6	two	normal
f2-0990	measure	2	5	256	2	2	original	normal
f2-0991	measure	2	5	256	2	2	two	normal
f2-0992	measure	2	5	256	2	2	three	normal
f2-0993	measure	2	5	1	1	2	three	normal
f2-0994	measure	2	5	1	1	2	two	normal
f2-0995	measure	2	5	1	1	2	original	normal
f2-0996	measure	2	5	64	2	2	three	normal
f2-0997	measure	2	5	64	2	2	original	normal
f2-0998	measure	2	5	64	2	2	two	normal
f2-0999	measure	2	5	64	1	0	two	normal
f2-1000	measure	2	5	64	1	0	original	normal
f2-1001	measure	2	5	64	1	0	three	normal
f2-1002	measure	2	5	1	1	1	three	normal
f2-1003	measure	2	5	1	1	1	two	normal
f2-1004	measure	2	5	1	1	1	original	normal
f2-1005	measure	2	5	1	0	4	three	normal
f2-1006	measure	2	5	1	0	4	two	normal
f2-1007	measure	2	5	1	0	4	original	normal
f2-1008	measure	2	5	8	1	2	two	normal
f2-1009	measure	2	5	8	1	2	three	normal
f2-1010	measure	2	5	8	1	2	original	normal
f2-1011	measure	2	5	8	1	5	original	normal
f2-1012	measure	2	5	8	1	5	two	normal
f2-1013	measure	2	5	8	1	5	three	normal
f2-1014	measure	2	5	64	0	4	three	normal
f2-1015	measure	2	5	64	0	4	two	normal
f2-1016	measure	2	5	64	0	4	original	normal
f2-1017	measure	2	5	8	2	0	three	normal
f2-1018	measure	2	5	8	2	0	two	normal
f2-1019	measure	2	5	8	2	0	original	normal
f2-1020	measure	2	5	64	2	0	two	normal
f2-1021	measure	2	5	64	2	0	three	normal
f2-1022	measure	2	5	64	2	0	original	normal
f2-1023	measure	2	5	64	0	0	two	normal
f2-1024	measure	2	5	64	0	0	three	normal
f2-1025	measure	2	5	64	0	0	original	normal
f2-1026	measure	2	5	64	1	1	original	normal
f2-1027	measure	2	5	64	1	1	two	normal
f2-1028	measure	2	5	64	1	1	three	normal
f2-1029	measure	2	5	8	2	2	two	normal
f2-1030	measure	2	5	8	2	2	three	normal
f2-1031	measure	2	5	8	2	2	original	normal
f2-1032	measure	2	5	64	0	1	original	normal
f2-1033	measure	2	5	64	0	1	two	normal
f2-1034	measure	2	5	64	0	1	three	normal
f2-1035	measure	2	5	64	2	6	two	normal
f2-1036	measure	2	5	64	2	6	original	normal
f2-1037	measure	2	5	64	2	6	three	normal
f2-1038	measure	2	5	8	2	3	three	normal
f2-1039	measure	2	5	8	2	3	two	normal
f2-1040	measure	2	5	8	2	3	original	normal
f2-1041	measure	2	5	256	2	0	two	normal
f2-1042	measure	2	5	256	2	0	original	normal
f2-1043	measure	2	5	256	2	0	three	normal
f2-1044	measure	2	5	256	1	1	three	normal
f2-1045	measure	2	5	256	1	1	original	normal
f2-1046	measure	2	5	256	1	1	two	normal
f2-1047	measure	2	5	1	2	0	two	normal
f2-1048	measure	2	5	1	2	0	three	normal
f2-1049	measure	2	5	1	2	0	original	normal
f2-1050	measure	2	5	64	1	2	original	normal
f2-1051	measure	2	5	64	1	2	two	normal
f2-1052	measure	2	5	64	1	2	three	normal
f2-1053	measure	2	5	1	0	0	two	normal
f2-1054	measure	2	5	1	0	0	original	normal
f2-1055	measure	2	5	1	0	0	three	normal
f2-1056	measure	2	6	8	0	4	three	normal
f2-1057	measure	2	6	8	0	4	original	normal
f2-1058	measure	2	6	8	0	4	two	normal
f2-1059	measure	2	6	1	1	2	two	normal
f2-1060	measure	2	6	1	1	2	original	normal
f2-1061	measure	2	6	1	1	2	three	normal
f2-1062	measure	2	6	8	1	2	original	normal
f2-1063	measure	2	6	8	1	2	three	normal
f2-1064	measure	2	6	8	1	2	two	normal
f2-1065	measure	2	6	64	0	0	two	normal
f2-1066	measure	2	6	64	0	0	three	normal
f2-1067	measure	2	6	64	0	0	original	normal
f2-1068	measure	2	6	1	2	3	three	normal
f2-1069	measure	2	6	1	2	3	original	normal
f2-1070	measure	2	6	1	2	3	two	normal
f2-1071	measure	2	6	8	2	3	original	normal
f2-1072	measure	2	6	8	2	3	three	normal
f2-1073	measure	2	6	8	2	3	two	normal
f2-1074	measure	2	6	256	1	0	two	normal
f2-1075	measure	2	6	256	1	0	original	normal
f2-1076	measure	2	6	256	1	0	three	normal
f2-1077	measure	2	6	1	0	4	three	normal
f2-1078	measure	2	6	1	0	4	two	normal
f2-1079	measure	2	6	1	0	4	original	normal
f2-1080	measure	2	6	8	2	2	two	normal
f2-1081	measure	2	6	8	2	2	original	normal
f2-1082	measure	2	6	8	2	2	three	normal
f2-1083	measure	2	6	8	1	1	three	normal
f2-1084	measure	2	6	8	1	1	original	normal
f2-1085	measure	2	6	8	1	1	two	normal
f2-1086	measure	2	6	256	1	2	three	normal
f2-1087	measure	2	6	256	1	2	two	normal
f2-1088	measure	2	6	256	1	2	original	normal
f2-1089	measure	2	6	64	2	2	two	normal
f2-1090	measure	2	6	64	2	2	original	normal
f2-1091	measure	2	6	64	2	2	three	normal
f2-1092	measure	2	6	64	2	0	two	normal
f2-1093	measure	2	6	64	2	0	original	normal
f2-1094	measure	2	6	64	2	0	three	normal
f2-1095	measure	2	6	256	2	3	two	normal
f2-1096	measure	2	6	256	2	3	three	normal
f2-1097	measure	2	6	256	2	3	original	normal
f2-1098	measure	2	6	256	1	5	original	normal
f2-1099	measure	2	6	256	1	5	three	normal
f2-1100	measure	2	6	256	1	5	two	normal
f2-1101	measure	2	6	64	1	2	two	normal
f2-1102	measure	2	6	64	1	2	three	normal
f2-1103	measure	2	6	64	1	2	original	normal
f2-1104	measure	2	6	64	0	1	two	normal
f2-1105	measure	2	6	64	0	1	three	normal
f2-1106	measure	2	6	64	0	1	original	normal
f2-1107	measure	2	6	256	2	6	three	normal
f2-1108	measure	2	6	256	2	6	two	normal
f2-1109	measure	2	6	256	2	6	original	normal
f2-1110	measure	2	6	8	2	6	two	normal
f2-1111	measure	2	6	8	2	6	original	normal
f2-1112	measure	2	6	8	2	6	three	normal
f2-1113	measure	2	6	8	2	0	three	normal
f2-1114	measure	2	6	8	2	0	original	normal
f2-1115	measure	2	6	8	2	0	two	normal
f2-1116	measure	2	6	8	1	5	two	normal
f2-1117	measure	2	6	8	1	5	original	normal
f2-1118	measure	2	6	8	1	5	three	normal
f2-1119	measure	2	6	64	1	0	two	normal
f2-1120	measure	2	6	64	1	0	three	normal
f2-1121	measure	2	6	64	1	0	original	normal
f2-1122	measure	2	6	64	2	3	two	normal
f2-1123	measure	2	6	64	2	3	three	normal
f2-1124	measure	2	6	64	2	3	original	normal
f2-1125	measure	2	6	1	2	0	three	normal
f2-1126	measure	2	6	1	2	0	two	normal
f2-1127	measure	2	6	1	2	0	original	normal
f2-1128	measure	2	6	64	0	4	two	normal
f2-1129	measure	2	6	64	0	4	original	normal
f2-1130	measure	2	6	64	0	4	three	normal
f2-1131	measure	2	6	1	1	0	three	normal
f2-1132	measure	2	6	1	1	0	original	normal
f2-1133	measure	2	6	1	1	0	two	normal
f2-1134	measure	2	6	64	2	6	three	normal
f2-1135	measure	2	6	64	2	6	original	normal
f2-1136	measure	2	6	64	2	6	two	normal
f2-1137	measure	2	6	8	0	1	three	normal
f2-1138	measure	2	6	8	0	1	original	normal
f2-1139	measure	2	6	8	0	1	two	normal
f2-1140	measure	2	6	256	0	1	original	normal
f2-1141	measure	2	6	256	0	1	two	normal
f2-1142	measure	2	6	256	0	1	three	normal
f2-1143	measure	2	6	256	1	1	original	normal
f2-1144	measure	2	6	256	1	1	two	normal
f2-1145	measure	2	6	256	1	1	three	normal
f2-1146	measure	2	6	8	0	0	two	normal
f2-1147	measure	2	6	8	0	0	original	normal
f2-1148	measure	2	6	8	0	0	three	normal
f2-1149	measure	2	6	1	0	0	two	normal
f2-1150	measure	2	6	1	0	0	original	normal
f2-1151	measure	2	6	1	0	0	three	normal
f2-1152	measure	2	6	256	2	0	original	normal
f2-1153	measure	2	6	256	2	0	two	normal
f2-1154	measure	2	6	256	2	0	three	normal
f2-1155	measure	2	6	1	2	6	three	normal
f2-1156	measure	2	6	1	2	6	two	normal
f2-1157	measure	2	6	1	2	6	original	normal
f2-1158	measure	2	6	256	2	2	original	normal
f2-1159	measure	2	6	256	2	2	three	normal
f2-1160	measure	2	6	256	2	2	two	normal
f2-1161	measure	2	6	1	1	1	original	normal
f2-1162	measure	2	6	1	1	1	three	normal
f2-1163	measure	2	6	1	1	1	two	normal
f2-1164	measure	2	6	64	1	5	original	normal
f2-1165	measure	2	6	64	1	5	three	normal
f2-1166	measure	2	6	64	1	5	two	normal
f2-1167	measure	2	6	8	1	0	two	normal
f2-1168	measure	2	6	8	1	0	original	normal
f2-1169	measure	2	6	8	1	0	three	normal
f2-1170	measure	2	6	64	1	1	two	normal
f2-1171	measure	2	6	64	1	1	original	normal
f2-1172	measure	2	6	64	1	1	three	normal
f2-1173	measure	2	6	1	2	2	two	normal
f2-1174	measure	2	6	1	2	2	original	normal
f2-1175	measure	2	6	1	2	2	three	normal
f2-1176	measure	2	6	256	0	4	three	normal
f2-1177	measure	2	6	256	0	4	two	normal
f2-1178	measure	2	6	256	0	4	original	normal
f2-1179	measure	2	6	1	0	1	two	normal
f2-1180	measure	2	6	1	0	1	three	normal
f2-1181	measure	2	6	1	0	1	original	normal
f2-1182	measure	2	6	1	1	5	three	normal
f2-1183	measure	2	6	1	1	5	original	normal
f2-1184	measure	2	6	1	1	5	two	normal
f2-1185	measure	2	6	256	0	0	original	normal
f2-1186	measure	2	6	256	0	0	two	normal
f2-1187	measure	2	6	256	0	0	three	normal
f2-1188	measure	2	7	256	1	0	original	normal
f2-1189	measure	2	7	256	1	0	three	normal
f2-1190	measure	2	7	256	1	0	two	normal
f2-1191	measure	2	7	1	2	2	two	normal
f2-1192	measure	2	7	1	2	2	three	normal
f2-1193	measure	2	7	1	2	2	original	normal
f2-1194	measure	2	7	8	0	0	three	normal
f2-1195	measure	2	7	8	0	0	original	normal
f2-1196	measure	2	7	8	0	0	two	normal
f2-1197	measure	2	7	64	0	4	original	normal
f2-1198	measure	2	7	64	0	4	three	normal
f2-1199	measure	2	7	64	0	4	two	normal
f2-1200	measure	2	7	64	2	6	three	normal
f2-1201	measure	2	7	64	2	6	original	normal
f2-1202	measure	2	7	64	2	6	two	normal
f2-1203	measure	2	7	64	0	1	three	normal
f2-1204	measure	2	7	64	0	1	original	normal
f2-1205	measure	2	7	64	0	1	two	normal
f2-1206	measure	2	7	64	1	5	original	normal
f2-1207	measure	2	7	64	1	5	two	normal
f2-1208	measure	2	7	64	1	5	three	normal
f2-1209	measure	2	7	8	2	6	two	normal
f2-1210	measure	2	7	8	2	6	three	normal
f2-1211	measure	2	7	8	2	6	original	normal
f2-1212	measure	2	7	8	0	1	two	normal
f2-1213	measure	2	7	8	0	1	original	normal
f2-1214	measure	2	7	8	0	1	three	normal
f2-1215	measure	2	7	256	0	0	original	normal
f2-1216	measure	2	7	256	0	0	two	normal
f2-1217	measure	2	7	256	0	0	three	normal
f2-1218	measure	2	7	256	1	1	two	normal
f2-1219	measure	2	7	256	1	1	three	normal
f2-1220	measure	2	7	256	1	1	original	normal
f2-1221	measure	2	7	8	1	0	two	normal
f2-1222	measure	2	7	8	1	0	original	normal
f2-1223	measure	2	7	8	1	0	three	normal
f2-1224	measure	2	7	1	2	3	two	normal
f2-1225	measure	2	7	1	2	3	three	normal
f2-1226	measure	2	7	1	2	3	original	normal
f2-1227	measure	2	7	64	1	1	three	normal
f2-1228	measure	2	7	64	1	1	two	normal
f2-1229	measure	2	7	64	1	1	original	normal
f2-1230	measure	2	7	64	2	0	three	normal
f2-1231	measure	2	7	64	2	0	two	normal
f2-1232	measure	2	7	64	2	0	original	normal
f2-1233	measure	2	7	1	2	6	three	normal
f2-1234	measure	2	7	1	2	6	two	normal
f2-1235	measure	2	7	1	2	6	original	normal
f2-1236	measure	2	7	256	2	3	original	normal
f2-1237	measure	2	7	256	2	3	two	normal
f2-1238	measure	2	7	256	2	3	three	normal
f2-1239	measure	2	7	8	1	1	original	normal
f2-1240	measure	2	7	8	1	1	two	normal
f2-1241	measure	2	7	8	1	1	three	normal
f2-1242	measure	2	7	1	1	5	three	normal
f2-1243	measure	2	7	1	1	5	two	normal
f2-1244	measure	2	7	1	1	5	original	normal
f2-1245	measure	2	7	256	2	0	original	normal
f2-1246	measure	2	7	256	2	0	three	normal
f2-1247	measure	2	7	256	2	0	two	normal
f2-1248	measure	2	7	1	2	0	original	normal
f2-1249	measure	2	7	1	2	0	two	normal
f2-1250	measure	2	7	1	2	0	three	normal
f2-1251	measure	2	7	8	0	4	two	normal
f2-1252	measure	2	7	8	0	4	three	normal
f2-1253	measure	2	7	8	0	4	original	normal
f2-1254	measure	2	7	1	1	2	two	normal
f2-1255	measure	2	7	1	1	2	three	normal
f2-1256	measure	2	7	1	1	2	original	normal
f2-1257	measure	2	7	64	2	3	original	normal
f2-1258	measure	2	7	64	2	3	two	normal
f2-1259	measure	2	7	64	2	3	three	normal
f2-1260	measure	2	7	256	2	6	two	normal
f2-1261	measure	2	7	256	2	6	original	normal
f2-1262	measure	2	7	256	2	6	three	normal
f2-1263	measure	2	7	8	1	5	three	normal
f2-1264	measure	2	7	8	1	5	original	normal
f2-1265	measure	2	7	8	1	5	two	normal
f2-1266	measure	2	7	8	2	2	three	normal
f2-1267	measure	2	7	8	2	2	two	normal
f2-1268	measure	2	7	8	2	2	original	normal
f2-1269	measure	2	7	256	1	2	two	normal
f2-1270	measure	2	7	256	1	2	three	normal
f2-1271	measure	2	7	256	1	2	original	normal
f2-1272	measure	2	7	256	2	2	three	normal
f2-1273	measure	2	7	256	2	2	original	normal
f2-1274	measure	2	7	256	2	2	two	normal
f2-1275	measure	2	7	64	1	0	three	normal
f2-1276	measure	2	7	64	1	0	original	normal
f2-1277	measure	2	7	64	1	0	two	normal
f2-1278	measure	2	7	1	0	1	original	normal
f2-1279	measure	2	7	1	0	1	three	normal
f2-1280	measure	2	7	1	0	1	two	normal
f2-1281	measure	2	7	8	2	0	two	normal
f2-1282	measure	2	7	8	2	0	original	normal
f2-1283	measure	2	7	8	2	0	three	normal
f2-1284	measure	2	7	64	1	2	original	normal
f2-1285	measure	2	7	64	1	2	two	normal
f2-1286	measure	2	7	64	1	2	three	normal
f2-1287	measure	2	7	64	2	2	original	normal
f2-1288	measure	2	7	64	2	2	two	normal
f2-1289	measure	2	7	64	2	2	three	normal
f2-1290	measure	2	7	256	0	1	original	normal
f2-1291	measure	2	7	256	0	1	two	normal
f2-1292	measure	2	7	256	0	1	three	normal
f2-1293	measure	2	7	1	0	0	three	normal
f2-1294	measure	2	7	1	0	0	two	normal
f2-1295	measure	2	7	1	0	0	original	normal
f2-1296	measure	2	7	1	1	0	original	normal
f2-1297	measure	2	7	1	1	0	two	normal
f2-1298	measure	2	7	1	1	0	three	normal
f2-1299	measure	2	7	8	2	3	three	normal
f2-1300	measure	2	7	8	2	3	original	normal
f2-1301	measure	2	7	8	2	3	two	normal
f2-1302	measure	2	7	64	0	0	original	normal
f2-1303	measure	2	7	64	0	0	three	normal
f2-1304	measure	2	7	64	0	0	two	normal
f2-1305	measure	2	7	256	1	5	original	normal
f2-1306	measure	2	7	256	1	5	three	normal
f2-1307	measure	2	7	256	1	5	two	normal
f2-1308	measure	2	7	1	0	4	two	normal
f2-1309	measure	2	7	1	0	4	three	normal
f2-1310	measure	2	7	1	0	4	original	normal
f2-1311	measure	2	7	8	1	2	original	normal
f2-1312	measure	2	7	8	1	2	three	normal
f2-1313	measure	2	7	8	1	2	two	normal
f2-1314	measure	2	7	256	0	4	three	normal
f2-1315	measure	2	7	256	0	4	two	normal
f2-1316	measure	2	7	256	0	4	original	normal
f2-1317	measure	2	7	1	1	1	three	normal
f2-1318	measure	2	7	1	1	1	original	normal
f2-1319	measure	2	7	1	1	1	two	normal
f2-1320	measure	2	8	1	2	2	three	normal
f2-1321	measure	2	8	1	2	2	two	normal
f2-1322	measure	2	8	1	2	2	original	normal
f2-1323	measure	2	8	256	0	4	three	normal
f2-1324	measure	2	8	256	0	4	two	normal
f2-1325	measure	2	8	256	0	4	original	normal
f2-1326	measure	2	8	8	1	0	original	normal
f2-1327	measure	2	8	8	1	0	two	normal
f2-1328	measure	2	8	8	1	0	three	normal
f2-1329	measure	2	8	64	0	4	two	normal
f2-1330	measure	2	8	64	0	4	three	normal
f2-1331	measure	2	8	64	0	4	original	normal
f2-1332	measure	2	8	64	2	3	two	normal
f2-1333	measure	2	8	64	2	3	three	normal
f2-1334	measure	2	8	64	2	3	original	normal
f2-1335	measure	2	8	1	0	0	three	normal
f2-1336	measure	2	8	1	0	0	original	normal
f2-1337	measure	2	8	1	0	0	two	normal
f2-1338	measure	2	8	1	2	3	three	normal
f2-1339	measure	2	8	1	2	3	two	normal
f2-1340	measure	2	8	1	2	3	original	normal
f2-1341	measure	2	8	64	1	2	original	normal
f2-1342	measure	2	8	64	1	2	three	normal
f2-1343	measure	2	8	64	1	2	two	normal
f2-1344	measure	2	8	8	2	3	original	normal
f2-1345	measure	2	8	8	2	3	three	normal
f2-1346	measure	2	8	8	2	3	two	normal
f2-1347	measure	2	8	64	0	1	original	normal
f2-1348	measure	2	8	64	0	1	three	normal
f2-1349	measure	2	8	64	0	1	two	normal
f2-1350	measure	2	8	256	1	1	three	normal
f2-1351	measure	2	8	256	1	1	original	normal
f2-1352	measure	2	8	256	1	1	two	normal
f2-1353	measure	2	8	64	1	1	three	normal
f2-1354	measure	2	8	64	1	1	two	normal
f2-1355	measure	2	8	64	1	1	original	normal
f2-1356	measure	2	8	64	1	0	two	normal
f2-1357	measure	2	8	64	1	0	three	normal
f2-1358	measure	2	8	64	1	0	original	normal
f2-1359	measure	2	8	1	1	0	original	normal
f2-1360	measure	2	8	1	1	0	two	normal
f2-1361	measure	2	8	1	1	0	three	normal
f2-1362	measure	2	8	1	0	4	three	normal
f2-1363	measure	2	8	1	0	4	original	normal
f2-1364	measure	2	8	1	0	4	two	normal
f2-1365	measure	2	8	256	0	0	original	normal
f2-1366	measure	2	8	256	0	0	three	normal
f2-1367	measure	2	8	256	0	0	two	normal
f2-1368	measure	2	8	1	2	0	two	normal
f2-1369	measure	2	8	1	2	0	three	normal
f2-1370	measure	2	8	1	2	0	original	normal
f2-1371	measure	2	8	8	0	0	three	normal
f2-1372	measure	2	8	8	0	0	two	normal
f2-1373	measure	2	8	8	0	0	original	normal
f2-1374	measure	2	8	8	0	1	three	normal
f2-1375	measure	2	8	8	0	1	two	normal
f2-1376	measure	2	8	8	0	1	original	normal
f2-1377	measure	2	8	8	1	5	three	normal
f2-1378	measure	2	8	8	1	5	original	normal
f2-1379	measure	2	8	8	1	5	two	normal
f2-1380	measure	2	8	8	1	1	three	normal
f2-1381	measure	2	8	8	1	1	two	normal
f2-1382	measure	2	8	8	1	1	original	normal
f2-1383	measure	2	8	256	1	0	three	normal
f2-1384	measure	2	8	256	1	0	two	normal
f2-1385	measure	2	8	256	1	0	original	normal
f2-1386	measure	2	8	64	1	5	two	normal
f2-1387	measure	2	8	64	1	5	original	normal
f2-1388	measure	2	8	64	1	5	three	normal
f2-1389	measure	2	8	256	2	2	two	normal
f2-1390	measure	2	8	256	2	2	original	normal
f2-1391	measure	2	8	256	2	2	three	normal
f2-1392	measure	2	8	1	1	2	three	normal
f2-1393	measure	2	8	1	1	2	original	normal
f2-1394	measure	2	8	1	1	2	two	normal
f2-1395	measure	2	8	8	2	0	two	normal
f2-1396	measure	2	8	8	2	0	original	normal
f2-1397	measure	2	8	8	2	0	three	normal
f2-1398	measure	2	8	64	2	0	original	normal
f2-1399	measure	2	8	64	2	0	two	normal
f2-1400	measure	2	8	64	2	0	three	normal
f2-1401	measure	2	8	1	1	1	three	normal
f2-1402	measure	2	8	1	1	1	original	normal
f2-1403	measure	2	8	1	1	1	two	normal
f2-1404	measure	2	8	1	1	5	three	normal
f2-1405	measure	2	8	1	1	5	two	normal
f2-1406	measure	2	8	1	1	5	original	normal
f2-1407	measure	2	8	256	1	5	three	normal
f2-1408	measure	2	8	256	1	5	two	normal
f2-1409	measure	2	8	256	1	5	original	normal
f2-1410	measure	2	8	8	2	6	original	normal
f2-1411	measure	2	8	8	2	6	two	normal
f2-1412	measure	2	8	8	2	6	three	normal
f2-1413	measure	2	8	256	0	1	three	normal
f2-1414	measure	2	8	256	0	1	two	normal
f2-1415	measure	2	8	256	0	1	original	normal
f2-1416	measure	2	8	64	2	2	two	normal
f2-1417	measure	2	8	64	2	2	three	normal
f2-1418	measure	2	8	64	2	2	original	normal
f2-1419	measure	2	8	64	2	6	original	normal
f2-1420	measure	2	8	64	2	6	two	normal
f2-1421	measure	2	8	64	2	6	three	normal
f2-1422	measure	2	8	256	2	3	two	normal
f2-1423	measure	2	8	256	2	3	three	normal
f2-1424	measure	2	8	256	2	3	original	normal
f2-1425	measure	2	8	64	0	0	original	normal
f2-1426	measure	2	8	64	0	0	three	normal
f2-1427	measure	2	8	64	0	0	two	normal
f2-1428	measure	2	8	256	1	2	original	normal
f2-1429	measure	2	8	256	1	2	two	normal
f2-1430	measure	2	8	256	1	2	three	normal
f2-1431	measure	2	8	8	1	2	three	normal
f2-1432	measure	2	8	8	1	2	original	normal
f2-1433	measure	2	8	8	1	2	two	normal
f2-1434	measure	2	8	8	2	2	two	normal
f2-1435	measure	2	8	8	2	2	three	normal
f2-1436	measure	2	8	8	2	2	original	normal
f2-1437	measure	2	8	8	0	4	original	normal
f2-1438	measure	2	8	8	0	4	three	normal
f2-1439	measure	2	8	8	0	4	two	normal
f2-1440	measure	2	8	256	2	6	three	normal
f2-1441	measure	2	8	256	2	6	original	normal
f2-1442	measure	2	8	256	2	6	two	normal
f2-1443	measure	2	8	1	2	6	three	normal
f2-1444	measure	2	8	1	2	6	two	normal
f2-1445	measure	2	8	1	2	6	original	normal
f2-1446	measure	2	8	256	2	0	original	normal
f2-1447	measure	2	8	256	2	0	two	normal
f2-1448	measure	2	8	256	2	0	three	normal
f2-1449	measure	2	8	1	0	1	two	normal
f2-1450	measure	2	8	1	0	1	three	normal
f2-1451	measure	2	8	1	0	1	original	normal
f2-1452	measure	2	9	1	0	1	three	normal
f2-1453	measure	2	9	1	0	1	two	normal
f2-1454	measure	2	9	1	0	1	original	normal
f2-1455	measure	2	9	1	1	5	three	normal
f2-1456	measure	2	9	1	1	5	original	normal
f2-1457	measure	2	9	1	1	5	two	normal
f2-1458	measure	2	9	8	0	1	three	normal
f2-1459	measure	2	9	8	0	1	original	normal
f2-1460	measure	2	9	8	0	1	two	normal
f2-1461	measure	2	9	64	2	3	original	normal
f2-1462	measure	2	9	64	2	3	two	normal
f2-1463	measure	2	9	64	2	3	three	normal
f2-1464	measure	2	9	8	2	2	three	normal
f2-1465	measure	2	9	8	2	2	two	normal
f2-1466	measure	2	9	8	2	2	original	normal
f2-1467	measure	2	9	64	1	2	original	normal
f2-1468	measure	2	9	64	1	2	two	normal
f2-1469	measure	2	9	64	1	2	three	normal
f2-1470	measure	2	9	1	2	0	original	normal
f2-1471	measure	2	9	1	2	0	three	normal
f2-1472	measure	2	9	1	2	0	two	normal
f2-1473	measure	2	9	64	2	0	three	normal
f2-1474	measure	2	9	64	2	0	original	normal
f2-1475	measure	2	9	64	2	0	two	normal
f2-1476	measure	2	9	256	1	1	three	normal
f2-1477	measure	2	9	256	1	1	original	normal
f2-1478	measure	2	9	256	1	1	two	normal
f2-1479	measure	2	9	256	1	5	original	normal
f2-1480	measure	2	9	256	1	5	three	normal
f2-1481	measure	2	9	256	1	5	two	normal
f2-1482	measure	2	9	8	1	2	two	normal
f2-1483	measure	2	9	8	1	2	original	normal
f2-1484	measure	2	9	8	1	2	three	normal
f2-1485	measure	2	9	1	2	2	three	normal
f2-1486	measure	2	9	1	2	2	original	normal
f2-1487	measure	2	9	1	2	2	two	normal
f2-1488	measure	2	9	8	2	6	two	normal
f2-1489	measure	2	9	8	2	6	original	normal
f2-1490	measure	2	9	8	2	6	three	normal
f2-1491	measure	2	9	64	1	0	three	normal
f2-1492	measure	2	9	64	1	0	two	normal
f2-1493	measure	2	9	64	1	0	original	normal
f2-1494	measure	2	9	256	1	0	two	normal
f2-1495	measure	2	9	256	1	0	three	normal
f2-1496	measure	2	9	256	1	0	original	normal
f2-1497	measure	2	9	256	2	2	two	normal
f2-1498	measure	2	9	256	2	2	original	normal
f2-1499	measure	2	9	256	2	2	three	normal
f2-1500	measure	2	9	64	0	4	three	normal
f2-1501	measure	2	9	64	0	4	original	normal
f2-1502	measure	2	9	64	0	4	two	normal
f2-1503	measure	2	9	64	0	0	two	normal
f2-1504	measure	2	9	64	0	0	original	normal
f2-1505	measure	2	9	64	0	0	three	normal
f2-1506	measure	2	9	64	0	1	original	normal
f2-1507	measure	2	9	64	0	1	three	normal
f2-1508	measure	2	9	64	0	1	two	normal
f2-1509	measure	2	9	8	2	0	three	normal
f2-1510	measure	2	9	8	2	0	two	normal
f2-1511	measure	2	9	8	2	0	original	normal
f2-1512	measure	2	9	1	1	0	original	normal
f2-1513	measure	2	9	1	1	0	three	normal
f2-1514	measure	2	9	1	1	0	two	normal
f2-1515	measure	2	9	8	2	3	two	normal
f2-1516	measure	2	9	8	2	3	original	normal
f2-1517	measure	2	9	8	2	3	three	normal
f2-1518	measure	2	9	256	1	2	original	normal
f2-1519	measure	2	9	256	1	2	three	normal
f2-1520	measure	2	9	256	1	2	two	normal
f2-1521	measure	2	9	8	1	5	original	normal
f2-1522	measure	2	9	8	1	5	two	normal
f2-1523	measure	2	9	8	1	5	three	normal
f2-1524	measure	2	9	1	0	0	two	normal
f2-1525	measure	2	9	1	0	0	three	normal
f2-1526	measure	2	9	1	0	0	original	normal
f2-1527	measure	2	9	8	1	1	original	normal
f2-1528	measure	2	9	8	1	1	three	normal
f2-1529	measure	2	9	8	1	1	two	normal
f2-1530	measure	2	9	1	1	2	three	normal
f2-1531	measure	2	9	1	1	2	original	normal
f2-1532	measure	2	9	1	1	2	two	normal
f2-1533	measure	2	9	8	0	0	three	normal
f2-1534	measure	2	9	8	0	0	two	normal
f2-1535	measure	2	9	8	0	0	original	normal
f2-1536	measure	2	9	1	2	3	two	normal
f2-1537	measure	2	9	1	2	3	three	normal
f2-1538	measure	2	9	1	2	3	original	normal
f2-1539	measure	2	9	256	2	0	three	normal
f2-1540	measure	2	9	256	2	0	original	normal
f2-1541	measure	2	9	256	2	0	two	normal
f2-1542	measure	2	9	256	0	1	three	normal
f2-1543	measure	2	9	256	0	1	two	normal
f2-1544	measure	2	9	256	0	1	original	normal
f2-1545	measure	2	9	256	2	6	three	normal
f2-1546	measure	2	9	256	2	6	original	normal
f2-1547	measure	2	9	256	2	6	two	normal
f2-1548	measure	2	9	64	2	2	original	normal
f2-1549	measure	2	9	64	2	2	two	normal
f2-1550	measure	2	9	64	2	2	three	normal
f2-1551	measure	2	9	8	1	0	two	normal
f2-1552	measure	2	9	8	1	0	three	normal
f2-1553	measure	2	9	8	1	0	original	normal
f2-1554	measure	2	9	256	2	3	three	normal
f2-1555	measure	2	9	256	2	3	two	normal
f2-1556	measure	2	9	256	2	3	original	normal
f2-1557	measure	2	9	256	0	4	three	normal
f2-1558	measure	2	9	256	0	4	original	normal
f2-1559	measure	2	9	256	0	4	two	normal
f2-1560	measure	2	9	256	0	0	three	normal
f2-1561	measure	2	9	256	0	0	original	normal
f2-1562	measure	2	9	256	0	0	two	normal
f2-1563	measure	2	9	1	2	6	two	normal
f2-1564	measure	2	9	1	2	6	three	normal
f2-1565	measure	2	9	1	2	6	original	normal
f2-1566	measure	2	9	64	1	5	two	normal
f2-1567	measure	2	9	64	1	5	three	normal
f2-1568	measure	2	9	64	1	5	original	normal
f2-1569	measure	2	9	64	1	1	three	normal
f2-1570	measure	2	9	64	1	1	original	normal
f2-1571	measure	2	9	64	1	1	two	normal
f2-1572	measure	2	9	1	0	4	three	normal
f2-1573	measure	2	9	1	0	4	two	normal
f2-1574	measure	2	9	1	0	4	original	normal
f2-1575	measure	2	9	1	1	1	two	normal
f2-1576	measure	2	9	1	1	1	three	normal
f2-1577	measure	2	9	1	1	1	original	normal
f2-1578	measure	2	9	64	2	6	original	normal
f2-1579	measure	2	9	64	2	6	three	normal
f2-1580	measure	2	9	64	2	6	two	normal
f2-1581	measure	2	9	8	0	4	original	normal
f2-1582	measure	2	9	8	0	4	three	normal
f2-1583	measure	2	9	8	0	4	two	normal
