common-two-chain-k0-scalar_three	1,2	1,2	0,0	0,0	0,0	0,1	table_common-two-chain-k0-scalar_three.tsv	scalar_three
common-two-chain-k0-scalar_two_protect	1,2	1,2	0,0	0,0	0,0	0,1	table_common-two-chain-k0-scalar_two_protect.tsv	scalar_two_protect
common-two-chain-k0-scalar_two_fast	1,2	1,2	0,0	0,0	0,0	0,1	table_common-two-chain-k0-scalar_two_fast.tsv	scalar_two_fast
common-two-chain-k0-qn_three	1,2	1,2	0,0	0,0	0,0	0,1	table_common-two-chain-k0-qn_three.tsv	qn_three
common-two-chain-k0-cached_all	1,2	1,2	0,0	0,0	0,0	0,1	table_common-two-chain-k0-cached_all.tsv	cached_all
common-two-chain-k0-protected_all	1,2	1,2	0,0	0,0	0,0	0,1	table_common-two-chain-k0-protected_all.tsv	protected_all
common-two-chain-k2-scalar_three	1,2	1,2	0,0	2,2	2,2	0,1	table_common-two-chain-k2-scalar_three.tsv	scalar_three
common-two-chain-k2-scalar_two_protect	1,2	1,2	0,0	2,2	2,2	0,1	table_common-two-chain-k2-scalar_two_protect.tsv	scalar_two_protect
common-two-chain-k2-scalar_two_fast	1,2	1,2	0,0	2,2	2,2	0,1	table_common-two-chain-k2-scalar_two_fast.tsv	scalar_two_fast
common-two-chain-k2-qn_three	1,2	1,2	0,0	2,2	2,2	0,1	table_common-two-chain-k2-qn_three.tsv	qn_three
common-two-chain-k2-cached_all	1,2	1,2	0,0	2,2	2,2	0,1	table_common-two-chain-k2-cached_all.tsv	cached_all
common-two-chain-k2-protected_all	1,2	1,2	0,0	2,2	2,2	0,1	table_common-two-chain-k2-protected_all.tsv	protected_all
equal-two-independent-k0-scalar_three	1,1	1,1	0,0	0,0	0,0	0,0	table_equal-two-independent-k0-scalar_three.tsv	scalar_three
equal-two-independent-k0-scalar_two_protect	1,1	1,1	0,0	0,0	0,0	0,0	table_equal-two-independent-k0-scalar_two_protect.tsv	scalar_two_protect
equal-two-independent-k0-scalar_two_fast	1,1	1,1	0,0	0,0	0,0	0,0	table_equal-two-independent-k0-scalar_two_fast.tsv	scalar_two_fast
equal-two-independent-k0-qn_three	1,1	1,1	0,0	0,0	0,0	0,0	table_equal-two-independent-k0-qn_three.tsv	qn_three
equal-two-independent-k0-cached_all	1,1	1,1	0,0	0,0	0,0	0,0	table_equal-two-independent-k0-cached_all.tsv	cached_all
equal-two-independent-k0-protected_all	1,1	1,1	0,0	0,0	0,0	0,0	table_equal-two-independent-k0-protected_all.tsv	protected_all
equal-two-independent-k2-scalar_three	1,1	1,1	0,0	2,2	2,2	0,0	table_equal-two-independent-k2-scalar_three.tsv	scalar_three
equal-two-independent-k2-scalar_two_protect	1,1	1,1	0,0	2,2	2,2	0,0	table_equal-two-independent-k2-scalar_two_protect.tsv	scalar_two_protect
equal-two-independent-k2-scalar_two_fast	1,1	1,1	0,0	2,2	2,2	0,0	table_equal-two-independent-k2-scalar_two_fast.tsv	scalar_two_fast
equal-two-independent-k2-qn_three	1,1	1,1	0,0	2,2	2,2	0,0	table_equal-two-independent-k2-qn_three.tsv	qn_three
equal-two-independent-k2-cached_all	1,1	1,1	0,0	2,2	2,2	0,0	table_equal-two-independent-k2-cached_all.tsv	cached_all
equal-two-independent-k2-protected_all	1,1	1,1	0,0	2,2	2,2	0,0	table_equal-two-independent-k2-protected_all.tsv	protected_all
three-independent-k0-scalar_three	1,2,3	1,2,3	0,0,0	0,0,0	0,0,0	0,0,0	table_three-independent-k0-scalar_three.tsv	scalar_three
three-independent-k0-scalar_two_protect	1,2,3	1,2,3	0,0,0	0,0,0	0,0,0	0,0,0	table_three-independent-k0-scalar_two_protect.tsv	scalar_two_protect
three-independent-k0-scalar_two_fast	1,2,3	1,2,3	0,0,0	0,0,0	0,0,0	0,0,0	table_three-independent-k0-scalar_two_fast.tsv	scalar_two_fast
three-independent-k0-qn_three	1,2,3	1,2,3	0,0,0	0,0,0	0,0,0	0,0,0	table_three-independent-k0-qn_three.tsv	qn_three
three-independent-k0-cached_all	1,2,3	1,2,3	0,0,0	0,0,0	0,0,0	0,0,0	table_three-independent-k0-cached_all.tsv	cached_all
three-independent-k0-protected_all	1,2,3	1,2,3	0,0,0	0,0,0	0,0,0	0,0,0	table_three-independent-k0-protected_all.tsv	protected_all
three-independent-k2-scalar_three	1,2,3	1,2,3	0,0,0	2,2,2	2,2,2	0,0,0	table_three-independent-k2-scalar_three.tsv	scalar_three
three-independent-k2-scalar_two_protect	1,2,3	1,2,3	0,0,0	2,2,2	2,2,2	0,0,0	table_three-independent-k2-scalar_two_protect.tsv	scalar_two_protect
three-independent-k2-scalar_two_fast	1,2,3	1,2,3	0,0,0	2,2,2	2,2,2	0,0,0	table_three-independent-k2-scalar_two_fast.tsv	scalar_two_fast
three-independent-k2-qn_three	1,2,3	1,2,3	0,0,0	2,2,2	2,2,2	0,0,0	table_three-independent-k2-qn_three.tsv	qn_three
three-independent-k2-cached_all	1,2,3	1,2,3	0,0,0	2,2,2	2,2,2	0,0,0	table_three-independent-k2-cached_all.tsv	cached_all
three-independent-k2-protected_all	1,2,3	1,2,3	0,0,0	2,2,2	2,2,2	0,0,0	table_three-independent-k2-protected_all.tsv	protected_all
three-chain-k0-scalar_three	1,2,3	1,2,3	0,0,0	0,0,0	0,0,0	0,1,2	table_three-chain-k0-scalar_three.tsv	scalar_three
three-chain-k0-scalar_two_protect	1,2,3	1,2,3	0,0,0	0,0,0	0,0,0	0,1,2	table_three-chain-k0-scalar_two_protect.tsv	scalar_two_protect
three-chain-k0-scalar_two_fast	1,2,3	1,2,3	0,0,0	0,0,0	0,0,0	0,1,2	table_three-chain-k0-scalar_two_fast.tsv	scalar_two_fast
three-chain-k0-qn_three	1,2,3	1,2,3	0,0,0	0,0,0	0,0,0	0,1,2	table_three-chain-k0-qn_three.tsv	qn_three
three-chain-k0-cached_all	1,2,3	1,2,3	0,0,0	0,0,0	0,0,0	0,1,2	table_three-chain-k0-cached_all.tsv	cached_all
three-chain-k0-protected_all	1,2,3	1,2,3	0,0,0	0,0,0	0,0,0	0,1,2	table_three-chain-k0-protected_all.tsv	protected_all
three-chain-k2-scalar_three	1,2,3	1,2,3	0,0,0	2,2,2	2,2,2	0,1,2	table_three-chain-k2-scalar_three.tsv	scalar_three
three-chain-k2-scalar_two_protect	1,2,3	1,2,3	0,0,0	2,2,2	2,2,2	0,1,2	table_three-chain-k2-scalar_two_protect.tsv	scalar_two_protect
three-chain-k2-scalar_two_fast	1,2,3	1,2,3	0,0,0	2,2,2	2,2,2	0,1,2	table_three-chain-k2-scalar_two_fast.tsv	scalar_two_fast
three-chain-k2-qn_three	1,2,3	1,2,3	0,0,0	2,2,2	2,2,2	0,1,2	table_three-chain-k2-qn_three.tsv	qn_three
three-chain-k2-cached_all	1,2,3	1,2,3	0,0,0	2,2,2	2,2,2	0,1,2	table_three-chain-k2-cached_all.tsv	cached_all
three-chain-k2-protected_all	1,2,3	1,2,3	0,0,0	2,2,2	2,2,2	0,1,2	table_three-chain-k2-protected_all.tsv	protected_all
five-independent-k0-scalar_three	1,2,3,4,5	1,2,3,4,5	0,0,0,0,0	0,0,0,0,0	0,0,0,0,0	0,0,0,0,0	table_five-independent-k0-scalar_three.tsv	scalar_three
five-independent-k0-scalar_two_protect	1,2,3,4,5	1,2,3,4,5	0,0,0,0,0	0,0,0,0,0	0,0,0,0,0	0,0,0,0,0	table_five-independent-k0-scalar_two_protect.tsv	scalar_two_protect
five-independent-k0-scalar_two_fast	1,2,3,4,5	1,2,3,4,5	0,0,0,0,0	0,0,0,0,0	0,0,0,0,0	0,0,0,0,0	table_five-independent-k0-scalar_two_fast.tsv	scalar_two_fast
five-independent-k0-qn_three	1,2,3,4,5	1,2,3,4,5	0,0,0,0,0	0,0,0,0,0	0,0,0,0,0	0,0,0,0,0	table_five-independent-k0-qn_three.tsv	qn_three
five-independent-k0-cached_all	1,2,3,4,5	1,2,3,4,5	0,0,0,0,0	0,0,0,0,0	0,0,0,0,0	0,0,0,0,0	table_five-independent-k0-cached_all.tsv	cached_all
five-independent-k0-protected_all	1,2,3,4,5	1,2,3,4,5	0,0,0,0,0	0,0,0,0,0	0,0,0,0,0	0,0,0,0,0	table_five-independent-k0-protected_all.tsv	protected_all
five-independent-k2-scalar_three	1,2,3,4,5	1,2,3,4,5	0,0,0,0,0	2,2,2,2,2	2,2,2,2,2	0,0,0,0,0	table_five-independent-k2-scalar_three.tsv	scalar_three
five-independent-k2-scalar_two_protect	1,2,3,4,5	1,2,3,4,5	0,0,0,0,0	2,2,2,2,2	2,2,2,2,2	0,0,0,0,0	table_five-independent-k2-scalar_two_protect.tsv	scalar_two_protect
five-independent-k2-scalar_two_fast	1,2,3,4,5	1,2,3,4,5	0,0,0,0,0	2,2,2,2,2	2,2,2,2,2	0,0,0,0,0	table_five-independent-k2-scalar_two_fast.tsv	scalar_two_fast
five-independent-k2-qn_three	1,2,3,4,5	1,2,3,4,5	0,0,0,0,0	2,2,2,2,2	2,2,2,2,2	0,0,0,0,0	table_five-independent-k2-qn_three.tsv	qn_three
five-independent-k2-cached_all	1,2,3,4,5	1,2,3,4,5	0,0,0,0,0	2,2,2,2,2	2,2,2,2,2	0,0,0,0,0	table_five-independent-k2-cached_all.tsv	cached_all
five-independent-k2-protected_all	1,2,3,4,5	1,2,3,4,5	0,0,0,0,0	2,2,2,2,2	2,2,2,2,2	0,0,0,0,0	table_five-independent-k2-protected_all.tsv	protected_all
five-chain-k0-scalar_three	1,2,3,4,5	1,2,3,4,5	0,0,0,0,0	0,0,0,0,0	0,0,0,0,0	0,1,2,4,8	table_five-chain-k0-scalar_three.tsv	scalar_three
five-chain-k0-scalar_two_protect	1,2,3,4,5	1,2,3,4,5	0,0,0,0,0	0,0,0,0,0	0,0,0,0,0	0,1,2,4,8	table_five-chain-k0-scalar_two_protect.tsv	scalar_two_protect
five-chain-k0-scalar_two_fast	1,2,3,4,5	1,2,3,4,5	0,0,0,0,0	0,0,0,0,0	0,0,0,0,0	0,1,2,4,8	table_five-chain-k0-scalar_two_fast.tsv	scalar_two_fast
five-chain-k0-qn_three	1,2,3,4,5	1,2,3,4,5	0,0,0,0,0	0,0,0,0,0	0,0,0,0,0	0,1,2,4,8	table_five-chain-k0-qn_three.tsv	qn_three
five-chain-k0-cached_all	1,2,3,4,5	1,2,3,4,5	0,0,0,0,0	0,0,0,0,0	0,0,0,0,0	0,1,2,4,8	table_five-chain-k0-cached_all.tsv	cached_all
five-chain-k0-protected_all	1,2,3,4,5	1,2,3,4,5	0,0,0,0,0	0,0,0,0,0	0,0,0,0,0	0,1,2,4,8	table_five-chain-k0-protected_all.tsv	protected_all
five-chain-k2-scalar_three	1,2,3,4,5	1,2,3,4,5	0,0,0,0,0	2,2,2,2,2	2,2,2,2,2	0,1,2,4,8	table_five-chain-k2-scalar_three.tsv	scalar_three
five-chain-k2-scalar_two_protect	1,2,3,4,5	1,2,3,4,5	0,0,0,0,0	2,2,2,2,2	2,2,2,2,2	0,1,2,4,8	table_five-chain-k2-scalar_two_protect.tsv	scalar_two_protect
five-chain-k2-scalar_two_fast	1,2,3,4,5	1,2,3,4,5	0,0,0,0,0	2,2,2,2,2	2,2,2,2,2	0,1,2,4,8	table_five-chain-k2-scalar_two_fast.tsv	scalar_two_fast
five-chain-k2-qn_three	1,2,3,4,5	1,2,3,4,5	0,0,0,0,0	2,2,2,2,2	2,2,2,2,2	0,1,2,4,8	table_five-chain-k2-qn_three.tsv	qn_three
five-chain-k2-cached_all	1,2,3,4,5	1,2,3,4,5	0,0,0,0,0	2,2,2,2,2	2,2,2,2,2	0,1,2,4,8	table_five-chain-k2-cached_all.tsv	cached_all
five-chain-k2-protected_all	1,2,3,4,5	1,2,3,4,5	0,0,0,0,0	2,2,2,2,2	2,2,2,2,2	0,1,2,4,8	table_five-chain-k2-protected_all.tsv	protected_all
five-branch-k0-scalar_three	1,2,3,4,5	1,2,3,4,5	0,0,0,0,0	0,0,0,0,0	0,0,0,0,0	0,1,1,2,4	table_five-branch-k0-scalar_three.tsv	scalar_three
five-branch-k0-scalar_two_protect	1,2,3,4,5	1,2,3,4,5	0,0,0,0,0	0,0,0,0,0	0,0,0,0,0	0,1,1,2,4	table_five-branch-k0-scalar_two_protect.tsv	scalar_two_protect
five-branch-k0-scalar_two_fast	1,2,3,4,5	1,2,3,4,5	0,0,0,0,0	0,0,0,0,0	0,0,0,0,0	0,1,1,2,4	table_five-branch-k0-scalar_two_fast.tsv	scalar_two_fast
five-branch-k0-qn_three	1,2,3,4,5	1,2,3,4,5	0,0,0,0,0	0,0,0,0,0	0,0,0,0,0	0,1,1,2,4	table_five-branch-k0-qn_three.tsv	qn_three
five-branch-k0-cached_all	1,2,3,4,5	1,2,3,4,5	0,0,0,0,0	0,0,0,0,0	0,0,0,0,0	0,1,1,2,4	table_five-branch-k0-cached_all.tsv	cached_all
five-branch-k0-protected_all	1,2,3,4,5	1,2,3,4,5	0,0,0,0,0	0,0,0,0,0	0,0,0,0,0	0,1,1,2,4	table_five-branch-k0-protected_all.tsv	protected_all
five-branch-k2-scalar_three	1,2,3,4,5	1,2,3,4,5	0,0,0,0,0	2,2,2,2,2	2,2,2,2,2	0,1,1,2,4	table_five-branch-k2-scalar_three.tsv	scalar_three
five-branch-k2-scalar_two_protect	1,2,3,4,5	1,2,3,4,5	0,0,0,0,0	2,2,2,2,2	2,2,2,2,2	0,1,1,2,4	table_five-branch-k2-scalar_two_protect.tsv	scalar_two_protect
five-branch-k2-scalar_two_fast	1,2,3,4,5	1,2,3,4,5	0,0,0,0,0	2,2,2,2,2	2,2,2,2,2	0,1,1,2,4	table_five-branch-k2-scalar_two_fast.tsv	scalar_two_fast
five-branch-k2-qn_three	1,2,3,4,5	1,2,3,4,5	0,0,0,0,0	2,2,2,2,2	2,2,2,2,2	0,1,1,2,4	table_five-branch-k2-qn_three.tsv	qn_three
five-branch-k2-cached_all	1,2,3,4,5	1,2,3,4,5	0,0,0,0,0	2,2,2,2,2	2,2,2,2,2	0,1,1,2,4	table_five-branch-k2-cached_all.tsv	cached_all
five-branch-k2-protected_all	1,2,3,4,5	1,2,3,4,5	0,0,0,0,0	2,2,2,2,2	2,2,2,2,2	0,1,1,2,4	table_five-branch-k2-protected_all.tsv	protected_all
five-decreasing-chain-k0-scalar_three	5,4,3,2,1	5,4,3,2,1	0,0,0,0,0	0,0,0,0,0	0,0,0,0,0	0,1,2,4,8	table_five-decreasing-chain-k0-scalar_three.tsv	scalar_three
five-decreasing-chain-k0-scalar_two_protect	5,4,3,2,1	5,4,3,2,1	0,0,0,0,0	0,0,0,0,0	0,0,0,0,0	0,1,2,4,8	table_five-decreasing-chain-k0-scalar_two_protect.tsv	scalar_two_protect
five-decreasing-chain-k0-scalar_two_fast	5,4,3,2,1	5,4,3,2,1	0,0,0,0,0	0,0,0,0,0	0,0,0,0,0	0,1,2,4,8	table_five-decreasing-chain-k0-scalar_two_fast.tsv	scalar_two_fast
five-decreasing-chain-k0-qn_three	5,4,3,2,1	5,4,3,2,1	0,0,0,0,0	0,0,0,0,0	0,0,0,0,0	0,1,2,4,8	table_five-decreasing-chain-k0-qn_three.tsv	qn_three
five-decreasing-chain-k0-cached_all	5,4,3,2,1	5,4,3,2,1	0,0,0,0,0	0,0,0,0,0	0,0,0,0,0	0,1,2,4,8	table_five-decreasing-chain-k0-cached_all.tsv	cached_all
five-decreasing-chain-k0-protected_all	5,4,3,2,1	5,4,3,2,1	0,0,0,0,0	0,0,0,0,0	0,0,0,0,0	0,1,2,4,8	table_five-decreasing-chain-k0-protected_all.tsv	protected_all
five-decreasing-chain-k2-scalar_three	5,4,3,2,1	5,4,3,2,1	0,0,0,0,0	2,2,2,2,2	2,2,2,2,2	0,1,2,4,8	table_five-decreasing-chain-k2-scalar_three.tsv	scalar_three
five-decreasing-chain-k2-scalar_two_protect	5,4,3,2,1	5,4,3,2,1	0,0,0,0,0	2,2,2,2,2	2,2,2,2,2	0,1,2,4,8	table_five-decreasing-chain-k2-scalar_two_protect.tsv	scalar_two_protect
five-decreasing-chain-k2-scalar_two_fast	5,4,3,2,1	5,4,3,2,1	0,0,0,0,0	2,2,2,2,2	2,2,2,2,2	0,1,2,4,8	table_five-decreasing-chain-k2-scalar_two_fast.tsv	scalar_two_fast
five-decreasing-chain-k2-qn_three	5,4,3,2,1	5,4,3,2,1	0,0,0,0,0	2,2,2,2,2	2,2,2,2,2	0,1,2,4,8	table_five-decreasing-chain-k2-qn_three.tsv	qn_three
five-decreasing-chain-k2-cached_all	5,4,3,2,1	5,4,3,2,1	0,0,0,0,0	2,2,2,2,2	2,2,2,2,2	0,1,2,4,8	table_five-decreasing-chain-k2-cached_all.tsv	cached_all
five-decreasing-chain-k2-protected_all	5,4,3,2,1	5,4,3,2,1	0,0,0,0,0	2,2,2,2,2	2,2,2,2,2	0,1,2,4,8	table_five-decreasing-chain-k2-protected_all.tsv	protected_all
